year,basin_index,class_id,count
1910,0,0,12320
1910,0,1,218
1910,0,3,77
1910,0,4,8055
1910,0,5,3970
1910,1,0,5187
1910,1,1,37
1910,1,4,1915
1910,1,5,3235
1910,2,0,6663
1910,2,1,59
1910,2,3,8
1910,2,4,5525
1910,2,5,1071
1910,3,0,98
1910,3,1,4
1910,3,3,1
1910,3,4,76
1910,3,5,17
1910,4,0,5859
1910,4,1,54
1910,4,3,126
1910,4,4,3343
1910,4,5,2336
1910,5,0,2512
1910,5,1,173
1910,5,3,2
1910,5,4,1323
1910,5,5,1014
1910,6,0,3927
1910,6,1,122
1910,6,3,2
1910,6,4,1155
1910,6,5,2648
1910,7,0,4217
1910,7,1,24
1910,7,3,3
1910,7,4,2558
1910,7,5,1632
1910,8,0,1419
1910,8,1,24
1910,8,3,45
1910,8,4,1101
1910,8,5,249
1910,9,0,9669
1910,9,1,160
1910,9,3,10
1910,9,4,6895
1910,9,5,2604
1910,10,0,7395
1910,10,1,43
1910,10,3,15
1910,10,4,5176
1910,10,5,2161
1910,11,0,2807
1910,11,4,2070
1910,11,5,737
1910,12,0,5713
1910,12,1,19
1910,12,3,9
1910,12,4,4046
1910,12,5,1639
1910,13,0,8770
1910,13,1,6
1910,13,3,24
1910,13,4,7047
1910,13,5,1693
1910,14,0,1068
1910,14,3,1
1910,14,4,995
1910,14,5,72
1910,15,0,2505
1910,15,4,2318
1910,15,5,187
1910,16,0,539
1910,16,1,3
1910,16,3,1
1910,16,4,384
1910,16,5,151
1910,17,0,7649
1910,17,1,42
1910,17,3,29
1910,17,4,6330
1910,17,5,1248
1910,18,0,2689
1910,18,1,5
1910,18,3,2
1910,18,4,1629
1910,18,5,1053
1911,0,0,12320
1911,0,1,218
1911,0,3,74
1911,0,4,8062
1911,0,5,3966
1911,1,0,5187
1911,1,1,37
1911,1,4,1910
1911,1,5,3240
1911,2,0,6663
1911,2,1,59
1911,2,3,7
1911,2,4,5520
1911,2,5,1077
1911,3,0,98
1911,3,1,4
1911,3,3,1
1911,3,4,76
1911,3,5,17
1911,4,0,5859
1911,4,1,54
1911,4,3,129
1911,4,4,3319
1911,4,5,2357
1911,5,0,2512
1911,5,1,173
1911,5,3,2
1911,5,4,1320
1911,5,5,1017
1911,6,0,3927
1911,6,1,122
1911,6,3,2
1911,6,4,1142
1911,6,5,2661
1911,7,0,4217
1911,7,1,24
1911,7,3,3
1911,7,4,2551
1911,7,5,1639
1911,8,0,1419
1911,8,1,24
1911,8,3,40
1911,8,4,1096
1911,8,5,259
1911,9,0,9669
1911,9,1,160
1911,9,3,10
1911,9,4,6903
1911,9,5,2596
1911,10,0,7395
1911,10,1,43
1911,10,3,15
1911,10,4,5159
1911,10,5,2178
1911,11,0,2807
1911,11,4,2077
1911,11,5,730
1911,12,0,5713
1911,12,1,19
1911,12,3,10
1911,12,4,4060
1911,12,5,1624
1911,13,0,8770
1911,13,1,6
1911,13,3,33
1911,13,4,7039
1911,13,5,1692
1911,14,0,1069
1911,14,3,1
1911,14,4,1000
1911,14,5,68
1911,15,0,2505
1911,15,4,2314
1911,15,5,191
1911,16,0,539
1911,16,1,3
1911,16,3,1
1911,16,4,388
1911,16,5,147
1911,17,0,7649
1911,17,1,42
1911,17,3,28
1911,17,4,6336
1911,17,5,1243
1911,18,0,2688
1911,18,1,5
1911,18,3,2
1911,18,4,1640
1911,18,5,1041
1912,0,0,12320
1912,0,1,218
1912,0,3,77
1912,0,4,8072
1912,0,5,3953
1912,1,0,5187
1912,1,1,37
1912,1,4,1900
1912,1,5,3250
1912,2,0,6663
1912,2,1,59
1912,2,3,8
1912,2,4,5529
1912,2,5,1067
1912,3,0,98
1912,3,1,4
1912,3,3,1
1912,3,4,76
1912,3,5,17
1912,4,0,5859
1912,4,1,54
1912,4,3,126
1912,4,4,3314
1912,4,5,2365
1912,5,0,2512
1912,5,1,173
1912,5,3,2
1912,5,4,1320
1912,5,5,1017
1912,6,0,3927
1912,6,1,122
1912,6,3,2
1912,6,4,1141
1912,6,5,2662
1912,7,0,4217
1912,7,1,24
1912,7,3,3
1912,7,4,2566
1912,7,5,1624
1912,8,0,1419
1912,8,1,24
1912,8,3,45
1912,8,4,1101
1912,8,5,249
1912,9,0,9669
1912,9,1,160
1912,9,3,10
1912,9,4,6888
1912,9,5,2611
1912,10,0,7395
1912,10,1,43
1912,10,3,15
1912,10,4,5177
1912,10,5,2160
1912,11,0,2807
1912,11,4,2074
1912,11,5,733
1912,12,0,5713
1912,12,1,19
1912,12,3,10
1912,12,4,4057
1912,12,5,1627
1912,13,0,8770
1912,13,1,6
1912,13,3,24
1912,13,4,7041
1912,13,5,1699
1912,14,0,1068
1912,14,3,1
1912,14,4,998
1912,14,5,69
1912,15,0,2505
1912,15,4,2317
1912,15,5,188
1912,16,0,539
1912,16,1,3
1912,16,3,1
1912,16,4,386
1912,16,5,149
1912,17,0,7649
1912,17,1,42
1912,17,3,27
1912,17,4,6341
1912,17,5,1239
1912,18,0,2689
1912,18,1,5
1912,18,3,2
1912,18,4,1640
1912,18,5,1042
1913,0,0,12320
1913,0,1,218
1913,0,3,73
1913,0,4,8070
1913,0,5,3959
1913,1,0,5187
1913,1,1,37
1913,1,4,1907
1913,1,5,3243
1913,2,0,6663
1913,2,1,59
1913,2,3,7
1913,2,4,5519
1913,2,5,1078
1913,3,0,98
1913,3,1,4
1913,3,3,1
1913,3,4,77
1913,3,5,16
1913,4,0,5859
1913,4,1,54
1913,4,3,127
1913,4,4,3321
1913,4,5,2357
1913,5,0,2512
1913,5,1,173
1913,5,3,2
1913,5,4,1317
1913,5,5,1020
1913,6,0,3927
1913,6,1,122
1913,6,3,2
1913,6,4,1143
1913,6,5,2660
1913,7,0,4217
1913,7,1,24
1913,7,3,3
1913,7,4,2551
1913,7,5,1639
1913,8,0,1419
1913,8,1,24
1913,8,3,40
1913,8,4,1097
1913,8,5,258
1913,9,0,9669
1913,9,1,160
1913,9,3,10
1913,9,4,6909
1913,9,5,2590
1913,10,0,7395
1913,10,1,43
1913,10,3,15
1913,10,4,5171
1913,10,5,2166
1913,11,0,2807
1913,11,4,2089
1913,11,5,718
1913,12,0,5713
1913,12,1,19
1913,12,3,10
1913,12,4,4055
1913,12,5,1629
1913,13,0,8770
1913,13,1,6
1913,13,3,31
1913,13,4,7037
1913,13,5,1696
1913,14,0,1069
1913,14,3,1
1913,14,4,1008
1913,14,5,60
1913,15,0,2505
1913,15,4,2316
1913,15,5,189
1913,16,0,539
1913,16,1,3
1913,16,3,1
1913,16,4,384
1913,16,5,151
1913,17,0,7649
1913,17,1,42
1913,17,3,28
1913,17,4,6332
1913,17,5,1247
1913,18,0,2688
1913,18,1,5
1913,18,3,2
1913,18,4,1638
1913,18,5,1043
1914,0,0,12320
1914,0,1,218
1914,0,3,74
1914,0,4,8097
1914,0,5,3931
1914,1,0,5187
1914,1,1,37
1914,1,4,1890
1914,1,5,3260
1914,2,0,6663
1914,2,1,59
1914,2,3,8
1914,2,4,5535
1914,2,5,1061
1914,3,0,98
1914,3,1,4
1914,3,3,1
1914,3,4,77
1914,3,5,16
1914,4,0,5859
1914,4,1,54
1914,4,3,128
1914,4,4,3303
1914,4,5,2374
1914,5,0,2512
1914,5,1,173
1914,5,3,2
1914,5,4,1317
1914,5,5,1020
1914,6,0,3927
1914,6,1,122
1914,6,3,2
1914,6,4,1137
1914,6,5,2666
1914,7,0,4217
1914,7,1,24
1914,7,3,3
1914,7,4,2561
1914,7,5,1629
1914,8,0,1419
1914,8,1,24
1914,8,3,45
1914,8,4,1099
1914,8,5,251
1914,9,0,9669
1914,9,1,160
1914,9,3,10
1914,9,4,6905
1914,9,5,2594
1914,10,0,7395
1914,10,1,43
1914,10,3,15
1914,10,4,5170
1914,10,5,2167
1914,11,0,2807
1914,11,4,2079
1914,11,5,728
1914,12,0,5713
1914,12,1,19
1914,12,3,10
1914,12,4,4062
1914,12,5,1622
1914,13,0,8770
1914,13,1,6
1914,13,3,25
1914,13,4,7046
1914,13,5,1693
1914,14,0,1068
1914,14,3,1
1914,14,4,998
1914,14,5,69
1914,15,0,2505
1914,15,4,2315
1914,15,5,190
1914,16,0,539
1914,16,1,3
1914,16,3,1
1914,16,4,384
1914,16,5,151
1914,17,0,7649
1914,17,1,42
1914,17,3,27
1914,17,4,6337
1914,17,5,1243
1914,18,0,2689
1914,18,1,5
1914,18,3,2
1914,18,4,1621
1914,18,5,1061
1915,0,0,12320
1915,0,1,218
1915,0,3,71
1915,0,4,8080
1915,0,5,3951
1915,1,0,5187
1915,1,1,37
1915,1,4,1901
1915,1,5,3249
1915,2,0,6663
1915,2,1,59
1915,2,3,7
1915,2,4,5523
1915,2,5,1074
1915,3,0,98
1915,3,1,4
1915,3,3,1
1915,3,4,76
1915,3,5,17
1915,4,0,5859
1915,4,1,54
1915,4,3,129
1915,4,4,3291
1915,4,5,2385
1915,5,0,2512
1915,5,1,173
1915,5,3,2
1915,5,4,1318
1915,5,5,1019
1915,6,0,3927
1915,6,1,122
1915,6,3,2
1915,6,4,1130
1915,6,5,2673
1915,7,0,4217
1915,7,1,24
1915,7,3,3
1915,7,4,2558
1915,7,5,1632
1915,8,0,1419
1915,8,1,24
1915,8,3,40
1915,8,4,1095
1915,8,5,260
1915,9,0,9669
1915,9,1,160
1915,9,3,10
1915,9,4,6927
1915,9,5,2572
1915,10,0,7395
1915,10,1,43
1915,10,3,15
1915,10,4,5170
1915,10,5,2167
1915,11,0,2807
1915,11,4,2088
1915,11,5,719
1915,12,0,5713
1915,12,1,19
1915,12,3,10
1915,12,4,4078
1915,12,5,1606
1915,13,0,8770
1915,13,1,6
1915,13,3,31
1915,13,4,7028
1915,13,5,1705
1915,14,0,1069
1915,14,3,1
1915,14,4,1005
1915,14,5,63
1915,15,0,2505
1915,15,4,2318
1915,15,5,187
1915,16,0,539
1915,16,1,3
1915,16,3,1
1915,16,4,384
1915,16,5,151
1915,17,0,7649
1915,17,1,42
1915,17,3,28
1915,17,4,6329
1915,17,5,1250
1915,18,0,2688
1915,18,1,5
1915,18,3,2
1915,18,4,1638
1915,18,5,1043
1916,0,0,12320
1916,0,1,218
1916,0,3,71
1916,0,4,8090
1916,0,5,3941
1916,1,0,5187
1916,1,1,37
1916,1,4,1873
1916,1,5,3277
1916,2,0,6663
1916,2,1,59
1916,2,3,8
1916,2,4,5536
1916,2,5,1060
1916,3,0,98
1916,3,1,4
1916,3,3,1
1916,3,4,76
1916,3,5,17
1916,4,0,5859
1916,4,1,54
1916,4,3,128
1916,4,4,3298
1916,4,5,2379
1916,5,0,2512
1916,5,1,173
1916,5,3,2
1916,5,4,1314
1916,5,5,1023
1916,6,0,3927
1916,6,1,122
1916,6,3,2
1916,6,4,1127
1916,6,5,2676
1916,7,0,4217
1916,7,1,24
1916,7,3,3
1916,7,4,2585
1916,7,5,1605
1916,8,0,1419
1916,8,1,24
1916,8,3,45
1916,8,4,1101
1916,8,5,249
1916,9,0,9669
1916,9,1,160
1916,9,3,10
1916,9,4,6900
1916,9,5,2599
1916,10,0,7395
1916,10,1,43
1916,10,3,15
1916,10,4,5174
1916,10,5,2163
1916,11,0,2807
1916,11,4,2084
1916,11,5,723
1916,12,0,5713
1916,12,1,19
1916,12,3,10
1916,12,4,4062
1916,12,5,1622
1916,13,0,8770
1916,13,1,6
1916,13,3,27
1916,13,4,7032
1916,13,5,1705
1916,14,0,1068
1916,14,3,1
1916,14,4,1000
1916,14,5,67
1916,15,0,2505
1916,15,4,2314
1916,15,5,191
1916,16,0,539
1916,16,1,3
1916,16,3,1
1916,16,4,384
1916,16,5,151
1916,17,0,7649
1916,17,1,42
1916,17,3,27
1916,17,4,6328
1916,17,5,1252
1916,18,0,2689
1916,18,1,5
1916,18,3,2
1916,18,4,1633
1916,18,5,1049
1917,0,0,12320
1917,0,1,218
1917,0,3,70
1917,0,4,8063
1917,0,5,3969
1917,1,0,5187
1917,1,1,37
1917,1,4,1901
1917,1,5,3249
1917,2,0,6663
1917,2,1,59
1917,2,3,7
1917,2,4,5527
1917,2,5,1070
1917,3,0,98
1917,3,1,4
1917,3,3,1
1917,3,4,76
1917,3,5,17
1917,4,0,5859
1917,4,1,54
1917,4,3,129
1917,4,4,3261
1917,4,5,2415
1917,5,0,2512
1917,5,1,173
1917,5,3,2
1917,5,4,1329
1917,5,5,1008
1917,6,0,3927
1917,6,1,122
1917,6,3,2
1917,6,4,1120
1917,6,5,2683
1917,7,0,4217
1917,7,1,24
1917,7,3,3
1917,7,4,2565
1917,7,5,1625
1917,8,0,1419
1917,8,1,24
1917,8,3,40
1917,8,4,1102
1917,8,5,253
1917,9,0,9669
1917,9,1,160
1917,9,3,10
1917,9,4,6914
1917,9,5,2585
1917,10,0,7395
1917,10,1,43
1917,10,3,15
1917,10,4,5175
1917,10,5,2162
1917,11,0,2807
1917,11,4,2096
1917,11,5,711
1917,12,0,5713
1917,12,1,19
1917,12,3,10
1917,12,4,4082
1917,12,5,1602
1917,13,0,8770
1917,13,1,6
1917,13,3,33
1917,13,4,7032
1917,13,5,1699
1917,14,0,1069
1917,14,3,1
1917,14,4,1006
1917,14,5,62
1917,15,0,2505
1917,15,4,2314
1917,15,5,191
1917,16,0,539
1917,16,1,3
1917,16,3,1
1917,16,4,384
1917,16,5,151
1917,17,0,7649
1917,17,1,42
1917,17,3,28
1917,17,4,6325
1917,17,5,1254
1917,18,0,2688
1917,18,1,5
1917,18,3,2
1917,18,4,1645
1917,18,5,1036
1918,0,0,12320
1918,0,1,218
1918,0,3,71
1918,0,4,8067
1918,0,5,3964
1918,1,0,5187
1918,1,1,37
1918,1,4,1872
1918,1,5,3278
1918,2,0,6663
1918,2,1,59
1918,2,3,8
1918,2,4,5546
1918,2,5,1050
1918,3,0,98
1918,3,1,4
1918,3,3,1
1918,3,4,76
1918,3,5,17
1918,4,0,5859
1918,4,1,54
1918,4,3,126
1918,4,4,3279
1918,4,5,2400
1918,5,0,2512
1918,5,1,173
1918,5,3,2
1918,5,4,1311
1918,5,5,1026
1918,6,0,3927
1918,6,1,122
1918,6,3,2
1918,6,4,1113
1918,6,5,2690
1918,7,0,4217
1918,7,1,24
1918,7,3,3
1918,7,4,2579
1918,7,5,1611
1918,8,0,1419
1918,8,1,24
1918,8,3,45
1918,8,4,1101
1918,8,5,249
1918,9,0,9669
1918,9,1,160
1918,9,3,10
1918,9,4,6922
1918,9,5,2577
1918,10,0,7395
1918,10,1,43
1918,10,3,15
1918,10,4,5165
1918,10,5,2172
1918,11,0,2807
1918,11,4,2084
1918,11,5,723
1918,12,0,5713
1918,12,1,19
1918,12,3,10
1918,12,4,4091
1918,12,5,1593
1918,13,0,8770
1918,13,1,6
1918,13,3,29
1918,13,4,7031
1918,13,5,1704
1918,14,0,1069
1918,14,3,1
1918,14,4,1002
1918,14,5,66
1918,15,0,2505
1918,15,4,2315
1918,15,5,190
1918,16,0,539
1918,16,1,3
1918,16,3,1
1918,16,4,384
1918,16,5,151
1918,17,0,7649
1918,17,1,42
1918,17,3,27
1918,17,4,6325
1918,17,5,1255
1918,18,0,2689
1918,18,1,5
1918,18,3,2
1918,18,4,1628
1918,18,5,1054
1919,0,0,12320
1919,0,1,218
1919,0,3,70
1919,0,4,8072
1919,0,5,3960
1919,1,0,5187
1919,1,1,37
1919,1,4,1885
1919,1,5,3265
1919,2,0,6663
1919,2,1,59
1919,2,3,7
1919,2,4,5529
1919,2,5,1068
1919,3,0,98
1919,3,1,4
1919,3,3,1
1919,3,4,76
1919,3,5,17
1919,4,0,5859
1919,4,1,54
1919,4,3,126
1919,4,4,3268
1919,4,5,2411
1919,5,0,2512
1919,5,1,173
1919,5,3,2
1919,5,4,1320
1919,5,5,1017
1919,6,0,3927
1919,6,1,122
1919,6,3,2
1919,6,4,1114
1919,6,5,2689
1919,7,0,4217
1919,7,1,24
1919,7,3,3
1919,7,4,2562
1919,7,5,1628
1919,8,0,1419
1919,8,1,24
1919,8,3,42
1919,8,4,1093
1919,8,5,260
1919,9,0,9669
1919,9,1,160
1919,9,3,10
1919,9,4,6917
1919,9,5,2582
1919,10,0,7395
1919,10,1,43
1919,10,3,15
1919,10,4,5175
1919,10,5,2162
1919,11,0,2807
1919,11,4,2097
1919,11,5,710
1919,12,0,5713
1919,12,1,19
1919,12,3,10
1919,12,4,4090
1919,12,5,1594
1919,13,0,8770
1919,13,1,6
1919,13,3,31
1919,13,4,7031
1919,13,5,1702
1919,14,0,1069
1919,14,3,1
1919,14,4,1006
1919,14,5,62
1919,15,0,2505
1919,15,4,2316
1919,15,5,189
1919,16,0,539
1919,16,1,3
1919,16,3,1
1919,16,4,386
1919,16,5,149
1919,17,0,7649
1919,17,1,42
1919,17,3,28
1919,17,4,6323
1919,17,5,1256
1919,18,0,2688
1919,18,1,5
1919,18,3,2
1919,18,4,1639
1919,18,5,1042
1920,0,0,12320
1920,0,1,218
1920,0,3,69
1920,0,4,8025
1920,0,5,4008
1920,1,0,5187
1920,1,1,37
1920,1,4,1861
1920,1,5,3289
1920,2,0,6663
1920,2,1,59
1920,2,3,8
1920,2,4,5538
1920,2,5,1058
1920,3,0,98
1920,3,1,4
1920,3,3,1
1920,3,4,76
1920,3,5,17
1920,4,0,5859
1920,4,1,54
1920,4,3,124
1920,4,4,3272
1920,4,5,2409
1920,5,0,2512
1920,5,1,173
1920,5,3,2
1920,5,4,1321
1920,5,5,1016
1920,6,0,3927
1920,6,1,122
1920,6,3,2
1920,6,4,1110
1920,6,5,2693
1920,7,0,4217
1920,7,1,24
1920,7,3,3
1920,7,4,2578
1920,7,5,1612
1920,8,0,1419
1920,8,1,24
1920,8,3,47
1920,8,4,1097
1920,8,5,251
1920,9,0,9669
1920,9,1,160
1920,9,3,10
1920,9,4,6935
1920,9,5,2564
1920,10,0,7395
1920,10,1,43
1920,10,3,15
1920,10,4,5173
1920,10,5,2164
1920,11,0,2807
1920,11,4,2089
1920,11,5,718
1920,12,0,5713
1920,12,1,19
1920,12,3,10
1920,12,4,4076
1920,12,5,1608
1920,13,0,8770
1920,13,1,6
1920,13,3,28
1920,13,4,7031
1920,13,5,1705
1920,14,0,1069
1920,14,3,1
1920,14,4,999
1920,14,5,69
1920,15,0,2505
1920,15,4,2311
1920,15,5,194
1920,16,0,539
1920,16,1,3
1920,16,3,1
1920,16,4,385
1920,16,5,150
1920,17,0,7649
1920,17,1,42
1920,17,3,27
1920,17,4,6313
1920,17,5,1267
1920,18,0,2689
1920,18,1,5
1920,18,3,2
1920,18,4,1637
1920,18,5,1045
1921,0,0,12320
1921,0,1,218
1921,0,3,69
1921,0,4,8056
1921,0,5,3977
1921,1,0,5187
1921,1,1,37
1921,1,4,1857
1921,1,5,3293
1921,2,0,6663
1921,2,1,59
1921,2,3,7
1921,2,4,5524
1921,2,5,1073
1921,3,0,98
1921,3,1,4
1921,3,3,1
1921,3,4,76
1921,3,5,17
1921,4,0,5859
1921,4,1,54
1921,4,3,128
1921,4,4,3259
1921,4,5,2418
1921,5,0,2512
1921,5,1,173
1921,5,3,2
1921,5,4,1313
1921,5,5,1024
1921,6,0,3927
1921,6,1,122
1921,6,3,2
1921,6,4,1098
1921,6,5,2705
1921,7,0,4217
1921,7,1,24
1921,7,3,3
1921,7,4,2564
1921,7,5,1626
1921,8,0,1419
1921,8,1,24
1921,8,3,43
1921,8,4,1096
1921,8,5,256
1921,9,0,9669
1921,9,1,160
1921,9,3,10
1921,9,4,6931
1921,9,5,2568
1921,10,0,7395
1921,10,1,43
1921,10,3,15
1921,10,4,5163
1921,10,5,2174
1921,11,0,2807
1921,11,4,2095
1921,11,5,712
1921,12,0,5713
1921,12,1,19
1921,12,3,10
1921,12,4,4104
1921,12,5,1580
1921,13,0,8770
1921,13,1,6
1921,13,3,32
1921,13,4,7019
1921,13,5,1713
1921,14,0,1069
1921,14,3,1
1921,14,4,1007
1921,14,5,61
1921,15,0,2505
1921,15,4,2319
1921,15,5,186
1921,16,0,539
1921,16,1,3
1921,16,3,1
1921,16,4,385
1921,16,5,150
1921,17,0,7649
1921,17,1,42
1921,17,3,28
1921,17,4,6316
1921,17,5,1263
1921,18,0,2689
1921,18,1,5
1921,18,3,2
1921,18,4,1636
1921,18,5,1046
1922,0,0,12320
1922,0,1,218
1922,0,3,66
1922,0,4,8026
1922,0,5,4010
1922,1,0,5187
1922,1,1,37
1922,1,4,1852
1922,1,5,3298
1922,2,0,6663
1922,2,1,59
1922,2,3,8
1922,2,4,5538
1922,2,5,1058
1922,3,0,98
1922,3,1,4
1922,3,3,1
1922,3,4,76
1922,3,5,17
1922,4,0,5859
1922,4,1,54
1922,4,3,126
1922,4,4,3242
1922,4,5,2437
1922,5,0,2512
1922,5,1,173
1922,5,3,2
1922,5,4,1308
1922,5,5,1029
1922,6,0,3927
1922,6,1,122
1922,6,3,2
1922,6,4,1098
1922,6,5,2705
1922,7,0,4217
1922,7,1,24
1922,7,3,3
1922,7,4,2571
1922,7,5,1619
1922,8,0,1419
1922,8,1,24
1922,8,3,47
1922,8,4,1096
1922,8,5,252
1922,9,0,9669
1922,9,1,160
1922,9,3,10
1922,9,4,6925
1922,9,5,2574
1922,10,0,7395
1922,10,1,43
1922,10,3,15
1922,10,4,5171
1922,10,5,2166
1922,11,0,2807
1922,11,4,2085
1922,11,5,722
1922,12,0,5713
1922,12,1,19
1922,12,3,10
1922,12,4,4094
1922,12,5,1590
1922,13,0,8770
1922,13,1,6
1922,13,3,28
1922,13,4,7031
1922,13,5,1705
1922,14,0,1069
1922,14,3,1
1922,14,4,1000
1922,14,5,68
1922,15,0,2505
1922,15,4,2313
1922,15,5,192
1922,16,0,539
1922,16,1,3
1922,16,3,1
1922,16,4,385
1922,16,5,150
1922,17,0,7649
1922,17,1,42
1922,17,3,28
1922,17,4,6314
1922,17,5,1265
1922,18,0,2689
1922,18,1,5
1922,18,3,2
1922,18,4,1625
1922,18,5,1057
1923,0,0,12320
1923,0,1,218
1923,0,3,69
1923,0,4,8029
1923,0,5,4004
1923,1,0,5187
1923,1,1,37
1923,1,4,1845
1923,1,5,3305
1923,2,0,6663
1923,2,1,59
1923,2,3,7
1923,2,4,5523
1923,2,5,1074
1923,3,0,98
1923,3,1,4
1923,3,3,1
1923,3,4,76
1923,3,5,17
1923,4,0,5859
1923,4,1,54
1923,4,3,126
1923,4,4,3223
1923,4,5,2456
1923,5,0,2512
1923,5,1,173
1923,5,3,2
1923,5,4,1302
1923,5,5,1035
1923,6,0,3927
1923,6,1,122
1923,6,3,2
1923,6,4,1100
1923,6,5,2703
1923,7,0,4217
1923,7,1,24
1923,7,3,3
1923,7,4,2563
1923,7,5,1627
1923,8,0,1419
1923,8,1,24
1923,8,3,43
1923,8,4,1089
1923,8,5,263
1923,9,0,9669
1923,9,1,160
1923,9,3,10
1923,9,4,6917
1923,9,5,2582
1923,10,0,7395
1923,10,1,43
1923,10,3,15
1923,10,4,5161
1923,10,5,2176
1923,11,0,2807
1923,11,4,2098
1923,11,5,709
1923,12,0,5713
1923,12,1,19
1923,12,3,10
1923,12,4,4112
1923,12,5,1572
1923,13,0,8770
1923,13,1,6
1923,13,3,34
1923,13,4,7018
1923,13,5,1712
1923,14,0,1069
1923,14,3,1
1923,14,4,1006
1923,14,5,62
1923,15,0,2505
1923,15,4,2311
1923,15,5,194
1923,16,0,539
1923,16,1,3
1923,16,3,1
1923,16,4,389
1923,16,5,146
1923,17,0,7649
1923,17,1,42
1923,17,3,29
1923,17,4,6309
1923,17,5,1269
1923,18,0,2689
1923,18,1,5
1923,18,3,2
1923,18,4,1637
1923,18,5,1045
1924,0,0,12320
1924,0,1,218
1924,0,3,70
1924,0,4,8021
1924,0,5,4011
1924,1,0,5187
1924,1,1,37
1924,1,4,1838
1924,1,5,3312
1924,2,0,6663
1924,2,1,59
1924,2,3,8
1924,2,4,5533
1924,2,5,1063
1924,3,0,98
1924,3,1,4
1924,3,3,1
1924,3,4,76
1924,3,5,17
1924,4,0,5859
1924,4,1,54
1924,4,3,122
1924,4,4,3206
1924,4,5,2477
1924,5,0,2512
1924,5,1,173
1924,5,3,2
1924,5,4,1296
1924,5,5,1041
1924,6,0,3927
1924,6,1,122
1924,6,3,2
1924,6,4,1103
1924,6,5,2700
1924,7,0,4217
1924,7,1,24
1924,7,3,3
1924,7,4,2567
1924,7,5,1623
1924,8,0,1419
1924,8,1,24
1924,8,3,48
1924,8,4,1093
1924,8,5,254
1924,9,0,9669
1924,9,1,160
1924,9,3,10
1924,9,4,6890
1924,9,5,2609
1924,10,0,7395
1924,10,1,43
1924,10,3,15
1924,10,4,5176
1924,10,5,2161
1924,11,0,2807
1924,11,4,2088
1924,11,5,719
1924,12,0,5713
1924,12,1,19
1924,12,3,10
1924,12,4,4090
1924,12,5,1594
1924,13,0,8770
1924,13,1,6
1924,13,3,30
1924,13,4,7011
1924,13,5,1723
1924,14,0,1069
1924,14,3,1
1924,14,4,1003
1924,14,5,65
1924,15,0,2505
1924,15,4,2312
1924,15,5,193
1924,16,0,539
1924,16,1,3
1924,16,3,1
1924,16,4,386
1924,16,5,149
1924,17,0,7649
1924,17,1,42
1924,17,3,27
1924,17,4,6314
1924,17,5,1266
1924,18,0,2689
1924,18,1,5
1924,18,3,2
1924,18,4,1635
1924,18,5,1047
1925,0,0,12320
1925,0,1,218
1925,0,3,67
1925,0,4,8025
1925,0,5,4010
1925,1,0,5187
1925,1,1,37
1925,1,4,1845
1925,1,5,3305
1925,2,0,6663
1925,2,1,59
1925,2,3,7
1925,2,4,5526
1925,2,5,1071
1925,3,0,98
1925,3,1,4
1925,3,3,1
1925,3,4,76
1925,3,5,17
1925,4,0,5859
1925,4,1,54
1925,4,3,124
1925,4,4,3205
1925,4,5,2476
1925,5,0,2512
1925,5,1,173
1925,5,3,2
1925,5,4,1295
1925,5,5,1042
1925,6,0,3927
1925,6,1,122
1925,6,3,2
1925,6,4,1106
1925,6,5,2697
1925,7,0,4217
1925,7,1,24
1925,7,3,3
1925,7,4,2555
1925,7,5,1635
1925,8,0,1419
1925,8,1,24
1925,8,3,44
1925,8,4,1090
1925,8,5,261
1925,9,0,9669
1925,9,1,160
1925,9,3,10
1925,9,4,6900
1925,9,5,2599
1925,10,0,7395
1925,10,1,43
1925,10,3,15
1925,10,4,5169
1925,10,5,2168
1925,11,0,2807
1925,11,4,2100
1925,11,5,707
1925,12,0,5713
1925,12,1,19
1925,12,3,10
1925,12,4,4100
1925,12,5,1584
1925,13,0,8770
1925,13,1,6
1925,13,3,34
1925,13,4,7011
1925,13,5,1719
1925,14,0,1069
1925,14,3,1
1925,14,4,1010
1925,14,5,58
1925,15,0,2505
1925,15,4,2311
1925,15,5,194
1925,16,0,539
1925,16,1,3
1925,16,3,1
1925,16,4,383
1925,16,5,152
1925,17,0,7649
1925,17,1,42
1925,17,3,28
1925,17,4,6306
1925,17,5,1273
1925,18,0,2689
1925,18,1,5
1925,18,3,2
1925,18,4,1630
1925,18,5,1052
1926,0,0,12320
1926,0,1,218
1926,0,3,65
1926,0,4,8034
1926,0,5,4003
1926,1,0,5187
1926,1,1,37
1926,1,4,1813
1926,1,5,3337
1926,2,0,6663
1926,2,1,59
1926,2,3,8
1926,2,4,5540
1926,2,5,1056
1926,3,0,98
1926,3,1,4
1926,3,3,1
1926,3,4,77
1926,3,5,16
1926,4,0,5859
1926,4,1,54
1926,4,3,126
1926,4,4,3194
1926,4,5,2485
1926,5,0,2512
1926,5,1,173
1926,5,3,2
1926,5,4,1291
1926,5,5,1046
1926,6,0,3927
1926,6,1,122
1926,6,3,2
1926,6,4,1095
1926,6,5,2708
1926,7,0,4217
1926,7,1,24
1926,7,3,3
1926,7,4,2554
1926,7,5,1636
1926,8,0,1419
1926,8,1,24
1926,8,3,48
1926,8,4,1091
1926,8,5,256
1926,9,0,9669
1926,9,1,160
1926,9,3,10
1926,9,4,6894
1926,9,5,2605
1926,10,0,7395
1926,10,1,43
1926,10,3,15
1926,10,4,5175
1926,10,5,2162
1926,11,0,2807
1926,11,4,2089
1926,11,5,718
1926,12,0,5713
1926,12,1,19
1926,12,3,10
1926,12,4,4096
1926,12,5,1588
1926,13,0,8770
1926,13,1,6
1926,13,3,30
1926,13,4,7015
1926,13,5,1719
1926,14,0,1069
1926,14,3,1
1926,14,4,1002
1926,14,5,66
1926,15,0,2505
1926,15,4,2309
1926,15,5,196
1926,16,0,539
1926,16,1,3
1926,16,3,1
1926,16,4,383
1926,16,5,152
1926,17,0,7649
1926,17,1,42
1926,17,3,27
1926,17,4,6308
1926,17,5,1272
1926,18,0,2689
1926,18,1,5
1926,18,3,2
1926,18,4,1619
1926,18,5,1063
1927,0,0,12320
1927,0,1,218
1927,0,3,68
1927,0,4,8014
1927,0,5,4020
1927,1,0,5187
1927,1,1,37
1927,1,4,1826
1927,1,5,3324
1927,2,0,6663
1927,2,1,59
1927,2,3,7
1927,2,4,5527
1927,2,5,1070
1927,3,0,98
1927,3,1,4
1927,3,3,1
1927,3,4,76
1927,3,5,17
1927,4,0,5859
1927,4,1,54
1927,4,3,125
1927,4,4,3178
1927,4,5,2502
1927,5,0,2512
1927,5,1,173
1927,5,3,2
1927,5,4,1290
1927,5,5,1047
1927,6,0,3927
1927,6,1,122
1927,6,3,2
1927,6,4,1091
1927,6,5,2712
1927,7,0,4217
1927,7,1,24
1927,7,3,3
1927,7,4,2551
1927,7,5,1639
1927,8,0,1419
1927,8,1,24
1927,8,3,44
1927,8,4,1088
1927,8,5,263
1927,9,0,9669
1927,9,1,160
1927,9,3,10
1927,9,4,6897
1927,9,5,2602
1927,10,0,7395
1927,10,1,43
1927,10,3,15
1927,10,4,5163
1927,10,5,2174
1927,11,0,2807
1927,11,4,2094
1927,11,5,713
1927,12,0,5713
1927,12,1,19
1927,12,3,10
1927,12,4,4125
1927,12,5,1559
1927,13,0,8770
1927,13,1,6
1927,13,3,32
1927,13,4,7000
1927,13,5,1732
1927,14,0,1069
1927,14,3,1
1927,14,4,1009
1927,14,5,59
1927,15,0,2505
1927,15,4,2312
1927,15,5,193
1927,16,0,539
1927,16,1,3
1927,16,3,1
1927,16,4,383
1927,16,5,152
1927,17,0,7649
1927,17,1,42
1927,17,3,28
1927,17,4,6299
1927,17,5,1280
1927,18,0,2689
1927,18,1,5
1927,18,3,2
1927,18,4,1631
1927,18,5,1051
1928,0,0,12320
1928,0,1,218
1928,0,3,68
1928,0,4,8024
1928,0,5,4010
1928,1,0,5187
1928,1,1,37
1928,1,4,1810
1928,1,5,3340
1928,2,0,6663
1928,2,1,59
1928,2,3,8
1928,2,4,5538
1928,2,5,1058
1928,3,0,98
1928,3,1,4
1928,3,3,1
1928,3,4,76
1928,3,5,17
1928,4,0,5859
1928,4,1,54
1928,4,3,123
1928,4,4,3191
1928,4,5,2491
1928,5,0,2512
1928,5,1,173
1928,5,3,2
1928,5,4,1284
1928,5,5,1053
1928,6,0,3927
1928,6,1,122
1928,6,3,2
1928,6,4,1091
1928,6,5,2712
1928,7,0,4217
1928,7,1,24
1928,7,3,3
1928,7,4,2575
1928,7,5,1615
1928,8,0,1419
1928,8,1,24
1928,8,3,48
1928,8,4,1092
1928,8,5,255
1928,9,0,9669
1928,9,1,160
1928,9,3,10
1928,9,4,6878
1928,9,5,2621
1928,10,0,7395
1928,10,1,43
1928,10,3,15
1928,10,4,5174
1928,10,5,2163
1928,11,0,2807
1928,11,4,2085
1928,11,5,722
1928,12,0,5713
1928,12,1,19
1928,12,3,10
1928,12,4,4100
1928,12,5,1584
1928,13,0,8770
1928,13,1,6
1928,13,3,30
1928,13,4,7002
1928,13,5,1732
1928,14,0,1069
1928,14,3,1
1928,14,4,1002
1928,14,5,66
1928,15,0,2505
1928,15,4,2308
1928,15,5,197
1928,16,0,539
1928,16,1,3
1928,16,3,1
1928,16,4,383
1928,16,5,152
1928,17,0,7649
1928,17,1,42
1928,17,3,27
1928,17,4,6305
1928,17,5,1275
1928,18,0,2689
1928,18,1,5
1928,18,3,2
1928,18,4,1628
1928,18,5,1054
1929,0,0,12320
1929,0,1,218
1929,0,3,67
1929,0,4,8001
1929,0,5,4034
1929,1,0,5187
1929,1,1,37
1929,1,4,1839
1929,1,5,3311
1929,2,0,6663
1929,2,1,59
1929,2,3,7
1929,2,4,5532
1929,2,5,1065
1929,3,0,98
1929,3,1,4
1929,3,3,1
1929,3,4,76
1929,3,5,17
1929,4,0,5859
1929,4,1,54
1929,4,3,126
1929,4,4,3160
1929,4,5,2519
1929,5,0,2512
1929,5,1,173
1929,5,3,2
1929,5,4,1299
1929,5,5,1038
1929,6,0,3927
1929,6,1,122
1929,6,3,2
1929,6,4,1089
1929,6,5,2714
1929,7,0,4217
1929,7,1,24
1929,7,3,3
1929,7,4,2550
1929,7,5,1640
1929,8,0,1419
1929,8,1,24
1929,8,3,44
1929,8,4,1095
1929,8,5,256
1929,9,0,9669
1929,9,1,160
1929,9,3,10
1929,9,4,6889
1929,9,5,2610
1929,10,0,7395
1929,10,1,43
1929,10,3,15
1929,10,4,5170
1929,10,5,2167
1929,11,0,2807
1929,11,4,2094
1929,11,5,713
1929,12,0,5713
1929,12,1,19
1929,12,3,10
1929,12,4,4126
1929,12,5,1558
1929,13,0,8770
1929,13,1,6
1929,13,3,34
1929,13,4,7000
1929,13,5,1730
1929,14,0,1069
1929,14,3,1
1929,14,4,1010
1929,14,5,58
1929,15,0,2505
1929,15,4,2309
1929,15,5,196
1929,16,0,539
1929,16,1,3
1929,16,3,1
1929,16,4,383
1929,16,5,152
1929,17,0,7649
1929,17,1,42
1929,17,3,28
1929,17,4,6297
1929,17,5,1282
1929,18,0,2689
1929,18,1,5
1929,18,3,2
1929,18,4,1629
1929,18,5,1053
1930,0,0,12320
1930,0,1,218
1930,0,3,67
1930,0,4,8018
1930,0,5,4017
1930,1,0,5187
1930,1,1,37
1930,1,4,1811
1930,1,5,3339
1930,2,0,6663
1930,2,1,59
1930,2,3,8
1930,2,4,5544
1930,2,5,1052
1930,3,0,98
1930,3,1,4
1930,3,3,1
1930,3,4,76
1930,3,5,17
1930,4,0,5859
1930,4,1,54
1930,4,3,128
1930,4,4,3165
1930,4,5,2512
1930,5,0,2512
1930,5,1,173
1930,5,3,2
1930,5,4,1280
1930,5,5,1057
1930,6,0,3927
1930,6,1,122
1930,6,3,2
1930,6,4,1081
1930,6,5,2722
1930,7,0,4217
1930,7,1,24
1930,7,3,3
1930,7,4,2570
1930,7,5,1620
1930,8,0,1419
1930,8,1,24
1930,8,3,48
1930,8,4,1087
1930,8,5,260
1930,9,0,9669
1930,9,1,160
1930,9,3,10
1930,9,4,6891
1930,9,5,2608
1930,10,0,7395
1930,10,1,43
1930,10,3,15
1930,10,4,5162
1930,10,5,2175
1930,11,0,2807
1930,11,4,2088
1930,11,5,719
1930,12,0,5713
1930,12,1,19
1930,12,3,10
1930,12,4,4126
1930,12,5,1558
1930,13,0,8770
1930,13,1,6
1930,13,3,30
1930,13,4,6998
1930,13,5,1736
1930,14,0,1069
1930,14,3,1
1930,14,4,1006
1930,14,5,62
1930,15,0,2505
1930,15,4,2306
1930,15,5,199
1930,16,0,539
1930,16,1,3
1930,16,3,1
1930,16,4,383
1930,16,5,152
1930,17,0,7649
1930,17,1,42
1930,17,3,27
1930,17,4,6299
1930,17,5,1281
1930,18,0,2689
1930,18,1,5
1930,18,3,2
1930,18,4,1615
1930,18,5,1067
1931,0,0,12320
1931,0,1,218
1931,0,3,66
1931,0,4,8030
1931,0,5,4006
1931,1,0,5187
1931,1,1,37
1931,1,4,1810
1931,1,5,3340
1931,2,0,6663
1931,2,1,59
1931,2,3,7
1931,2,4,5528
1931,2,5,1069
1931,3,0,98
1931,3,1,4
1931,3,3,1
1931,3,4,76
1931,3,5,17
1931,4,0,5859
1931,4,1,54
1931,4,3,131
1931,4,4,3153
1931,4,5,2521
1931,5,0,2512
1931,5,1,173
1931,5,3,2
1931,5,4,1286
1931,5,5,1051
1931,6,0,3927
1931,6,1,122
1931,6,3,2
1931,6,4,1092
1931,6,5,2711
1931,7,0,4217
1931,7,1,24
1931,7,3,3
1931,7,4,2552
1931,7,5,1638
1931,8,0,1419
1931,8,1,24
1931,8,3,44
1931,8,4,1083
1931,8,5,268
1931,9,0,9669
1931,9,1,160
1931,9,3,10
1931,9,4,6889
1931,9,5,2610
1931,10,0,7395
1931,10,1,43
1931,10,3,15
1931,10,4,5163
1931,10,5,2174
1931,11,0,2807
1931,11,4,2094
1931,11,5,713
1931,12,0,5713
1931,12,1,19
1931,12,3,10
1931,12,4,4124
1931,12,5,1560
1931,13,0,8770
1931,13,1,6
1931,13,3,34
1931,13,4,6990
1931,13,5,1740
1931,14,0,1069
1931,14,3,1
1931,14,4,1010
1931,14,5,58
1931,15,0,2505
1931,15,4,2310
1931,15,5,195
1931,16,0,539
1931,16,1,3
1931,16,3,1
1931,16,4,385
1931,16,5,150
1931,17,0,7649
1931,17,1,42
1931,17,3,28
1931,17,4,6295
1931,17,5,1284
1931,18,0,2689
1931,18,1,5
1931,18,3,2
1931,18,4,1619
1931,18,5,1063
1932,0,0,12320
1932,0,1,218
1932,0,3,71
1932,0,4,7981
1932,0,5,4050
1932,1,0,5187
1932,1,1,37
1932,1,4,1791
1932,1,5,3359
1932,2,0,6663
1932,2,1,59
1932,2,3,8
1932,2,4,5544
1932,2,5,1052
1932,3,0,98
1932,3,1,4
1932,3,3,1
1932,3,4,75
1932,3,5,18
1932,4,0,5859
1932,4,1,54
1932,4,3,130
1932,4,4,3173
1932,4,5,2502
1932,5,0,2512
1932,5,1,173
1932,5,3,2
1932,5,4,1285
1932,5,5,1052
1932,6,0,3927
1932,6,1,122
1932,6,3,2
1932,6,4,1093
1932,6,5,2710
1932,7,0,4217
1932,7,1,24
1932,7,3,3
1932,7,4,2573
1932,7,5,1617
1932,8,0,1419
1932,8,1,24
1932,8,3,48
1932,8,4,1087
1932,8,5,260
1932,9,0,9669
1932,9,1,160
1932,9,3,10
1932,9,4,6885
1932,9,5,2614
1932,10,0,7395
1932,10,1,43
1932,10,3,15
1932,10,4,5172
1932,10,5,2165
1932,11,0,2807
1932,11,4,2096
1932,11,5,711
1932,12,0,5713
1932,12,1,19
1932,12,3,10
1932,12,4,4115
1932,12,5,1569
1932,13,0,8770
1932,13,1,6
1932,13,3,30
1932,13,4,6993
1932,13,5,1741
1932,14,0,1069
1932,14,3,1
1932,14,4,1006
1932,14,5,62
1932,15,0,2505
1932,15,4,2306
1932,15,5,199
1932,16,0,539
1932,16,1,3
1932,16,3,1
1932,16,4,382
1932,16,5,153
1932,17,0,7649
1932,17,1,42
1932,17,3,27
1932,17,4,6291
1932,17,5,1289
1932,18,0,2689
1932,18,1,5
1932,18,3,2
1932,18,4,1614
1932,18,5,1068
1933,0,0,12320
1933,0,1,218
1933,0,3,68
1933,0,4,8019
1933,0,5,4015
1933,1,0,5187
1933,1,1,37
1933,1,4,1779
1933,1,5,3371
1933,2,0,6663
1933,2,1,59
1933,2,3,7
1933,2,4,5532
1933,2,5,1065
1933,3,0,98
1933,3,1,4
1933,3,3,1
1933,3,4,75
1933,3,5,18
1933,4,0,5859
1933,4,1,54
1933,4,3,136
1933,4,4,3154
1933,4,5,2515
1933,5,0,2512
1933,5,1,173
1933,5,3,2
1933,5,4,1285
1933,5,5,1052
1933,6,0,3927
1933,6,1,122
1933,6,3,2
1933,6,4,1081
1933,6,5,2722
1933,7,0,4217
1933,7,1,24
1933,7,3,3
1933,7,4,2561
1933,7,5,1629
1933,8,0,1419
1933,8,1,24
1933,8,3,44
1933,8,4,1085
1933,8,5,266
1933,9,0,9669
1933,9,1,160
1933,9,3,10
1933,9,4,6908
1933,9,5,2591
1933,10,0,7395
1933,10,1,43
1933,10,3,15
1933,10,4,5170
1933,10,5,2167
1933,11,0,2807
1933,11,4,2094
1933,11,5,713
1933,12,0,5713
1933,12,1,19
1933,12,3,10
1933,12,4,4144
1933,12,5,1540
1933,13,0,8770
1933,13,1,6
1933,13,3,34
1933,13,4,6981
1933,13,5,1749
1933,14,0,1069
1933,14,3,1
1933,14,4,1011
1933,14,5,57
1933,15,0,2505
1933,15,4,2316
1933,15,5,189
1933,16,0,539
1933,16,1,3
1933,16,3,1
1933,16,4,382
1933,16,5,153
1933,17,0,7649
1933,17,1,42
1933,17,3,28
1933,17,4,6299
1933,17,5,1280
1933,18,0,2689
1933,18,1,5
1933,18,3,2
1933,18,4,1621
1933,18,5,1061
1934,0,0,12320
1934,0,1,218
1934,0,3,71
1934,0,4,7999
1934,0,5,4032
1934,1,0,5187
1934,1,1,37
1934,1,4,1786
1934,1,5,3364
1934,2,0,6663
1934,2,1,59
1934,2,3,8
1934,2,4,5545
1934,2,5,1051
1934,3,0,98
1934,3,1,4
1934,3,3,1
1934,3,4,75
1934,3,5,18
1934,4,0,5859
1934,4,1,54
1934,4,3,134
1934,4,4,3155
1934,4,5,2516
1934,5,0,2512
1934,5,1,173
1934,5,3,2
1934,5,4,1288
1934,5,5,1049
1934,6,0,3927
1934,6,1,122
1934,6,3,2
1934,6,4,1076
1934,6,5,2727
1934,7,0,4217
1934,7,1,24
1934,7,3,3
1934,7,4,2565
1934,7,5,1625
1934,8,0,1419
1934,8,1,24
1934,8,3,47
1934,8,4,1083
1934,8,5,265
1934,9,0,9669
1934,9,1,160
1934,9,3,10
1934,9,4,6912
1934,9,5,2587
1934,10,0,7395
1934,10,1,43
1934,10,3,15
1934,10,4,5182
1934,10,5,2155
1934,11,0,2807
1934,11,4,2093
1934,11,5,714
1934,12,0,5713
1934,12,1,19
1934,12,3,10
1934,12,4,4133
1934,12,5,1551
1934,13,0,8770
1934,13,1,6
1934,13,3,30
1934,13,4,6990
1934,13,5,1744
1934,14,0,1069
1934,14,3,1
1934,14,4,1009
1934,14,5,59
1934,15,0,2505
1934,15,4,2310
1934,15,5,195
1934,16,0,539
1934,16,1,3
1934,16,3,1
1934,16,4,382
1934,16,5,153
1934,17,0,7649
1934,17,1,42
1934,17,3,27
1934,17,4,6296
1934,17,5,1284
1934,18,0,2689
1934,18,1,5
1934,18,3,2
1934,18,4,1612
1934,18,5,1070
1935,0,0,12320
1935,0,1,218
1935,0,3,68
1935,0,4,7994
1935,0,5,4040
1935,1,0,5187
1935,1,1,37
1935,1,4,1783
1935,1,5,3367
1935,2,0,6663
1935,2,1,59
1935,2,3,7
1935,2,4,5537
1935,2,5,1060
1935,3,0,98
1935,3,1,4
1935,3,3,1
1935,3,4,75
1935,3,5,18
1935,4,0,5859
1935,4,1,54
1935,4,3,139
1935,4,4,3150
1935,4,5,2516
1935,5,0,2512
1935,5,1,173
1935,5,3,2
1935,5,4,1293
1935,5,5,1044
1935,6,0,3927
1935,6,1,122
1935,6,3,2
1935,6,4,1077
1935,6,5,2726
1935,7,0,4217
1935,7,1,24
1935,7,3,3
1935,7,4,2560
1935,7,5,1630
1935,8,0,1419
1935,8,1,24
1935,8,3,44
1935,8,4,1080
1935,8,5,271
1935,9,0,9669
1935,9,1,160
1935,9,3,10
1935,9,4,6918
1935,9,5,2581
1935,10,0,7395
1935,10,1,43
1935,10,3,15
1935,10,4,5182
1935,10,5,2155
1935,11,0,2807
1935,11,4,2094
1935,11,5,713
1935,12,0,5713
1935,12,1,19
1935,12,3,10
1935,12,4,4154
1935,12,5,1530
1935,13,0,8770
1935,13,1,6
1935,13,3,34
1935,13,4,6988
1935,13,5,1742
1935,14,0,1069
1935,14,3,1
1935,14,4,1009
1935,14,5,59
1935,15,0,2505
1935,15,4,2309
1935,15,5,196
1935,16,0,539
1935,16,1,3
1935,16,3,1
1935,16,4,386
1935,16,5,149
1935,17,0,7649
1935,17,1,42
1935,17,3,28
1935,17,4,6296
1935,17,5,1283
1935,18,0,2689
1935,18,1,5
1935,18,3,2
1935,18,4,1621
1935,18,5,1061
1936,0,0,12320
1936,0,1,218
1936,0,3,72
1936,0,4,7987
1936,0,5,4043
1936,1,0,5187
1936,1,1,37
1936,1,4,1791
1936,1,5,3359
1936,2,0,6663
1936,2,1,59
1936,2,3,8
1936,2,4,5542
1936,2,5,1054
1936,3,0,98
1936,3,1,4
1936,3,3,1
1936,3,4,75
1936,3,5,18
1936,4,0,5859
1936,4,1,54
1936,4,3,136
1936,4,4,3135
1936,4,5,2534
1936,5,0,2512
1936,5,1,173
1936,5,3,2
1936,5,4,1292
1936,5,5,1045
1936,6,0,3927
1936,6,1,122
1936,6,3,2
1936,6,4,1081
1936,6,5,2722
1936,7,0,4217
1936,7,1,24
1936,7,3,3
1936,7,4,2562
1936,7,5,1628
1936,8,0,1419
1936,8,1,24
1936,8,3,48
1936,8,4,1084
1936,8,5,263
1936,9,0,9669
1936,9,1,160
1936,9,3,10
1936,9,4,6891
1936,9,5,2608
1936,10,0,7395
1936,10,1,43
1936,10,3,15
1936,10,4,5197
1936,10,5,2140
1936,11,0,2807
1936,11,4,2096
1936,11,5,711
1936,12,0,5713
1936,12,1,19
1936,12,3,10
1936,12,4,4152
1936,12,5,1532
1936,13,0,8770
1936,13,1,6
1936,13,3,30
1936,13,4,6988
1936,13,5,1746
1936,14,0,1069
1936,14,3,1
1936,14,4,1009
1936,14,5,59
1936,15,0,2505
1936,15,4,2313
1936,15,5,192
1936,16,0,539
1936,16,1,3
1936,16,3,1
1936,16,4,383
1936,16,5,152
1936,17,0,7649
1936,17,1,42
1936,17,3,27
1936,17,4,6305
1936,17,5,1275
1936,18,0,2689
1936,18,1,5
1936,18,3,2
1936,18,4,1621
1936,18,5,1061
1937,0,0,12320
1937,0,1,217
1937,0,3,72
1937,0,4,7998
1937,0,5,4033
1937,1,0,5187
1937,1,1,37
1937,1,4,1797
1937,1,5,3353
1937,2,0,6663
1937,2,1,59
1937,2,3,7
1937,2,4,5539
1937,2,5,1058
1937,3,0,98
1937,3,1,4
1937,3,3,1
1937,3,4,75
1937,3,5,18
1937,4,0,5859
1937,4,1,54
1937,4,3,138
1937,4,4,3134
1937,4,5,2533
1937,5,0,2512
1937,5,1,173
1937,5,3,2
1937,5,4,1293
1937,5,5,1044
1937,6,0,3927
1937,6,1,122
1937,6,3,2
1937,6,4,1081
1937,6,5,2722
1937,7,0,4217
1937,7,1,24
1937,7,3,3
1937,7,4,2560
1937,7,5,1630
1937,8,0,1419
1937,8,1,24
1937,8,3,44
1937,8,4,1083
1937,8,5,268
1937,9,0,9669
1937,9,1,160
1937,9,3,10
1937,9,4,6911
1937,9,5,2588
1937,10,0,7395
1937,10,1,43
1937,10,3,15
1937,10,4,5191
1937,10,5,2146
1937,11,0,2807
1937,11,4,2098
1937,11,5,709
1937,12,0,5713
1937,12,1,19
1937,12,3,10
1937,12,4,4159
1937,12,5,1525
1937,13,0,8770
1937,13,1,6
1937,13,3,35
1937,13,4,6985
1937,13,5,1744
1937,14,0,1069
1937,14,3,1
1937,14,4,1012
1937,14,5,56
1937,15,0,2505
1937,15,4,2314
1937,15,5,191
1937,16,0,539
1937,16,1,3
1937,16,3,1
1937,16,4,381
1937,16,5,154
1937,17,0,7649
1937,17,1,42
1937,17,3,28
1937,17,4,6292
1937,17,5,1287
1937,18,0,2689
1937,18,1,5
1937,18,3,2
1937,18,4,1616
1937,18,5,1066
1938,0,0,12320
1938,0,1,218
1938,0,3,74
1938,0,4,8005
1938,0,5,4023
1938,1,0,5187
1938,1,1,37
1938,1,4,1782
1938,1,5,3368
1938,2,0,6663
1938,2,1,59
1938,2,3,8
1938,2,4,5538
1938,2,5,1058
1938,3,0,98
1938,3,1,4
1938,3,3,1
1938,3,4,76
1938,3,5,17
1938,4,0,5859
1938,4,1,54
1938,4,3,142
1938,4,4,3109
1938,4,5,2554
1938,5,0,2512
1938,5,1,173
1938,5,3,2
1938,5,4,1287
1938,5,5,1050
1938,6,0,3927
1938,6,1,122
1938,6,3,2
1938,6,4,1084
1938,6,5,2719
1938,7,0,4217
1938,7,1,24
1938,7,3,3
1938,7,4,2542
1938,7,5,1648
1938,8,0,1419
1938,8,1,24
1938,8,3,48
1938,8,4,1083
1938,8,5,264
1938,9,0,9669
1938,9,1,160
1938,9,3,10
1938,9,4,6906
1938,9,5,2593
1938,10,0,7395
1938,10,1,43
1938,10,3,15
1938,10,4,5185
1938,10,5,2152
1938,11,0,2807
1938,11,4,2092
1938,11,5,715
1938,12,0,5713
1938,12,1,19
1938,12,3,10
1938,12,4,4148
1938,12,5,1536
1938,13,0,8770
1938,13,1,6
1938,13,3,31
1938,13,4,7000
1938,13,5,1733
1938,14,0,1069
1938,14,3,1
1938,14,4,1009
1938,14,5,59
1938,15,0,2505
1938,15,4,2313
1938,15,5,192
1938,16,0,539
1938,16,1,3
1938,16,3,1
1938,16,4,381
1938,16,5,154
1938,17,0,7649
1938,17,1,42
1938,17,3,27
1938,17,4,6293
1938,17,5,1287
1938,18,0,2689
1938,18,1,5
1938,18,3,2
1938,18,4,1610
1938,18,5,1072
1939,0,0,12320
1939,0,1,217
1939,0,3,76
1939,0,4,7963
1939,0,5,4064
1939,1,0,5187
1939,1,1,37
1939,1,4,1796
1939,1,5,3354
1939,2,0,6663
1939,2,1,59
1939,2,3,7
1939,2,4,5517
1939,2,5,1080
1939,3,0,98
1939,3,1,4
1939,3,3,1
1939,3,4,75
1939,3,5,18
1939,4,0,5859
1939,4,1,54
1939,4,3,138
1939,4,4,3105
1939,4,5,2562
1939,5,0,2512
1939,5,1,173
1939,5,3,2
1939,5,4,1279
1939,5,5,1058
1939,6,0,3927
1939,6,1,122
1939,6,3,2
1939,6,4,1071
1939,6,5,2732
1939,7,0,4217
1939,7,1,24
1939,7,3,3
1939,7,4,2536
1939,7,5,1654
1939,8,0,1419
1939,8,1,24
1939,8,3,44
1939,8,4,1082
1939,8,5,269
1939,9,0,9669
1939,9,1,160
1939,9,3,10
1939,9,4,6891
1939,9,5,2608
1939,10,0,7395
1939,10,1,43
1939,10,3,16
1939,10,4,5156
1939,10,5,2180
1939,11,0,2807
1939,11,4,2089
1939,11,5,718
1939,12,0,5713
1939,12,1,19
1939,12,3,11
1939,12,4,4141
1939,12,5,1542
1939,13,0,8770
1939,13,1,6
1939,13,3,36
1939,13,4,6970
1939,13,5,1758
1939,14,0,1069
1939,14,3,1
1939,14,4,1012
1939,14,5,56
1939,15,0,2505
1939,15,4,2310
1939,15,5,195
1939,16,0,539
1939,16,1,3
1939,16,3,1
1939,16,4,381
1939,16,5,154
1939,17,0,7649
1939,17,1,42
1939,17,3,28
1939,17,4,6287
1939,17,5,1292
1939,18,0,2689
1939,18,1,5
1939,18,3,2
1939,18,4,1625
1939,18,5,1057
1940,0,0,12320
1940,0,1,218
1940,0,3,74
1940,0,4,7989
1940,0,5,4039
1940,1,0,5187
1940,1,1,37
1940,1,4,1775
1940,1,5,3375
1940,2,0,6663
1940,2,1,59
1940,2,3,8
1940,2,4,5530
1940,2,5,1066
1940,3,0,98
1940,3,1,4
1940,3,3,1
1940,3,4,75
1940,3,5,18
1940,4,0,5859
1940,4,1,54
1940,4,3,140
1940,4,4,3097
1940,4,5,2568
1940,5,0,2512
1940,5,1,173
1940,5,3,2
1940,5,4,1281
1940,5,5,1056
1940,6,0,3927
1940,6,1,122
1940,6,3,2
1940,6,4,1068
1940,6,5,2735
1940,7,0,4217
1940,7,1,23
1940,7,3,3
1940,7,4,2560
1940,7,5,1631
1940,8,0,1419
1940,8,1,24
1940,8,3,48
1940,8,4,1084
1940,8,5,263
1940,9,0,9669
1940,9,1,160
1940,9,3,10
1940,9,4,6873
1940,9,5,2626
1940,10,0,7395
1940,10,1,43
1940,10,3,16
1940,10,4,5179
1940,10,5,2157
1940,11,0,2807
1940,11,4,2089
1940,11,5,718
1940,12,0,5713
1940,12,1,19
1940,12,3,11
1940,12,4,4132
1940,12,5,1551
1940,13,0,8770
1940,13,1,6
1940,13,3,38
1940,13,4,6965
1940,13,5,1761
1940,14,0,1069
1940,14,3,1
1940,14,4,1007
1940,14,5,61
1940,15,0,2505
1940,15,4,2304
1940,15,5,201
1940,16,0,539
1940,16,1,3
1940,16,3,1
1940,16,4,381
1940,16,5,154
1940,17,0,7649
1940,17,1,42
1940,17,3,29
1940,17,4,6290
1940,17,5,1288
1940,18,0,2689
1940,18,1,5
1940,18,3,2
1940,18,4,1621
1940,18,5,1061
1941,0,0,12320
1941,0,1,217
1941,0,3,75
1941,0,4,7913
1941,0,5,4115
1941,1,0,5187
1941,1,1,37
1941,1,4,1782
1941,1,5,3368
1941,2,0,6663
1941,2,1,59
1941,2,3,7
1941,2,4,5506
1941,2,5,1091
1941,3,0,98
1941,3,1,4
1941,3,3,1
1941,3,4,75
1941,3,5,18
1941,4,0,5859
1941,4,1,54
1941,4,3,139
1941,4,4,3081
1941,4,5,2585
1941,5,0,2512
1941,5,1,173
1941,5,3,2
1941,5,4,1288
1941,5,5,1049
1941,6,0,3927
1941,6,1,122
1941,6,3,2
1941,6,4,1060
1941,6,5,2743
1941,7,0,4217
1941,7,1,23
1941,7,3,3
1941,7,4,2525
1941,7,5,1666
1941,8,0,1419
1941,8,1,24
1941,8,3,44
1941,8,4,1088
1941,8,5,263
1941,9,0,9669
1941,9,1,160
1941,9,3,11
1941,9,4,6851
1941,9,5,2647
1941,10,0,7395
1941,10,1,43
1941,10,3,19
1941,10,4,5136
1941,10,5,2197
1941,11,0,2807
1941,11,4,2080
1941,11,5,727
1941,12,0,5713
1941,12,1,19
1941,12,3,11
1941,12,4,4129
1941,12,5,1554
1941,13,0,8770
1941,13,1,6
1941,13,3,39
1941,13,4,6963
1941,13,5,1762
1941,14,0,1069
1941,14,3,1
1941,14,4,1010
1941,14,5,58
1941,15,0,2505
1941,15,4,2303
1941,15,5,202
1941,16,0,539
1941,16,1,3
1941,16,3,1
1941,16,4,381
1941,16,5,154
1941,17,0,7649
1941,17,1,42
1941,17,3,26
1941,17,4,6271
1941,17,5,1310
1941,18,0,2689
1941,18,1,5
1941,18,3,2
1941,18,4,1617
1941,18,5,1065
1942,0,0,12320
1942,0,1,218
1942,0,3,69
1942,0,4,7969
1942,0,5,4064
1942,1,0,5187
1942,1,1,37
1942,1,4,1787
1942,1,5,3363
1942,2,0,6663
1942,2,1,59
1942,2,3,8
1942,2,4,5537
1942,2,5,1059
1942,3,0,98
1942,3,1,4
1942,3,3,1
1942,3,4,75
1942,3,5,18
1942,4,0,5859
1942,4,1,54
1942,4,3,142
1942,4,4,3088
1942,4,5,2575
1942,5,0,2512
1942,5,1,173
1942,5,3,2
1942,5,4,1281
1942,5,5,1056
1942,6,0,3927
1942,6,1,122
1942,6,3,2
1942,6,4,1052
1942,6,5,2751
1942,7,0,4217
1942,7,1,23
1942,7,3,3
1942,7,4,2549
1942,7,5,1642
1942,8,0,1419
1942,8,1,24
1942,8,3,48
1942,8,4,1082
1942,8,5,265
1942,9,0,9669
1942,9,1,160
1942,9,3,11
1942,9,4,6883
1942,9,5,2615
1942,10,0,7395
1942,10,1,43
1942,10,3,16
1942,10,4,5162
1942,10,5,2174
1942,11,0,2807
1942,11,4,2088
1942,11,5,719
1942,12,0,5713
1942,12,1,19
1942,12,3,11
1942,12,4,4159
1942,12,5,1524
1942,13,0,8770
1942,13,1,6
1942,13,3,38
1942,13,4,6961
1942,13,5,1765
1942,14,0,1069
1942,14,3,1
1942,14,4,1007
1942,14,5,61
1942,15,0,2505
1942,15,4,2305
1942,15,5,200
1942,16,0,539
1942,16,1,3
1942,16,3,1
1942,16,4,379
1942,16,5,156
1942,17,0,7649
1942,17,1,42
1942,17,3,29
1942,17,4,6275
1942,17,5,1303
1942,18,0,2689
1942,18,1,5
1942,18,3,2
1942,18,4,1612
1942,18,5,1070
1943,0,0,12320
1943,0,1,217
1943,0,3,77
1943,0,4,7946
1943,0,5,4080
1943,1,0,5187
1943,1,1,37
1943,1,4,1781
1943,1,5,3369
1943,2,0,6663
1943,2,1,59
1943,2,3,7
1943,2,4,5517
1943,2,5,1080
1943,3,0,98
1943,3,1,4
1943,3,3,1
1943,3,4,75
1943,3,5,18
1943,4,0,5859
1943,4,1,54
1943,4,3,143
1943,4,4,3078
1943,4,5,2584
1943,5,0,2512
1943,5,1,173
1943,5,3,2
1943,5,4,1277
1943,5,5,1060
1943,6,0,3927
1943,6,1,122
1943,6,3,2
1943,6,4,1064
1943,6,5,2739
1943,7,0,4217
1943,7,1,23
1943,7,3,3
1943,7,4,2539
1943,7,5,1652
1943,8,0,1419
1943,8,1,24
1943,8,3,44
1943,8,4,1082
1943,8,5,269
1943,9,0,9669
1943,9,1,160
1943,9,3,11
1943,9,4,6865
1943,9,5,2633
1943,10,0,7395
1943,10,1,43
1943,10,3,17
1943,10,4,5165
1943,10,5,2170
1943,11,0,2807
1943,11,4,2086
1943,11,5,721
1943,12,0,5713
1943,12,1,19
1943,12,3,11
1943,12,4,4144
1943,12,5,1539
1943,13,0,8770
1943,13,1,6
1943,13,3,39
1943,13,4,6963
1943,13,5,1762
1943,14,0,1069
1943,14,3,1
1943,14,4,1011
1943,14,5,57
1943,15,0,2505
1943,15,4,2305
1943,15,5,200
1943,16,0,539
1943,16,1,3
1943,16,3,1
1943,16,4,381
1943,16,5,154
1943,17,0,7649
1943,17,1,42
1943,17,3,28
1943,17,4,6275
1943,17,5,1304
1943,18,0,2689
1943,18,1,5
1943,18,3,2
1943,18,4,1606
1943,18,5,1076
1944,0,0,12320
1944,0,1,218
1944,0,3,79
1944,0,4,7896
1944,0,5,4127
1944,1,0,5187
1944,1,1,37
1944,1,4,1754
1944,1,5,3396
1944,2,0,6663
1944,2,1,59
1944,2,3,8
1944,2,4,5530
1944,2,5,1066
1944,3,0,98
1944,3,1,4
1944,3,3,1
1944,3,4,75
1944,3,5,18
1944,4,0,5859
1944,4,1,54
1944,4,3,143
1944,4,4,3081
1944,4,5,2581
1944,5,0,2512
1944,5,1,173
1944,5,3,2
1944,5,4,1280
1944,5,5,1057
1944,6,0,3927
1944,6,1,122
1944,6,3,2
1944,6,4,1063
1944,6,5,2740
1944,7,0,4217
1944,7,1,23
1944,7,3,6
1944,7,4,2538
1944,7,5,1650
1944,8,0,1419
1944,8,1,24
1944,8,3,48
1944,8,4,1084
1944,8,5,263
1944,9,0,9669
1944,9,1,160
1944,9,3,11
1944,9,4,6869
1944,9,5,2629
1944,10,0,7395
1944,10,1,43
1944,10,3,16
1944,10,4,5158
1944,10,5,2178
1944,11,0,2807
1944,11,4,2090
1944,11,5,717
1944,12,0,5713
1944,12,1,19
1944,12,3,11
1944,12,4,4132
1944,12,5,1551
1944,13,0,8770
1944,13,1,6
1944,13,3,38
1944,13,4,6957
1944,13,5,1769
1944,14,0,1069
1944,14,3,1
1944,14,4,1008
1944,14,5,60
1944,15,0,2505
1944,15,4,2303
1944,15,5,202
1944,16,0,539
1944,16,1,3
1944,16,3,1
1944,16,4,379
1944,16,5,156
1944,17,0,7649
1944,17,1,42
1944,17,3,27
1944,17,4,6270
1944,17,5,1310
1944,18,0,2689
1944,18,1,5
1944,18,3,2
1944,18,4,1612
1944,18,5,1070
1945,0,0,12320
1945,0,1,217
1945,0,3,80
1945,0,4,7934
1945,0,5,4089
1945,1,0,5187
1945,1,1,37
1945,1,4,1742
1945,1,5,3408
1945,2,0,6663
1945,2,1,59
1945,2,3,7
1945,2,4,5519
1945,2,5,1078
1945,3,0,98
1945,3,1,4
1945,3,3,1
1945,3,4,75
1945,3,5,18
1945,4,0,5859
1945,4,1,54
1945,4,3,149
1945,4,4,3051
1945,4,5,2605
1945,5,0,2512
1945,5,1,173
1945,5,3,2
1945,5,4,1274
1945,5,5,1063
1945,6,0,3927
1945,6,1,122
1945,6,3,2
1945,6,4,1052
1945,6,5,2751
1945,7,0,4217
1945,7,1,23
1945,7,3,6
1945,7,4,2533
1945,7,5,1655
1945,8,0,1419
1945,8,1,24
1945,8,3,44
1945,8,4,1084
1945,8,5,267
1945,9,0,9669
1945,9,1,160
1945,9,3,11
1945,9,4,6865
1945,9,5,2633
1945,10,0,7395
1945,10,1,43
1945,10,3,17
1945,10,4,5160
1945,10,5,2175
1945,11,0,2807
1945,11,4,2084
1945,11,5,723
1945,12,0,5713
1945,12,1,19
1945,12,3,11
1945,12,4,4142
1945,12,5,1541
1945,13,0,8770
1945,13,1,6
1945,13,3,39
1945,13,4,6951
1945,13,5,1774
1945,14,0,1069
1945,14,3,1
1945,14,4,1011
1945,14,5,57
1945,15,0,2505
1945,15,4,2310
1945,15,5,195
1945,16,0,539
1945,16,1,3
1945,16,3,1
1945,16,4,379
1945,16,5,156
1945,17,0,7649
1945,17,1,42
1945,17,3,28
1945,17,4,6276
1945,17,5,1303
1945,18,0,2689
1945,18,1,5
1945,18,3,2
1945,18,4,1616
1945,18,5,1066
1946,0,0,12320
1946,0,1,218
1946,0,3,80
1946,0,4,7902
1946,0,5,4120
1946,1,0,5187
1946,1,1,37
1946,1,4,1755
1946,1,5,3395
1946,2,0,6663
1946,2,1,59
1946,2,3,8
1946,2,4,5527
1946,2,5,1069
1946,3,0,98
1946,3,1,4
1946,3,3,1
1946,3,4,75
1946,3,5,18
1946,4,0,5859
1946,4,1,54
1946,4,3,151
1946,4,4,3059
1946,4,5,2595
1946,5,0,2512
1946,5,1,173
1946,5,3,2
1946,5,4,1270
1946,5,5,1067
1946,6,0,3927
1946,6,1,122
1946,6,3,2
1946,6,4,1049
1946,6,5,2754
1946,7,0,4217
1946,7,1,23
1946,7,3,6
1946,7,4,2533
1946,7,5,1655
1946,8,0,1419
1946,8,1,24
1946,8,3,49
1946,8,4,1080
1946,8,5,266
1946,9,0,9669
1946,9,1,160
1946,9,3,11
1946,9,4,6869
1946,9,5,2629
1946,10,0,7395
1946,10,1,43
1946,10,3,16
1946,10,4,5157
1946,10,5,2179
1946,11,0,2807
1946,11,4,2081
1946,11,5,726
1946,12,0,5713
1946,12,1,19
1946,12,3,11
1946,12,4,4134
1946,12,5,1549
1946,13,0,8770
1946,13,1,6
1946,13,3,38
1946,13,4,6942
1946,13,5,1784
1946,14,0,1069
1946,14,3,1
1946,14,4,1007
1946,14,5,61
1946,15,0,2505
1946,15,4,2306
1946,15,5,199
1946,16,0,539
1946,16,1,3
1946,16,3,1
1946,16,4,377
1946,16,5,158
1946,17,0,7649
1946,17,1,42
1946,17,3,28
1946,17,4,6271
1946,17,5,1308
1946,18,0,2689
1946,18,1,5
1946,18,3,2
1946,18,4,1608
1946,18,5,1074
1947,0,0,12320
1947,0,1,217
1947,0,3,83
1947,0,4,7915
1947,0,5,4105
1947,1,0,5187
1947,1,1,37
1947,1,4,1749
1947,1,5,3401
1947,2,0,6663
1947,2,1,59
1947,2,3,7
1947,2,4,5511
1947,2,5,1086
1947,3,0,98
1947,3,1,4
1947,3,3,1
1947,3,4,75
1947,3,5,18
1947,4,0,5859
1947,4,1,54
1947,4,3,153
1947,4,4,3047
1947,4,5,2605
1947,5,0,2512
1947,5,1,173
1947,5,3,2
1947,5,4,1264
1947,5,5,1073
1947,6,0,3927
1947,6,1,122
1947,6,3,2
1947,6,4,1041
1947,6,5,2762
1947,7,0,4217
1947,7,1,23
1947,7,3,6
1947,7,4,2522
1947,7,5,1666
1947,8,0,1419
1947,8,1,24
1947,8,3,45
1947,8,4,1079
1947,8,5,271
1947,9,0,9669
1947,9,1,160
1947,9,3,11
1947,9,4,6859
1947,9,5,2639
1947,10,0,7395
1947,10,1,43
1947,10,3,17
1947,10,4,5150
1947,10,5,2185
1947,11,0,2807
1947,11,4,2076
1947,11,5,731
1947,12,0,5713
1947,12,1,19
1947,12,3,11
1947,12,4,4131
1947,12,5,1552
1947,13,0,8770
1947,13,1,6
1947,13,3,40
1947,13,4,6938
1947,13,5,1786
1947,14,0,1069
1947,14,3,1
1947,14,4,1010
1947,14,5,58
1947,15,0,2505
1947,15,4,2303
1947,15,5,202
1947,16,0,539
1947,16,1,3
1947,16,3,1
1947,16,4,381
1947,16,5,154
1947,17,0,7649
1947,17,1,42
1947,17,3,29
1947,17,4,6264
1947,17,5,1314
1947,18,0,2689
1947,18,1,5
1947,18,3,2
1947,18,4,1615
1947,18,5,1067
1948,0,0,12320
1948,0,1,218
1948,0,3,85
1948,0,4,7873
1948,0,5,4144
1948,1,0,5187
1948,1,1,37
1948,1,4,1745
1948,1,5,3405
1948,2,0,6663
1948,2,1,59
1948,2,3,7
1948,2,4,5513
1948,2,5,1084
1948,3,0,98
1948,3,1,4
1948,3,3,1
1948,3,4,75
1948,3,5,18
1948,4,0,5859
1948,4,1,54
1948,4,3,148
1948,4,4,3031
1948,4,5,2626
1948,5,0,2512
1948,5,1,173
1948,5,3,2
1948,5,4,1270
1948,5,5,1067
1948,6,0,3927
1948,6,1,122
1948,6,3,2
1948,6,4,1040
1948,6,5,2763
1948,7,0,4217
1948,7,1,23
1948,7,3,6
1948,7,4,2520
1948,7,5,1668
1948,8,0,1419
1948,8,1,24
1948,8,3,49
1948,8,4,1079
1948,8,5,267
1948,9,0,9669
1948,9,1,160
1948,9,3,12
1948,9,4,6841
1948,9,5,2656
1948,10,0,7395
1948,10,1,43
1948,10,3,18
1948,10,4,5153
1948,10,5,2181
1948,11,0,2807
1948,11,4,2078
1948,11,5,729
1948,12,0,5713
1948,12,1,19
1948,12,3,11
1948,12,4,4116
1948,12,5,1567
1948,13,0,8770
1948,13,1,6
1948,13,3,39
1948,13,4,6929
1948,13,5,1796
1948,14,0,1069
1948,14,3,1
1948,14,4,1007
1948,14,5,61
1948,15,0,2505
1948,15,4,2307
1948,15,5,198
1948,16,0,539
1948,16,1,3
1948,16,3,1
1948,16,4,377
1948,16,5,158
1948,17,0,7649
1948,17,1,42
1948,17,3,29
1948,17,4,6275
1948,17,5,1303
1948,18,0,2689
1948,18,1,5
1948,18,3,2
1948,18,4,1614
1948,18,5,1068
1949,0,0,12320
1949,0,1,217
1949,0,3,86
1949,0,4,7873
1949,0,5,4144
1949,1,0,5187
1949,1,1,37
1949,1,4,1741
1949,1,5,3409
1949,2,0,6663
1949,2,1,59
1949,2,3,8
1949,2,4,5511
1949,2,5,1085
1949,3,0,98
1949,3,1,4
1949,3,3,1
1949,3,4,75
1949,3,5,18
1949,4,0,5859
1949,4,1,54
1949,4,3,150
1949,4,4,3032
1949,4,5,2623
1949,5,0,2512
1949,5,1,173
1949,5,3,2
1949,5,4,1267
1949,5,5,1070
1949,6,0,3927
1949,6,1,122
1949,6,3,2
1949,6,4,1032
1949,6,5,2771
1949,7,0,4217
1949,7,1,23
1949,7,3,6
1949,7,4,2522
1949,7,5,1666
1949,8,0,1419
1949,8,1,24
1949,8,3,44
1949,8,4,1079
1949,8,5,272
1949,9,0,9669
1949,9,1,160
1949,9,3,12
1949,9,4,6828
1949,9,5,2669
1949,10,0,7395
1949,10,1,43
1949,10,3,17
1949,10,4,5148
1949,10,5,2187
1949,11,0,2807
1949,11,4,2083
1949,11,5,724
1949,12,0,5713
1949,12,1,19
1949,12,3,11
1949,12,4,4122
1949,12,5,1561
1949,13,0,8770
1949,13,1,6
1949,13,3,43
1949,13,4,6924
1949,13,5,1797
1949,14,0,1069
1949,14,3,1
1949,14,4,1010
1949,14,5,58
1949,15,0,2505
1949,15,4,2305
1949,15,5,200
1949,16,0,539
1949,16,1,3
1949,16,3,1
1949,16,4,374
1949,16,5,161
1949,17,0,7649
1949,17,1,42
1949,17,3,29
1949,17,4,6252
1949,17,5,1326
1949,18,0,2689
1949,18,1,5
1949,18,3,2
1949,18,4,1601
1949,18,5,1081
1950,0,0,12320
1950,0,1,218
1950,0,3,85
1950,0,4,7855
1950,0,5,4162
1950,1,0,5187
1950,1,1,37
1950,1,4,1717
1950,1,5,3433
1950,2,0,6663
1950,2,1,59
1950,2,3,9
1950,2,4,5508
1950,2,5,1087
1950,3,0,98
1950,3,1,4
1950,3,3,1
1950,3,4,76
1950,3,5,17
1950,4,0,5859
1950,4,1,54
1950,4,3,152
1950,4,4,2989
1950,4,5,2664
1950,5,0,2512
1950,5,1,173
1950,5,3,2
1950,5,4,1260
1950,5,5,1077
1950,6,0,3927
1950,6,1,122
1950,6,3,2
1950,6,4,1039
1950,6,5,2764
1950,7,0,4217
1950,7,1,23
1950,7,3,6
1950,7,4,2503
1950,7,5,1685
1950,8,0,1419
1950,8,1,24
1950,8,3,51
1950,8,4,1069
1950,8,5,275
1950,9,0,9669
1950,9,1,160
1950,9,3,12
1950,9,4,6838
1950,9,5,2659
1950,10,0,7395
1950,10,1,43
1950,10,3,18
1950,10,4,5131
1950,10,5,2203
1950,11,0,2807
1950,11,4,2072
1950,11,5,735
1950,12,0,5713
1950,12,1,19
1950,12,3,11
1950,12,4,4094
1950,12,5,1589
1950,13,0,8770
1950,13,1,6
1950,13,3,39
1950,13,4,6930
1950,13,5,1795
1950,14,0,1069
1950,14,3,1
1950,14,4,1008
1950,14,5,60
1950,15,0,2505
1950,15,4,2304
1950,15,5,201
1950,16,0,539
1950,16,1,3
1950,16,3,1
1950,16,4,372
1950,16,5,163
1950,17,0,7649
1950,17,1,42
1950,17,3,29
1950,17,4,6257
1950,17,5,1321
1950,18,0,2689
1950,18,1,5
1950,18,3,2
1950,18,4,1595
1950,18,5,1087
1951,0,0,12320
1951,0,1,217
1951,0,3,90
1951,0,4,7824
1951,0,5,4189
1951,1,0,5187
1951,1,1,37
1951,1,4,1742
1951,1,5,3408
1951,2,0,6663
1951,2,1,59
1951,2,3,8
1951,2,4,5491
1951,2,5,1105
1951,3,0,98
1951,3,1,4
1951,3,3,1
1951,3,4,75
1951,3,5,18
1951,4,0,5859
1951,4,1,54
1951,4,3,150
1951,4,4,2994
1951,4,5,2661
1951,5,0,2512
1951,5,1,173
1951,5,3,2
1951,5,4,1259
1951,5,5,1078
1951,6,0,3927
1951,6,1,122
1951,6,3,2
1951,6,4,1028
1951,6,5,2775
1951,7,0,4217
1951,7,1,23
1951,7,3,6
1951,7,4,2503
1951,7,5,1685
1951,8,0,1419
1951,8,1,24
1951,8,3,46
1951,8,4,1057
1951,8,5,292
1951,9,0,9669
1951,9,1,160
1951,9,3,12
1951,9,4,6822
1951,9,5,2675
1951,10,0,7395
1951,10,1,43
1951,10,3,17
1951,10,4,5125
1951,10,5,2210
1951,11,0,2807
1951,11,4,2072
1951,11,5,735
1951,12,0,5713
1951,12,1,19
1951,12,3,11
1951,12,4,4109
1951,12,5,1574
1951,13,0,8770
1951,13,1,6
1951,13,3,43
1951,13,4,6912
1951,13,5,1809
1951,14,0,1069
1951,14,3,1
1951,14,4,1009
1951,14,5,59
1951,15,0,2505
1951,15,4,2304
1951,15,5,201
1951,16,0,539
1951,16,1,3
1951,16,3,1
1951,16,4,372
1951,16,5,163
1951,17,0,7649
1951,17,1,42
1951,17,3,29
1951,17,4,6249
1951,17,5,1329
1951,18,0,2689
1951,18,1,5
1951,18,3,2
1951,18,4,1605
1951,18,5,1077
1952,0,0,12320
1952,0,1,218
1952,0,3,87
1952,0,4,7831
1952,0,5,4184
1952,1,0,5187
1952,1,1,37
1952,1,4,1720
1952,1,5,3430
1952,2,0,6663
1952,2,1,59
1952,2,3,9
1952,2,4,5512
1952,2,5,1083
1952,3,0,98
1952,3,1,4
1952,3,3,1
1952,3,4,75
1952,3,5,18
1952,4,0,5859
1952,4,1,54
1952,4,3,150
1952,4,4,2980
1952,4,5,2675
1952,5,0,2512
1952,5,1,173
1952,5,3,2
1952,5,4,1256
1952,5,5,1081
1952,6,0,3927
1952,6,1,122
1952,6,3,2
1952,6,4,1024
1952,6,5,2779
1952,7,0,4217
1952,7,1,23
1952,7,3,6
1952,7,4,2500
1952,7,5,1688
1952,8,0,1419
1952,8,1,24
1952,8,3,51
1952,8,4,1055
1952,8,5,289
1952,9,0,9669
1952,9,1,160
1952,9,3,14
1952,9,4,6786
1952,9,5,2709
1952,10,0,7395
1952,10,1,43
1952,10,3,18
1952,10,4,5111
1952,10,5,2223
1952,11,0,2807
1952,11,4,2064
1952,11,5,743
1952,12,0,5713
1952,12,1,19
1952,12,3,11
1952,12,4,4069
1952,12,5,1614
1952,13,0,8770
1952,13,1,6
1952,13,3,39
1952,13,4,6898
1952,13,5,1827
1952,14,0,1069
1952,14,3,1
1952,14,4,1008
1952,14,5,60
1952,15,0,2505
1952,15,4,2300
1952,15,5,205
1952,16,0,539
1952,16,1,3
1952,16,3,1
1952,16,4,372
1952,16,5,163
1952,17,0,7649
1952,17,1,42
1952,17,3,29
1952,17,4,6254
1952,17,5,1324
1952,18,0,2689
1952,18,1,5
1952,18,3,2
1952,18,4,1593
1952,18,5,1089
1953,0,0,12320
1953,0,1,217
1953,0,3,90
1953,0,4,7788
1953,0,5,4225
1953,1,0,5187
1953,1,1,37
1953,1,4,1732
1953,1,5,3418
1953,2,0,6663
1953,2,1,59
1953,2,3,8
1953,2,4,5483
1953,2,5,1113
1953,3,0,98
1953,3,1,4
1953,3,3,1
1953,3,4,75
1953,3,5,18
1953,4,0,5859
1953,4,1,54
1953,4,3,151
1953,4,4,2955
1953,4,5,2699
1953,5,0,2512
1953,5,1,173
1953,5,3,2
1953,5,4,1265
1953,5,5,1072
1953,6,0,3927
1953,6,1,122
1953,6,3,2
1953,6,4,1021
1953,6,5,2782
1953,7,0,4217
1953,7,1,23
1953,7,3,6
1953,7,4,2496
1953,7,5,1692
1953,8,0,1419
1953,8,1,24
1953,8,3,46
1953,8,4,1063
1953,8,5,286
1953,9,0,9669
1953,9,1,160
1953,9,3,14
1953,9,4,6789
1953,9,5,2706
1953,10,0,7395
1953,10,1,43
1953,10,3,17
1953,10,4,5108
1953,10,5,2227
1953,11,0,2807
1953,11,4,2066
1953,11,5,741
1953,12,0,5713
1953,12,1,19
1953,12,3,11
1953,12,4,4095
1953,12,5,1588
1953,13,0,8770
1953,13,1,6
1953,13,3,43
1953,13,4,6880
1953,13,5,1841
1953,14,0,1069
1953,14,3,1
1953,14,4,1008
1953,14,5,60
1953,15,0,2505
1953,15,4,2293
1953,15,5,212
1953,16,0,539
1953,16,1,3
1953,16,3,1
1953,16,4,372
1953,16,5,163
1953,17,0,7649
1953,17,1,42
1953,17,3,29
1953,17,4,6241
1953,17,5,1337
1953,18,0,2689
1953,18,1,5
1953,18,3,2
1953,18,4,1594
1953,18,5,1088
1954,0,0,12320
1954,0,1,218
1954,0,3,90
1954,0,4,7788
1954,0,5,4224
1954,1,0,5187
1954,1,1,37
1954,1,4,1706
1954,1,5,3444
1954,2,0,6663
1954,2,1,59
1954,2,3,9
1954,2,4,5497
1954,2,5,1098
1954,3,0,98
1954,3,1,4
1954,3,3,1
1954,3,4,73
1954,3,5,20
1954,4,0,5859
1954,4,1,54
1954,4,3,152
1954,4,4,2945
1954,4,5,2708
1954,5,0,2512
1954,5,1,173
1954,5,3,2
1954,5,4,1257
1954,5,5,1080
1954,6,0,3927
1954,6,1,122
1954,6,3,2
1954,6,4,1008
1954,6,5,2795
1954,7,0,4217
1954,7,1,23
1954,7,3,6
1954,7,4,2498
1954,7,5,1690
1954,8,0,1419
1954,8,1,24
1954,8,3,51
1954,8,4,1050
1954,8,5,294
1954,9,0,9669
1954,9,1,160
1954,9,3,16
1954,9,4,6794
1954,9,5,2699
1954,10,0,7395
1954,10,1,43
1954,10,3,18
1954,10,4,5090
1954,10,5,2244
1954,11,0,2807
1954,11,4,2057
1954,11,5,750
1954,12,0,5713
1954,12,1,19
1954,12,3,11
1954,12,4,4072
1954,12,5,1611
1954,13,0,8770
1954,13,1,6
1954,13,3,39
1954,13,4,6872
1954,13,5,1853
1954,14,0,1069
1954,14,3,1
1954,14,4,1007
1954,14,5,61
1954,15,0,2505
1954,15,4,2295
1954,15,5,210
1954,16,0,539
1954,16,1,3
1954,16,3,1
1954,16,4,370
1954,16,5,165
1954,17,0,7649
1954,17,1,42
1954,17,3,29
1954,17,4,6238
1954,17,5,1340
1954,18,0,2689
1954,18,1,5
1954,18,3,2
1954,18,4,1595
1954,18,5,1087
1955,0,0,12320
1955,0,1,217
1955,0,3,94
1955,0,4,7771
1955,0,5,4238
1955,1,0,5187
1955,1,1,37
1955,1,4,1706
1955,1,5,3444
1955,2,0,6663
1955,2,1,59
1955,2,3,8
1955,2,4,5470
1955,2,5,1126
1955,3,0,98
1955,3,1,4
1955,3,3,1
1955,3,4,72
1955,3,5,21
1955,4,0,5859
1955,4,1,54
1955,4,3,154
1955,4,4,2938
1955,4,5,2713
1955,5,0,2512
1955,5,1,173
1955,5,3,2
1955,5,4,1252
1955,5,5,1085
1955,6,0,3927
1955,6,1,122
1955,6,3,2
1955,6,4,1010
1955,6,5,2793
1955,7,0,4217
1955,7,1,23
1955,7,3,6
1955,7,4,2494
1955,7,5,1694
1955,8,0,1419
1955,8,1,24
1955,8,3,50
1955,8,4,1053
1955,8,5,292
1955,9,0,9669
1955,9,1,160
1955,9,3,14
1955,9,4,6760
1955,9,5,2735
1955,10,0,7395
1955,10,1,43
1955,10,3,17
1955,10,4,5093
1955,10,5,2242
1955,11,0,2807
1955,11,4,2060
1955,11,5,747
1955,12,0,5713
1955,12,1,19
1955,12,3,11
1955,12,4,4068
1955,12,5,1615
1955,13,0,8770
1955,13,1,6
1955,13,3,43
1955,13,4,6863
1955,13,5,1858
1955,14,0,1069
1955,14,3,1
1955,14,4,1006
1955,14,5,62
1955,15,0,2505
1955,15,4,2293
1955,15,5,212
1955,16,0,539
1955,16,1,3
1955,16,3,1
1955,16,4,368
1955,16,5,167
1955,17,0,7649
1955,17,1,42
1955,17,3,28
1955,17,4,6231
1955,17,5,1348
1955,18,0,2689
1955,18,1,5
1955,18,3,2
1955,18,4,1588
1955,18,5,1094
1956,0,0,12320
1956,0,1,218
1956,0,3,95
1956,0,4,7716
1956,0,5,4291
1956,1,0,5187
1956,1,1,37
1956,1,4,1680
1956,1,5,3470
1956,2,0,6663
1956,2,1,59
1956,2,3,9
1956,2,4,5496
1956,2,5,1099
1956,3,0,98
1956,3,1,4
1956,3,3,1
1956,3,4,72
1956,3,5,21
1956,4,0,5859
1956,4,1,54
1956,4,3,153
1956,4,4,2922
1956,4,5,2730
1956,5,0,2512
1956,5,1,173
1956,5,3,2
1956,5,4,1250
1956,5,5,1087
1956,6,0,3927
1956,6,1,122
1956,6,3,2
1956,6,4,1011
1956,6,5,2792
1956,7,0,4217
1956,7,1,23
1956,7,3,6
1956,7,4,2474
1956,7,5,1714
1956,8,0,1419
1956,8,1,24
1956,8,3,47
1956,8,4,1053
1956,8,5,295
1956,9,0,9669
1956,9,1,160
1956,9,3,16
1956,9,4,6774
1956,9,5,2719
1956,10,0,7395
1956,10,1,43
1956,10,3,18
1956,10,4,5087
1956,10,5,2247
1956,11,0,2807
1956,11,4,2055
1956,11,5,752
1956,12,0,5713
1956,12,1,19
1956,12,3,11
1956,12,4,4044
1956,12,5,1639
1956,13,0,8770
1956,13,1,6
1956,13,3,39
1956,13,4,6852
1956,13,5,1873
1956,14,0,1069
1956,14,3,1
1956,14,4,1006
1956,14,5,62
1956,15,0,2505
1956,15,4,2290
1956,15,5,215
1956,16,0,539
1956,16,1,3
1956,16,3,1
1956,16,4,365
1956,16,5,170
1956,17,0,7649
1956,17,1,42
1956,17,3,31
1956,17,4,6222
1956,17,5,1354
1956,18,0,2689
1956,18,1,5
1956,18,3,2
1956,18,4,1590
1956,18,5,1092
1957,0,0,12320
1957,0,1,217
1957,0,3,97
1957,0,4,7738
1957,0,5,4268
1957,1,0,5187
1957,1,1,37
1957,1,4,1669
1957,1,5,3481
1957,2,0,6663
1957,2,1,59
1957,2,3,8
1957,2,4,5471
1957,2,5,1125
1957,3,0,98
1957,3,1,4
1957,3,3,1
1957,3,4,72
1957,3,5,21
1957,4,0,5859
1957,4,1,54
1957,4,3,156
1957,4,4,2894
1957,4,5,2755
1957,5,0,2512
1957,5,1,173
1957,5,3,2
1957,5,4,1247
1957,5,5,1090
1957,6,0,3927
1957,6,1,122
1957,6,3,2
1957,6,4,996
1957,6,5,2807
1957,7,0,4217
1957,7,1,23
1957,7,3,6
1957,7,4,2476
1957,7,5,1712
1957,8,0,1419
1957,8,1,24
1957,8,3,50
1957,8,4,1055
1957,8,5,290
1957,9,0,9669
1957,9,1,160
1957,9,3,14
1957,9,4,6753
1957,9,5,2742
1957,10,0,7395
1957,10,1,43
1957,10,3,16
1957,10,4,5084
1957,10,5,2252
1957,11,0,2807
1957,11,4,2052
1957,11,5,755
1957,12,0,5713
1957,12,1,19
1957,12,3,11
1957,12,4,4068
1957,12,5,1615
1957,13,0,8770
1957,13,1,6
1957,13,3,42
1957,13,4,6838
1957,13,5,1884
1957,14,0,1069
1957,14,3,1
1957,14,4,1006
1957,14,5,62
1957,15,0,2505
1957,15,4,2291
1957,15,5,214
1957,16,0,539
1957,16,1,3
1957,16,3,1
1957,16,4,365
1957,16,5,170
1957,17,0,7649
1957,17,1,42
1957,17,3,31
1957,17,4,6216
1957,17,5,1360
1957,18,0,2689
1957,18,1,5
1957,18,3,2
1957,18,4,1588
1957,18,5,1094
1958,0,0,12320
1958,0,1,218
1958,0,3,99
1958,0,4,7710
1958,0,5,4293
1958,1,0,5187
1958,1,1,37
1958,1,4,1679
1958,1,5,3471
1958,2,0,6663
1958,2,1,59
1958,2,3,7
1958,2,4,5485
1958,2,5,1112
1958,3,0,98
1958,3,1,4
1958,3,3,1
1958,3,4,72
1958,3,5,21
1958,4,0,5859
1958,4,1,54
1958,4,3,156
1958,4,4,2884
1958,4,5,2765
1958,5,0,2512
1958,5,1,173
1958,5,3,2
1958,5,4,1237
1958,5,5,1100
1958,6,0,3927
1958,6,1,122
1958,6,3,2
1958,6,4,992
1958,6,5,2811
1958,7,0,4217
1958,7,1,23
1958,7,3,5
1958,7,4,2465
1958,7,5,1724
1958,8,0,1419
1958,8,1,24
1958,8,3,47
1958,8,4,1049
1958,8,5,299
1958,9,0,9669
1958,9,1,160
1958,9,3,16
1958,9,4,6747
1958,9,5,2746
1958,10,0,7395
1958,10,1,43
1958,10,3,18
1958,10,4,5082
1958,10,5,2252
1958,11,0,2807
1958,11,4,2043
1958,11,5,764
1958,12,0,5713
1958,12,1,19
1958,12,3,11
1958,12,4,4037
1958,12,5,1646
1958,13,0,8770
1958,13,1,6
1958,13,3,39
1958,13,4,6822
1958,13,5,1903
1958,14,0,1069
1958,14,3,1
1958,14,4,1006
1958,14,5,62
1958,15,0,2505
1958,15,4,2293
1958,15,5,212
1958,16,0,539
1958,16,1,3
1958,16,3,1
1958,16,4,365
1958,16,5,170
1958,17,0,7649
1958,17,1,42
1958,17,3,32
1958,17,4,6208
1958,17,5,1367
1958,18,0,2689
1958,18,1,5
1958,18,3,2
1958,18,4,1582
1958,18,5,1100
1959,0,0,12320
1959,0,1,217
1959,0,3,99
1959,0,4,7689
1959,0,5,4315
1959,1,0,5187
1959,1,1,37
1959,1,4,1699
1959,1,5,3451
1959,2,0,6663
1959,2,1,59
1959,2,3,10
1959,2,4,5453
1959,2,5,1141
1959,3,0,98
1959,3,1,4
1959,3,3,1
1959,3,4,72
1959,3,5,21
1959,4,0,5859
1959,4,1,54
1959,4,3,157
1959,4,4,2874
1959,4,5,2774
1959,5,0,2512
1959,5,1,173
1959,5,3,2
1959,5,4,1240
1959,5,5,1097
1959,6,0,3927
1959,6,1,122
1959,6,3,2
1959,6,4,976
1959,6,5,2827
1959,7,0,4217
1959,7,1,23
1959,7,3,6
1959,7,4,2457
1959,7,5,1731
1959,8,0,1419
1959,8,1,24
1959,8,3,50
1959,8,4,1046
1959,8,5,299
1959,9,0,9669
1959,9,1,160
1959,9,3,14
1959,9,4,6743
1959,9,5,2752
1959,10,0,7395
1959,10,1,43
1959,10,3,16
1959,10,4,5066
1959,10,5,2270
1959,11,0,2807
1959,11,4,2045
1959,11,5,762
1959,12,0,5713
1959,12,1,19
1959,12,3,11
1959,12,4,4057
1959,12,5,1626
1959,13,0,8770
1959,13,1,6
1959,13,3,42
1959,13,4,6810
1959,13,5,1912
1959,14,0,1069
1959,14,3,1
1959,14,4,1005
1959,14,5,63
1959,15,0,2505
1959,15,4,2288
1959,15,5,217
1959,16,0,539
1959,16,1,3
1959,16,3,1
1959,16,4,366
1959,16,5,169
1959,17,0,7649
1959,17,1,42
1959,17,3,31
1959,17,4,6201
1959,17,5,1375
1959,18,0,2689
1959,18,1,5
1959,18,3,2
1959,18,4,1585
1959,18,5,1097
1960,0,0,12320
1960,0,1,218
1960,0,3,101
1960,0,4,7658
1960,0,5,4343
1960,1,0,5187
1960,1,1,37
1960,1,4,1677
1960,1,5,3473
1960,2,0,6663
1960,2,1,59
1960,2,3,8
1960,2,4,5468
1960,2,5,1128
1960,3,0,98
1960,3,1,4
1960,3,3,1
1960,3,4,71
1960,3,5,22
1960,4,0,5859
1960,4,1,54
1960,4,3,155
1960,4,4,2845
1960,4,5,2805
1960,5,0,2512
1960,5,1,173
1960,5,3,2
1960,5,4,1230
1960,5,5,1107
1960,6,0,3927
1960,6,1,122
1960,6,3,2
1960,6,4,972
1960,6,5,2831
1960,7,0,4217
1960,7,1,23
1960,7,3,5
1960,7,4,2452
1960,7,5,1737
1960,8,0,1419
1960,8,1,24
1960,8,3,48
1960,8,4,1045
1960,8,5,302
1960,9,0,9669
1960,9,1,160
1960,9,3,14
1960,9,4,6708
1960,9,5,2787
1960,10,0,7395
1960,10,1,43
1960,10,3,20
1960,10,4,5055
1960,10,5,2277
1960,11,0,2807
1960,11,4,2039
1960,11,5,768
1960,12,0,5713
1960,12,1,19
1960,12,3,11
1960,12,4,4024
1960,12,5,1659
1960,13,0,8770
1960,13,1,6
1960,13,3,42
1960,13,4,6795
1960,13,5,1927
1960,14,0,1069
1960,14,3,1
1960,14,4,1005
1960,14,5,63
1960,15,0,2505
1960,15,4,2288
1960,15,5,217
1960,16,0,539
1960,16,1,3
1960,16,3,1
1960,16,4,364
1960,16,5,171
1960,17,0,7649
1960,17,1,42
1960,17,3,31
1960,17,4,6207
1960,17,5,1369
1960,18,0,2689
1960,18,1,5
1960,18,3,2
1960,18,4,1586
1960,18,5,1096
1961,0,0,12320
1961,0,1,217
1961,0,3,101
1961,0,4,7629
1961,0,5,4373
1961,1,0,5187
1961,1,1,37
1961,1,4,1663
1961,1,5,3487
1961,2,0,6663
1961,2,1,59
1961,2,3,10
1961,2,4,5441
1961,2,5,1153
1961,3,0,98
1961,3,1,4
1961,3,3,1
1961,3,4,71
1961,3,5,22
1961,4,0,5859
1961,4,1,54
1961,4,3,156
1961,4,4,2857
1961,4,5,2792
1961,5,0,2512
1961,5,1,173
1961,5,3,2
1961,5,4,1224
1961,5,5,1113
1961,6,0,3927
1961,6,1,122
1961,6,3,2
1961,6,4,961
1961,6,5,2842
1961,7,0,4217
1961,7,1,23
1961,7,3,6
1961,7,4,2457
1961,7,5,1731
1961,8,0,1419
1961,8,1,24
1961,8,3,51
1961,8,4,1044
1961,8,5,300
1961,9,0,9669
1961,9,1,160
1961,9,3,16
1961,9,4,6685
1961,9,5,2808
1961,10,0,7395
1961,10,1,43
1961,10,3,16
1961,10,4,5052
1961,10,5,2284
1961,11,0,2807
1961,11,4,2045
1961,11,5,762
1961,12,0,5713
1961,12,1,19
1961,12,3,11
1961,12,4,4043
1961,12,5,1640
1961,13,0,8770
1961,13,1,6
1961,13,3,42
1961,13,4,6786
1961,13,5,1936
1961,14,0,1069
1961,14,3,1
1961,14,4,1006
1961,14,5,62
1961,15,0,2505
1961,15,4,2291
1961,15,5,214
1961,16,0,539
1961,16,1,3
1961,16,3,1
1961,16,4,360
1961,16,5,175
1961,17,0,7649
1961,17,1,42
1961,17,3,32
1961,17,4,6190
1961,17,5,1385
1961,18,0,2689
1961,18,1,5
1961,18,3,2
1961,18,4,1579
1961,18,5,1103
1962,0,0,12320
1962,0,1,218
1962,0,3,101
1962,0,4,7635
1962,0,5,4366
1962,1,0,5187
1962,1,1,37
1962,1,4,1648
1962,1,5,3502
1962,2,0,6663
1962,2,1,59
1962,2,3,8
1962,2,4,5444
1962,2,5,1152
1962,3,0,98
1962,3,1,4
1962,3,3,1
1962,3,4,72
1962,3,5,21
1962,4,0,5859
1962,4,1,54
1962,4,3,158
1962,4,4,2811
1962,4,5,2836
1962,5,0,2512
1962,5,1,173
1962,5,4,1225
1962,5,5,1114
1962,6,0,3927
1962,6,1,122
1962,6,3,2
1962,6,4,956
1962,6,5,2847
1962,7,0,4217
1962,7,1,23
1962,7,3,5
1962,7,4,2446
1962,7,5,1743
1962,8,0,1419
1962,8,1,24
1962,8,3,52
1962,8,4,1040
1962,8,5,303
1962,9,0,9669
1962,9,1,160
1962,9,3,14
1962,9,4,6686
1962,9,5,2809
1962,10,0,7395
1962,10,1,43
1962,10,3,20
1962,10,4,5040
1962,10,5,2292
1962,11,0,2807
1962,11,4,2035
1962,11,5,772
1962,12,0,5713
1962,12,1,19
1962,12,3,12
1962,12,4,4015
1962,12,5,1667
1962,13,0,8770
1962,13,1,6
1962,13,3,45
1962,13,4,6773
1962,13,5,1946
1962,14,0,1069
1962,14,3,1
1962,14,4,1004
1962,14,5,64
1962,15,0,2505
1962,15,4,2290
1962,15,5,215
1962,16,0,539
1962,16,1,3
1962,16,3,1
1962,16,4,360
1962,16,5,175
1962,17,0,7649
1962,17,1,42
1962,17,3,32
1962,17,4,6177
1962,17,5,1398
1962,18,0,2689
1962,18,1,5
1962,18,3,2
1962,18,4,1578
1962,18,5,1104
1963,0,0,12320
1963,0,1,217
1963,0,3,105
1963,0,4,7595
1963,0,5,4403
1963,1,0,5187
1963,1,1,37
1963,1,4,1659
1963,1,5,3491
1963,2,0,6663
1963,2,1,59
1963,2,3,10
1963,2,4,5428
1963,2,5,1166
1963,3,0,98
1963,3,1,4
1963,3,3,1
1963,3,4,71
1963,3,5,22
1963,4,0,5859
1963,4,1,54
1963,4,3,156
1963,4,4,2810
1963,4,5,2839
1963,5,0,2512
1963,5,1,173
1963,5,4,1225
1963,5,5,1114
1963,6,0,3927
1963,6,1,122
1963,6,3,2
1963,6,4,949
1963,6,5,2854
1963,7,0,4217
1963,7,1,23
1963,7,3,6
1963,7,4,2438
1963,7,5,1750
1963,8,0,1419
1963,8,1,24
1963,8,3,51
1963,8,4,1040
1963,8,5,304
1963,9,0,9669
1963,9,1,160
1963,9,3,16
1963,9,4,6675
1963,9,5,2818
1963,10,0,7395
1963,10,1,43
1963,10,3,16
1963,10,4,5038
1963,10,5,2298
1963,11,0,2807
1963,11,4,2030
1963,11,5,777
1963,12,0,5713
1963,12,1,19
1963,12,3,12
1963,12,4,4021
1963,12,5,1661
1963,13,0,8770
1963,13,1,6
1963,13,3,47
1963,13,4,6758
1963,13,5,1959
1963,14,0,1069
1963,14,3,1
1963,14,4,1004
1963,14,5,64
1963,15,0,2505
1963,15,4,2289
1963,15,5,216
1963,16,0,539
1963,16,1,3
1963,16,3,1
1963,16,4,357
1963,16,5,178
1963,17,0,7649
1963,17,1,42
1963,17,3,32
1963,17,4,6169
1963,17,5,1406
1963,18,0,2689
1963,18,1,5
1963,18,3,2
1963,18,4,1587
1963,18,5,1095
1964,0,0,12320
1964,0,1,218
1964,0,3,103
1964,0,4,7588
1964,0,5,4411
1964,1,0,5187
1964,1,1,37
1964,1,4,1640
1964,1,5,3510
1964,2,0,6663
1964,2,1,59
1964,2,3,8
1964,2,4,5453
1964,2,5,1143
1964,3,0,98
1964,3,1,4
1964,3,3,1
1964,3,4,70
1964,3,5,23
1964,4,0,5859
1964,4,1,54
1964,4,3,156
1964,4,4,2794
1964,4,5,2855
1964,5,0,2512
1964,5,1,173
1964,5,4,1222
1964,5,5,1117
1964,6,0,3927
1964,6,1,122
1964,6,3,2
1964,6,4,943
1964,6,5,2860
1964,7,0,4217
1964,7,1,23
1964,7,3,5
1964,7,4,2433
1964,7,5,1756
1964,8,0,1419
1964,8,1,24
1964,8,3,52
1964,8,4,1038
1964,8,5,305
1964,9,0,9669
1964,9,1,160
1964,9,3,14
1964,9,4,6633
1964,9,5,2862
1964,10,0,7395
1964,10,1,43
1964,10,3,20
1964,10,4,5014
1964,10,5,2318
1964,11,0,2807
1964,11,4,2024
1964,11,5,783
1964,12,0,5713
1964,12,1,19
1964,12,3,12
1964,12,4,3986
1964,12,5,1696
1964,13,0,8770
1964,13,1,6
1964,13,3,50
1964,13,4,6745
1964,13,5,1969
1964,14,0,1069
1964,14,3,1
1964,14,4,1003
1964,14,5,65
1964,15,0,2505
1964,15,4,2287
1964,15,5,218
1964,16,0,539
1964,16,1,3
1964,16,3,1
1964,16,4,361
1964,16,5,174
1964,17,0,7649
1964,17,1,42
1964,17,3,32
1964,17,4,6172
1964,17,5,1403
1964,18,0,2689
1964,18,1,5
1964,18,3,2
1964,18,4,1573
1964,18,5,1109
1965,0,0,12320
1965,0,1,217
1965,0,3,102
1965,0,4,7541
1965,0,5,4460
1965,1,0,5187
1965,1,1,37
1965,1,4,1639
1965,1,5,3511
1965,2,0,6663
1965,2,1,59
1965,2,3,10
1965,2,4,5412
1965,2,5,1182
1965,3,0,98
1965,3,1,4
1965,3,3,1
1965,3,4,70
1965,3,5,23
1965,4,0,5859
1965,4,1,54
1965,4,3,161
1965,4,4,2767
1965,4,5,2877
1965,5,0,2512
1965,5,1,173
1965,5,4,1229
1965,5,5,1110
1965,6,0,3927
1965,6,1,122
1965,6,3,2
1965,6,4,936
1965,6,5,2867
1965,7,0,4217
1965,7,1,23
1965,7,3,6
1965,7,4,2414
1965,7,5,1774
1965,8,0,1419
1965,8,1,24
1965,8,3,51
1965,8,4,1044
1965,8,5,300
1965,9,0,9669
1965,9,1,160
1965,9,3,16
1965,9,4,6635
1965,9,5,2858
1965,10,0,7395
1965,10,1,43
1965,10,3,16
1965,10,4,5033
1965,10,5,2303
1965,11,0,2807
1965,11,4,2026
1965,11,5,781
1965,12,0,5713
1965,12,1,19
1965,12,3,12
1965,12,4,4020
1965,12,5,1662
1965,13,0,8770
1965,13,1,6
1965,13,3,49
1965,13,4,6737
1965,13,5,1978
1965,14,0,1069
1965,14,3,1
1965,14,4,1002
1965,14,5,66
1965,15,0,2505
1965,15,4,2282
1965,15,5,223
1965,16,0,539
1965,16,1,3
1965,16,3,1
1965,16,4,360
1965,16,5,175
1965,17,0,7649
1965,17,1,42
1965,17,3,34
1965,17,4,6158
1965,17,5,1415
1965,18,0,2689
1965,18,1,5
1965,18,3,2
1965,18,4,1576
1965,18,5,1106
1966,0,0,12320
1966,0,1,218
1966,0,3,105
1966,0,4,7527
1966,0,5,4470
1966,1,0,5187
1966,1,1,37
1966,1,4,1630
1966,1,5,3520
1966,2,0,6663
1966,2,1,59
1966,2,3,8
1966,2,4,5428
1966,2,5,1168
1966,3,0,98
1966,3,1,4
1966,3,3,1
1966,3,4,68
1966,3,5,25
1966,4,0,5859
1966,4,1,54
1966,4,3,161
1966,4,4,2746
1966,4,5,2898
1966,5,0,2512
1966,5,1,173
1966,5,4,1221
1966,5,5,1118
1966,6,0,3927
1966,6,1,122
1966,6,3,2
1966,6,4,922
1966,6,5,2881
1966,7,0,4217
1966,7,1,23
1966,7,3,6
1966,7,4,2414
1966,7,5,1774
1966,8,0,1419
1966,8,1,24
1966,8,3,52
1966,8,4,1032
1966,8,5,311
1966,9,0,9669
1966,9,1,160
1966,9,3,14
1966,9,4,6636
1966,9,5,2859
1966,10,0,7395
1966,10,1,43
1966,10,3,20
1966,10,4,5000
1966,10,5,2332
1966,11,0,2807
1966,11,4,2020
1966,11,5,787
1966,12,0,5713
1966,12,1,19
1966,12,3,12
1966,12,4,3976
1966,12,5,1706
1966,13,0,8770
1966,13,1,6
1966,13,3,49
1966,13,4,6726
1966,13,5,1989
1966,14,0,1069
1966,14,3,1
1966,14,4,1003
1966,14,5,65
1966,15,0,2505
1966,15,4,2285
1966,15,5,220
1966,16,0,539
1966,16,1,3
1966,16,3,1
1966,16,4,359
1966,16,5,176
1966,17,0,7649
1966,17,1,42
1966,17,3,34
1966,17,4,6154
1966,17,5,1419
1966,18,0,2689
1966,18,1,5
1966,18,3,2
1966,18,4,1586
1966,18,5,1096
1967,0,0,12320
1967,0,1,217
1967,0,3,104
1967,0,4,7490
1967,0,5,4509
1967,1,0,5187
1967,1,1,37
1967,1,4,1608
1967,1,5,3542
1967,2,0,6663
1967,2,1,59
1967,2,3,10
1967,2,4,5399
1967,2,5,1195
1967,3,0,98
1967,3,1,4
1967,3,3,1
1967,3,4,68
1967,3,5,25
1967,4,0,5859
1967,4,1,54
1967,4,3,163
1967,4,4,2737
1967,4,5,2905
1967,5,0,2512
1967,5,1,173
1967,5,4,1216
1967,5,5,1123
1967,6,0,3927
1967,6,1,122
1967,6,3,2
1967,6,4,927
1967,6,5,2876
1967,7,0,4217
1967,7,1,23
1967,7,3,6
1967,7,4,2399
1967,7,5,1789
1967,8,0,1419
1967,8,1,24
1967,8,3,51
1967,8,4,1031
1967,8,5,313
1967,9,0,9669
1967,9,1,160
1967,9,3,18
1967,9,4,6611
1967,9,5,2880
1967,10,0,7395
1967,10,1,43
1967,10,3,18
1967,10,4,5027
1967,10,5,2307
1967,11,0,2807
1967,11,4,2021
1967,11,5,786
1967,12,0,5713
1967,12,1,19
1967,12,3,12
1967,12,4,3970
1967,12,5,1712
1967,13,0,8770
1967,13,1,6
1967,13,3,49
1967,13,4,6725
1967,13,5,1990
1967,14,0,1069
1967,14,3,1
1967,14,4,1002
1967,14,5,66
1967,15,0,2505
1967,15,4,2283
1967,15,5,222
1967,16,0,539
1967,16,1,3
1967,16,3,1
1967,16,4,357
1967,16,5,178
1967,17,0,7649
1967,17,1,42
1967,17,3,38
1967,17,4,6157
1967,17,5,1412
1967,18,0,2689
1967,18,1,5
1967,18,3,2
1967,18,4,1575
1967,18,5,1107
1968,0,0,12320
1968,0,1,218
1968,0,3,107
1968,0,4,7425
1968,0,5,4570
1968,1,0,5187
1968,1,1,37
1968,1,4,1584
1968,1,5,3566
1968,2,0,6663
1968,2,1,59
1968,2,3,10
1968,2,4,5420
1968,2,5,1174
1968,3,0,98
1968,3,1,4
1968,3,3,1
1968,3,4,68
1968,3,5,25
1968,4,0,5859
1968,4,1,54
1968,4,3,164
1968,4,4,2730
1968,4,5,2911
1968,5,0,2512
1968,5,1,173
1968,5,4,1213
1968,5,5,1126
1968,6,0,3927
1968,6,1,122
1968,6,3,2
1968,6,4,924
1968,6,5,2879
1968,7,0,4217
1968,7,1,23
1968,7,3,6
1968,7,4,2384
1968,7,5,1804
1968,8,0,1419
1968,8,1,24
1968,8,3,52
1968,8,4,1032
1968,8,5,311
1968,9,0,9669
1968,9,1,160
1968,9,3,20
1968,9,4,6617
1968,9,5,2872
1968,10,0,7395
1968,10,1,43
1968,10,3,20
1968,10,4,5000
1968,10,5,2332
1968,11,0,2807
1968,11,4,2018
1968,11,5,789
1968,12,0,5713
1968,12,1,19
1968,12,3,12
1968,12,4,3929
1968,12,5,1753
1968,13,0,8770
1968,13,1,6
1968,13,3,50
1968,13,4,6719
1968,13,5,1995
1968,14,0,1069
1968,14,3,1
1968,14,4,1003
1968,14,5,65
1968,15,0,2505
1968,15,4,2280
1968,15,5,225
1968,16,0,539
1968,16,1,3
1968,16,3,1
1968,16,4,358
1968,16,5,177
1968,17,0,7649
1968,17,1,42
1968,17,3,37
1968,17,4,6152
1968,17,5,1418
1968,18,0,2689
1968,18,1,5
1968,18,3,2
1968,18,4,1582
1968,18,5,1100
1969,0,0,12320
1969,0,1,217
1969,0,3,109
1969,0,4,7427
1969,0,5,4567
1969,1,0,5187
1969,1,1,37
1969,1,4,1573
1969,1,5,3577
1969,2,0,6663
1969,2,1,59
1969,2,3,10
1969,2,4,5395
1969,2,5,1199
1969,3,0,98
1969,3,1,4
1969,3,3,1
1969,3,4,68
1969,3,5,25
1969,4,0,5859
1969,4,1,54
1969,4,3,168
1969,4,4,2715
1969,4,5,2922
1969,5,0,2512
1969,5,1,173
1969,5,4,1216
1969,5,5,1123
1969,6,0,3927
1969,6,1,122
1969,6,3,2
1969,6,4,917
1969,6,5,2886
1969,7,0,4217
1969,7,1,23
1969,7,3,8
1969,7,4,2377
1969,7,5,1809
1969,8,0,1419
1969,8,1,24
1969,8,3,51
1969,8,4,1033
1969,8,5,311
1969,9,0,9669
1969,9,1,160
1969,9,3,20
1969,9,4,6598
1969,9,5,2891
1969,10,0,7395
1969,10,1,43
1969,10,3,24
1969,10,4,5013
1969,10,5,2315
1969,11,0,2807
1969,11,4,2014
1969,11,5,793
1969,12,0,5713
1969,12,1,19
1969,12,3,12
1969,12,4,3919
1969,12,5,1763
1969,13,0,8770
1969,13,1,6
1969,13,3,49
1969,13,4,6709
1969,13,5,2006
1969,14,0,1069
1969,14,3,1
1969,14,4,1001
1969,14,5,67
1969,15,0,2505
1969,15,4,2278
1969,15,5,227
1969,16,0,539
1969,16,1,3
1969,16,3,1
1969,16,4,350
1969,16,5,185
1969,17,0,7649
1969,17,1,42
1969,17,3,38
1969,17,4,6152
1969,17,5,1417
1969,18,0,2689
1969,18,1,5
1969,18,3,2
1969,18,4,1581
1969,18,5,1101
1970,0,0,12320
1970,0,1,218
1970,0,3,109
1970,0,4,7395
1970,0,5,4598
1970,1,0,5187
1970,1,1,37
1970,1,4,1570
1970,1,5,3580
1970,2,0,6663
1970,2,1,59
1970,2,3,10
1970,2,4,5413
1970,2,5,1181
1970,3,0,98
1970,3,1,4
1970,3,3,1
1970,3,4,68
1970,3,5,25
1970,4,0,5859
1970,4,1,54
1970,4,3,168
1970,4,4,2702
1970,4,5,2935
1970,5,0,2512
1970,5,1,173
1970,5,4,1209
1970,5,5,1130
1970,6,0,3927
1970,6,1,122
1970,6,3,2
1970,6,4,910
1970,6,5,2893
1970,7,0,4217
1970,7,1,23
1970,7,3,8
1970,7,4,2377
1970,7,5,1809
1970,8,0,1419
1970,8,1,24
1970,8,3,52
1970,8,4,1020
1970,8,5,323
1970,9,0,9669
1970,9,1,160
1970,9,3,23
1970,9,4,6594
1970,9,5,2892
1970,10,0,7395
1970,10,1,43
1970,10,3,25
1970,10,4,4986
1970,10,5,2341
1970,11,0,2807
1970,11,4,2011
1970,11,5,796
1970,12,0,5713
1970,12,1,19
1970,12,3,12
1970,12,4,3888
1970,12,5,1794
1970,13,0,8770
1970,13,1,6
1970,13,3,50
1970,13,4,6700
1970,13,5,2014
1970,14,0,1069
1970,14,3,1
1970,14,4,1004
1970,14,5,64
1970,15,0,2505
1970,15,4,2277
1970,15,5,228
1970,16,0,539
1970,16,1,3
1970,16,3,1
1970,16,4,347
1970,16,5,188
1970,17,0,7649
1970,17,1,42
1970,17,3,38
1970,17,4,6146
1970,17,5,1423
1970,18,0,2689
1970,18,1,5
1970,18,3,2
1970,18,4,1574
1970,18,5,1108
1971,0,0,12320
1971,0,1,217
1971,0,3,111
1971,0,4,7366
1971,0,5,4626
1971,1,0,5187
1971,1,1,37
1971,1,4,1577
1971,1,5,3573
1971,2,0,6663
1971,2,1,59
1971,2,3,11
1971,2,4,5383
1971,2,5,1210
1971,3,0,98
1971,3,1,4
1971,3,3,1
1971,3,4,66
1971,3,5,27
1971,4,0,5859
1971,4,1,54
1971,4,3,174
1971,4,4,2679
1971,4,5,2952
1971,5,0,2512
1971,5,1,173
1971,5,4,1208
1971,5,5,1131
1971,6,0,3927
1971,6,1,122
1971,6,3,2
1971,6,4,903
1971,6,5,2900
1971,7,0,4217
1971,7,1,23
1971,7,3,8
1971,7,4,2370
1971,7,5,1816
1971,8,0,1419
1971,8,1,24
1971,8,3,52
1971,8,4,1007
1971,8,5,336
1971,9,0,9669
1971,9,1,160
1971,9,3,23
1971,9,4,6592
1971,9,5,2894
1971,10,0,7395
1971,10,1,43
1971,10,3,27
1971,10,4,4997
1971,10,5,2328
1971,11,0,2807
1971,11,4,2009
1971,11,5,798
1971,12,0,5713
1971,12,1,19
1971,12,3,14
1971,12,4,3885
1971,12,5,1795
1971,13,0,8770
1971,13,1,6
1971,13,3,52
1971,13,4,6686
1971,13,5,2026
1971,14,0,1069
1971,14,3,1
1971,14,4,1001
1971,14,5,67
1971,15,0,2505
1971,15,4,2268
1971,15,5,237
1971,16,0,539
1971,16,1,3
1971,16,3,1
1971,16,4,349
1971,16,5,186
1971,17,0,7649
1971,17,1,42
1971,17,3,39
1971,17,4,6141
1971,17,5,1427
1971,18,0,2689
1971,18,1,5
1971,18,3,2
1971,18,4,1578
1971,18,5,1104
1972,0,0,12320
1972,0,1,218
1972,0,3,115
1972,0,4,7364
1972,0,5,4623
1972,1,0,5187
1972,1,1,37
1972,1,4,1562
1972,1,5,3588
1972,2,0,6663
1972,2,1,59
1972,2,3,10
1972,2,4,5400
1972,2,5,1194
1972,3,0,98
1972,3,1,4
1972,3,3,1
1972,3,4,66
1972,3,5,27
1972,4,0,5859
1972,4,1,54
1972,4,3,178
1972,4,4,2642
1972,4,5,2985
1972,5,0,2512
1972,5,1,173
1972,5,4,1213
1972,5,5,1126
1972,6,0,3927
1972,6,1,122
1972,6,3,2
1972,6,4,897
1972,6,5,2906
1972,7,0,4217
1972,7,1,23
1972,7,3,8
1972,7,4,2355
1972,7,5,1831
1972,8,0,1419
1972,8,1,24
1972,8,3,53
1972,8,4,1002
1972,8,5,340
1972,9,0,9669
1972,9,1,160
1972,9,3,23
1972,9,4,6569
1972,9,5,2917
1972,10,0,7395
1972,10,1,43
1972,10,3,26
1972,10,4,4961
1972,10,5,2365
1972,11,0,2807
1972,11,4,2008
1972,11,5,799
1972,12,0,5713
1972,12,1,19
1972,12,3,14
1972,12,4,3854
1972,12,5,1826
1972,13,0,8770
1972,13,1,6
1972,13,3,54
1972,13,4,6675
1972,13,5,2035
1972,14,0,1069
1972,14,3,1
1972,14,4,1002
1972,14,5,66
1972,15,0,2505
1972,15,4,2269
1972,15,5,236
1972,16,0,539
1972,16,1,3
1972,16,3,1
1972,16,4,349
1972,16,5,186
1972,17,0,7649
1972,17,1,42
1972,17,3,39
1972,17,4,6136
1972,17,5,1432
1972,18,0,2689
1972,18,1,5
1972,18,3,2
1972,18,4,1574
1972,18,5,1108
1973,0,0,12320
1973,0,1,217
1973,0,3,114
1973,0,4,7300
1973,0,5,4689
1973,1,0,5187
1973,1,1,37
1973,1,4,1545
1973,1,5,3605
1973,2,0,6663
1973,2,1,59
1973,2,3,11
1973,2,4,5373
1973,2,5,1220
1973,3,0,98
1973,3,1,4
1973,3,3,1
1973,3,4,66
1973,3,5,27
1973,4,0,5859
1973,4,1,54
1973,4,3,179
1973,4,4,2660
1973,4,5,2966
1973,5,0,2512
1973,5,1,173
1973,5,3,2
1973,5,4,1217
1973,5,5,1120
1973,6,0,3927
1973,6,1,122
1973,6,3,2
1973,6,4,899
1973,6,5,2904
1973,7,0,4217
1973,7,1,23
1973,7,3,8
1973,7,4,2362
1973,7,5,1824
1973,8,0,1419
1973,8,1,24
1973,8,3,52
1973,8,4,1004
1973,8,5,339
1973,9,0,9669
1973,9,1,160
1973,9,3,24
1973,9,4,6542
1973,9,5,2943
1973,10,0,7395
1973,10,1,43
1973,10,3,31
1973,10,4,4965
1973,10,5,2356
1973,11,0,2807
1973,11,3,1
1973,11,4,1999
1973,11,5,807
1973,12,0,5713
1973,12,1,19
1973,12,3,14
1973,12,4,3869
1973,12,5,1811
1973,13,0,8770
1973,13,1,6
1973,13,3,56
1973,13,4,6666
1973,13,5,2042
1973,14,0,1069
1973,14,3,1
1973,14,4,1000
1973,14,5,68
1973,15,0,2505
1973,15,4,2267
1973,15,5,238
1973,16,0,539
1973,16,1,3
1973,16,3,1
1973,16,4,349
1973,16,5,186
1973,17,0,7649
1973,17,1,42
1973,17,3,42
1973,17,4,6130
1973,17,5,1435
1973,18,0,2689
1973,18,1,5
1973,18,3,2
1973,18,4,1572
1973,18,5,1110
1974,0,0,12320
1974,0,1,218
1974,0,3,116
1974,0,4,7299
1974,0,5,4687
1974,1,0,5187
1974,1,1,37
1974,1,4,1520
1974,1,5,3630
1974,2,0,6663
1974,2,1,59
1974,2,3,12
1974,2,4,5388
1974,2,5,1204
1974,3,0,98
1974,3,1,4
1974,3,3,1
1974,3,4,66
1974,3,5,27
1974,4,0,5859
1974,4,1,54
1974,4,3,179
1974,4,4,2623
1974,4,5,3003
1974,5,0,2512
1974,5,1,173
1974,5,3,2
1974,5,4,1205
1974,5,5,1132
1974,6,0,3927
1974,6,1,122
1974,6,3,2
1974,6,4,887
1974,6,5,2916
1974,7,0,4217
1974,7,1,23
1974,7,3,8
1974,7,4,2328
1974,7,5,1858
1974,8,0,1419
1974,8,1,24
1974,8,3,53
1974,8,4,1004
1974,8,5,338
1974,9,0,9669
1974,9,1,160
1974,9,3,24
1974,9,4,6545
1974,9,5,2940
1974,10,0,7395
1974,10,1,43
1974,10,3,32
1974,10,4,4932
1974,10,5,2388
1974,11,0,2807
1974,11,3,1
1974,11,4,2008
1974,11,5,798
1974,12,0,5713
1974,12,1,19
1974,12,3,14
1974,12,4,3824
1974,12,5,1856
1974,13,0,8770
1974,13,1,6
1974,13,3,56
1974,13,4,6669
1974,13,5,2039
1974,14,0,1069
1974,14,3,1
1974,14,4,1001
1974,14,5,67
1974,15,0,2505
1974,15,4,2263
1974,15,5,242
1974,16,0,539
1974,16,1,3
1974,16,3,1
1974,16,4,344
1974,16,5,191
1974,17,0,7649
1974,17,1,42
1974,17,3,44
1974,17,4,6117
1974,17,5,1446
1974,18,0,2689
1974,18,1,5
1974,18,3,3
1974,18,4,1572
1974,18,5,1109
1975,0,0,12320
1975,0,1,217
1975,0,3,118
1975,0,4,7270
1975,0,5,4715
1975,1,0,5187
1975,1,1,37
1975,1,4,1527
1975,1,5,3623
1975,2,0,6663
1975,2,1,59
1975,2,3,13
1975,2,4,5356
1975,2,5,1235
1975,3,0,98
1975,3,1,4
1975,3,3,1
1975,3,4,66
1975,3,5,27
1975,4,0,5859
1975,4,1,54
1975,4,3,180
1975,4,4,2592
1975,4,5,3033
1975,5,0,2512
1975,5,1,173
1975,5,3,2
1975,5,4,1207
1975,5,5,1130
1975,6,0,3927
1975,6,1,122
1975,6,3,2
1975,6,4,885
1975,6,5,2918
1975,7,0,4217
1975,7,1,23
1975,7,3,8
1975,7,4,2332
1975,7,5,1854
1975,8,0,1419
1975,8,1,24
1975,8,3,54
1975,8,4,1001
1975,8,5,340
1975,9,0,9669
1975,9,1,160
1975,9,3,24
1975,9,4,6537
1975,9,5,2948
1975,10,0,7395
1975,10,1,43
1975,10,3,37
1975,10,4,4955
1975,10,5,2360
1975,11,0,2807
1975,11,3,1
1975,11,4,1998
1975,11,5,808
1975,12,0,5713
1975,12,1,19
1975,12,3,14
1975,12,4,3820
1975,12,5,1860
1975,13,0,8770
1975,13,1,6
1975,13,3,58
1975,13,4,6659
1975,13,5,2047
1975,14,0,1069
1975,14,3,1
1975,14,4,1000
1975,14,5,68
1975,15,0,2505
1975,15,4,2261
1975,15,5,244
1975,16,0,539
1975,16,1,3
1975,16,3,1
1975,16,4,339
1975,16,5,196
1975,17,0,7649
1975,17,1,42
1975,17,3,45
1975,17,4,6105
1975,17,5,1457
1975,18,0,2689
1975,18,1,5
1975,18,3,2
1975,18,4,1581
1975,18,5,1101
1976,0,0,12320
1976,0,1,218
1976,0,3,119
1976,0,4,7264
1976,0,5,4719
1976,1,0,5187
1976,1,1,37
1976,1,4,1505
1976,1,5,3645
1976,2,0,6663
1976,2,1,59
1976,2,3,14
1976,2,4,5387
1976,2,5,1203
1976,3,0,98
1976,3,1,4
1976,3,3,1
1976,3,4,66
1976,3,5,27
1976,4,0,5859
1976,4,1,54
1976,4,3,180
1976,4,4,2618
1976,4,5,3007
1976,5,0,2512
1976,5,1,173
1976,5,3,2
1976,5,4,1203
1976,5,5,1134
1976,6,0,3927
1976,6,1,122
1976,6,3,2
1976,6,4,865
1976,6,5,2938
1976,7,0,4217
1976,7,1,23
1976,7,3,8
1976,7,4,2323
1976,7,5,1863
1976,8,0,1419
1976,8,1,24
1976,8,3,55
1976,8,4,996
1976,8,5,344
1976,9,0,9669
1976,9,1,160
1976,9,3,27
1976,9,4,6501
1976,9,5,2981
1976,10,0,7395
1976,10,1,43
1976,10,3,35
1976,10,4,4899
1976,10,5,2418
1976,11,0,2807
1976,11,3,1
1976,11,4,1993
1976,11,5,813
1976,12,0,5713
1976,12,1,19
1976,12,3,14
1976,12,4,3771
1976,12,5,1909
1976,13,0,8770
1976,13,1,6
1976,13,3,58
1976,13,4,6650
1976,13,5,2056
1976,14,0,1069
1976,14,3,1
1976,14,4,1002
1976,14,5,66
1976,15,0,2505
1976,15,4,2263
1976,15,5,242
1976,16,0,539
1976,16,1,3
1976,16,3,1
1976,16,4,342
1976,16,5,193
1976,17,0,7649
1976,17,1,42
1976,17,3,46
1976,17,4,6101
1976,17,5,1460
1976,18,0,2689
1976,18,1,5
1976,18,3,3
1976,18,4,1561
1976,18,5,1120
1977,0,0,12320
1977,0,1,217
1977,0,3,122
1977,0,4,7231
1977,0,5,4750
1977,1,0,5187
1977,1,1,37
1977,1,4,1505
1977,1,5,3645
1977,2,0,6663
1977,2,1,59
1977,2,3,15
1977,2,4,5337
1977,2,5,1252
1977,3,0,98
1977,3,1,4
1977,3,3,1
1977,3,4,68
1977,3,5,25
1977,4,0,5859
1977,4,1,54
1977,4,3,181
1977,4,4,2592
1977,4,5,3032
1977,5,0,2512
1977,5,1,173
1977,5,3,2
1977,5,4,1210
1977,5,5,1127
1977,6,0,3927
1977,6,1,122
1977,6,3,2
1977,6,4,875
1977,6,5,2928
1977,7,0,4217
1977,7,1,23
1977,7,3,8
1977,7,4,2279
1977,7,5,1907
1977,8,0,1419
1977,8,1,24
1977,8,3,55
1977,8,4,1006
1977,8,5,334
1977,9,0,9669
1977,9,1,160
1977,9,3,27
1977,9,4,6502
1977,9,5,2980
1977,10,0,7395
1977,10,1,43
1977,10,3,38
1977,10,4,4929
1977,10,5,2385
1977,11,0,2807
1977,11,3,1
1977,11,4,1991
1977,11,5,815
1977,12,0,5713
1977,12,1,19
1977,12,3,14
1977,12,4,3789
1977,12,5,1891
1977,13,0,8770
1977,13,1,6
1977,13,3,60
1977,13,4,6637
1977,13,5,2067
1977,14,0,1069
1977,14,3,1
1977,14,4,999
1977,14,5,69
1977,15,0,2505
1977,15,4,2259
1977,15,5,246
1977,16,0,539
1977,16,1,3
1977,16,3,1
1977,16,4,341
1977,16,5,194
1977,17,0,7649
1977,17,1,42
1977,17,3,48
1977,17,4,6091
1977,17,5,1468
1977,18,0,2689
1977,18,1,5
1977,18,3,3
1977,18,4,1560
1977,18,5,1121
1978,0,0,12320
1978,0,1,218
1978,0,3,125
1978,0,4,7197
1978,0,5,4780
1978,1,0,5187
1978,1,1,37
1978,1,4,1496
1978,1,5,3654
1978,2,0,6663
1978,2,1,59
1978,2,3,17
1978,2,4,5353
1978,2,5,1234
1978,3,0,98
1978,3,1,4
1978,3,3,1
1978,3,4,66
1978,3,5,27
1978,4,0,5859
1978,4,1,54
1978,4,3,182
1978,4,4,2556
1978,4,5,3067
1978,5,0,2512
1978,5,1,173
1978,5,3,2
1978,5,4,1193
1978,5,5,1144
1978,6,0,3927
1978,6,1,122
1978,6,3,2
1978,6,4,861
1978,6,5,2942
1978,7,0,4217
1978,7,1,23
1978,7,3,8
1978,7,4,2272
1978,7,5,1914
1978,8,0,1419
1978,8,1,24
1978,8,3,59
1978,8,4,993
1978,8,5,343
1978,9,0,9669
1978,9,1,160
1978,9,3,27
1978,9,4,6459
1978,9,5,3023
1978,10,0,7395
1978,10,1,43
1978,10,3,36
1978,10,4,4861
1978,10,5,2455
1978,11,0,2807
1978,11,3,1
1978,11,4,1983
1978,11,5,823
1978,12,0,5713
1978,12,1,19
1978,12,3,15
1978,12,4,3726
1978,12,5,1953
1978,13,0,8770
1978,13,1,6
1978,13,3,60
1978,13,4,6608
1978,13,5,2096
1978,14,0,1069
1978,14,3,1
1978,14,4,1002
1978,14,5,66
1978,15,0,2505
1978,15,3,1
1978,15,4,2260
1978,15,5,244
1978,16,0,539
1978,16,1,3
1978,16,3,1
1978,16,4,337
1978,16,5,198
1978,17,0,7649
1978,17,1,42
1978,17,3,49
1978,17,4,6070
1978,17,5,1488
1978,18,0,2689
1978,18,1,5
1978,18,3,3
1978,18,4,1549
1978,18,5,1132
1979,0,0,12320
1979,0,1,217
1979,0,3,127
1979,0,4,7149
1979,0,5,4827
1979,1,0,5187
1979,1,1,37
1979,1,4,1455
1979,1,5,3695
1979,2,0,6663
1979,2,1,59
1979,2,3,21
1979,2,4,5311
1979,2,5,1272
1979,3,0,98
1979,3,1,4
1979,3,3,1
1979,3,4,66
1979,3,5,27
1979,4,0,5859
1979,4,1,54
1979,4,3,183
1979,4,4,2531
1979,4,5,3091
1979,5,0,2512
1979,5,1,173
1979,5,3,2
1979,5,4,1181
1979,5,5,1156
1979,6,0,3927
1979,6,1,122
1979,6,3,2
1979,6,4,854
1979,6,5,2949
1979,7,0,4217
1979,7,1,23
1979,7,3,8
1979,7,4,2256
1979,7,5,1930
1979,8,0,1419
1979,8,1,24
1979,8,3,58
1979,8,4,986
1979,8,5,351
1979,9,0,9669
1979,9,1,160
1979,9,3,27
1979,9,4,6402
1979,9,5,3080
1979,10,0,7395
1979,10,1,43
1979,10,3,38
1979,10,4,4885
1979,10,5,2429
1979,11,0,2807
1979,11,3,3
1979,11,4,1972
1979,11,5,832
1979,12,0,5713
1979,12,1,19
1979,12,3,15
1979,12,4,3712
1979,12,5,1967
1979,13,0,8770
1979,13,1,6
1979,13,3,66
1979,13,4,6572
1979,13,5,2126
1979,14,0,1069
1979,14,3,1
1979,14,4,1000
1979,14,5,68
1979,15,0,2505
1979,15,4,2264
1979,15,5,241
1979,16,0,539
1979,16,1,3
1979,16,3,1
1979,16,4,334
1979,16,5,201
1979,17,0,7649
1979,17,1,42
1979,17,3,50
1979,17,4,6078
1979,17,5,1479
1979,18,0,2689
1979,18,1,5
1979,18,3,3
1979,18,4,1538
1979,18,5,1143
1980,0,0,12320
1980,0,1,218
1980,0,3,130
1980,0,4,7102
1980,0,5,4870
1980,1,0,5187
1980,1,1,37
1980,1,4,1439
1980,1,5,3711
1980,2,0,6663
1980,2,1,59
1980,2,3,21
1980,2,4,5323
1980,2,5,1260
1980,3,0,98
1980,3,1,4
1980,3,3,1
1980,3,4,66
1980,3,5,27
1980,4,0,5859
1980,4,1,54
1980,4,3,185
1980,4,4,2497
1980,4,5,3123
1980,5,0,2512
1980,5,1,173
1980,5,3,2
1980,5,4,1165
1980,5,5,1172
1980,6,0,3927
1980,6,1,122
1980,6,3,2
1980,6,4,835
1980,6,5,2968
1980,7,0,4217
1980,7,1,23
1980,7,3,8
1980,7,4,2237
1980,7,5,1949
1980,8,0,1419
1980,8,1,24
1980,8,3,62
1980,8,4,986
1980,8,5,347
1980,9,0,9669
1980,9,1,160
1980,9,3,28
1980,9,4,6378
1980,9,5,3103
1980,10,0,7395
1980,10,1,43
1980,10,3,38
1980,10,4,4816
1980,10,5,2498
1980,11,0,2807
1980,11,3,3
1980,11,4,1961
1980,11,5,843
1980,12,0,5713
1980,12,1,19
1980,12,3,16
1980,12,4,3647
1980,12,5,2031
1980,13,0,8770
1980,13,1,6
1980,13,3,65
1980,13,4,6546
1980,13,5,2153
1980,14,0,1069
1980,14,3,1
1980,14,4,999
1980,14,5,69
1980,15,0,2505
1980,15,3,2
1980,15,4,2255
1980,15,5,248
1980,16,0,539
1980,16,1,3
1980,16,3,1
1980,16,4,341
1980,16,5,194
1980,17,0,7649
1980,17,1,42
1980,17,3,53
1980,17,4,6053
1980,17,5,1501
1980,18,0,2689
1980,18,1,5
1980,18,3,3
1980,18,4,1536
1980,18,5,1145
1981,0,0,12320
1981,0,1,217
1981,0,3,132
1981,0,4,7093
1981,0,5,4878
1981,1,0,5187
1981,1,1,37
1981,1,4,1432
1981,1,5,3718
1981,2,0,6663
1981,2,1,59
1981,2,3,21
1981,2,4,5305
1981,2,5,1278
1981,3,0,98
1981,3,1,4
1981,3,3,1
1981,3,4,66
1981,3,5,27
1981,4,0,5859
1981,4,1,54
1981,4,3,194
1981,4,4,2445
1981,4,5,3166
1981,5,0,2512
1981,5,1,173
1981,5,3,2
1981,5,4,1144
1981,5,5,1193
1981,6,0,3927
1981,6,1,122
1981,6,3,2
1981,6,4,816
1981,6,5,2987
1981,7,0,4217
1981,7,1,23
1981,7,3,8
1981,7,4,2206
1981,7,5,1980
1981,8,0,1419
1981,8,1,24
1981,8,3,62
1981,8,4,982
1981,8,5,351
1981,9,0,9669
1981,9,1,160
1981,9,3,28
1981,9,4,6297
1981,9,5,3184
1981,10,0,7395
1981,10,1,43
1981,10,3,40
1981,10,4,4838
1981,10,5,2474
1981,11,0,2807
1981,11,3,3
1981,11,4,1954
1981,11,5,850
1981,12,0,5713
1981,12,1,19
1981,12,3,17
1981,12,4,3621
1981,12,5,2056
1981,13,0,8770
1981,13,1,6
1981,13,3,70
1981,13,4,6525
1981,13,5,2169
1981,14,0,1069
1981,14,3,1
1981,14,4,996
1981,14,5,72
1981,15,0,2505
1981,15,3,1
1981,15,4,2260
1981,15,5,244
1981,16,0,539
1981,16,1,3
1981,16,3,1
1981,16,4,333
1981,16,5,202
1981,17,0,7649
1981,17,1,42
1981,17,3,54
1981,17,4,6049
1981,17,5,1504
1981,18,0,2689
1981,18,1,5
1981,18,3,3
1981,18,4,1526
1981,18,5,1155
1982,0,0,12320
1982,0,1,218
1982,0,3,133
1982,0,4,7008
1982,0,5,4961
1982,1,0,5187
1982,1,1,37
1982,1,4,1427
1982,1,5,3723
1982,2,0,6663
1982,2,1,59
1982,2,3,21
1982,2,4,5312
1982,2,5,1271
1982,3,0,98
1982,3,1,4
1982,3,3,1
1982,3,4,68
1982,3,5,25
1982,4,0,5859
1982,4,1,55
1982,4,3,197
1982,4,4,2429
1982,4,5,3178
1982,5,0,2512
1982,5,1,173
1982,5,3,4
1982,5,4,1139
1982,5,5,1196
1982,6,0,3927
1982,6,1,122
1982,6,3,2
1982,6,4,816
1982,6,5,2987
1982,7,0,4217
1982,7,1,23
1982,7,3,8
1982,7,4,2173
1982,7,5,2013
1982,8,0,1419
1982,8,1,24
1982,8,3,63
1982,8,4,976
1982,8,5,356
1982,9,0,9669
1982,9,1,160
1982,9,3,28
1982,9,4,6258
1982,9,5,3223
1982,10,0,7395
1982,10,1,43
1982,10,3,45
1982,10,4,4758
1982,10,5,2549
1982,11,0,2807
1982,11,3,3
1982,11,4,1941
1982,11,5,863
1982,12,0,5713
1982,12,1,19
1982,12,3,17
1982,12,4,3552
1982,12,5,2125
1982,13,0,8770
1982,13,1,6
1982,13,3,74
1982,13,4,6503
1982,13,5,2187
1982,14,0,1069
1982,14,3,1
1982,14,4,998
1982,14,5,70
1982,15,0,2505
1982,15,3,2
1982,15,4,2264
1982,15,5,239
1982,16,0,539
1982,16,1,3
1982,16,3,1
1982,16,4,323
1982,16,5,212
1982,17,0,7649
1982,17,1,42
1982,17,3,56
1982,17,4,6050
1982,17,5,1501
1982,18,0,2689
1982,18,1,5
1982,18,3,4
1982,18,4,1508
1982,18,5,1172
1983,0,0,12320
1983,0,1,217
1983,0,3,137
1983,0,4,6979
1983,0,5,4987
1983,1,0,5187
1983,1,1,37
1983,1,4,1415
1983,1,5,3735
1983,2,0,6663
1983,2,1,59
1983,2,3,26
1983,2,4,5298
1983,2,5,1280
1983,3,0,98
1983,3,1,4
1983,3,3,1
1983,3,4,64
1983,3,5,29
1983,4,0,5859
1983,4,1,55
1983,4,3,198
1983,4,4,2384
1983,4,5,3222
1983,5,0,2512
1983,5,1,173
1983,5,3,4
1983,5,4,1125
1983,5,5,1210
1983,6,0,3927
1983,6,1,122
1983,6,3,2
1983,6,4,784
1983,6,5,3019
1983,7,0,4217
1983,7,1,23
1983,7,3,7
1983,7,4,2149
1983,7,5,2038
1983,8,0,1419
1983,8,1,24
1983,8,3,63
1983,8,4,966
1983,8,5,366
1983,9,0,9669
1983,9,1,160
1983,9,3,26
1983,9,4,6149
1983,9,5,3334
1983,10,0,7395
1983,10,1,43
1983,10,3,47
1983,10,4,4793
1983,10,5,2512
1983,11,0,2807
1983,11,3,3
1983,11,4,1937
1983,11,5,867
1983,12,0,5713
1983,12,1,19
1983,12,3,17
1983,12,4,3527
1983,12,5,2150
1983,13,0,8770
1983,13,1,6
1983,13,3,80
1983,13,4,6489
1983,13,5,2195
1983,14,0,1069
1983,14,3,1
1983,14,4,1000
1983,14,5,68
1983,15,0,2505
1983,15,3,1
1983,15,4,2259
1983,15,5,245
1983,16,0,539
1983,16,1,3
1983,16,3,1
1983,16,4,319
1983,16,5,216
1983,17,0,7649
1983,17,1,42
1983,17,3,59
1983,17,4,6050
1983,17,5,1498
1983,18,0,2689
1983,18,1,5
1983,18,3,4
1983,18,4,1520
1983,18,5,1160
1984,0,0,12320
1984,0,1,218
1984,0,3,136
1984,0,4,6906
1984,0,5,5060
1984,1,0,5187
1984,1,1,37
1984,1,3,1
1984,1,4,1396
1984,1,5,3753
1984,2,0,6663
1984,2,1,59
1984,2,3,26
1984,2,4,5290
1984,2,5,1288
1984,3,0,98
1984,3,1,4
1984,3,3,1
1984,3,4,64
1984,3,5,29
1984,4,0,5859
1984,4,1,55
1984,4,3,198
1984,4,4,2348
1984,4,5,3258
1984,5,0,2512
1984,5,1,173
1984,5,3,4
1984,5,4,1080
1984,5,5,1255
1984,6,0,3927
1984,6,1,122
1984,6,3,4
1984,6,4,774
1984,6,5,3027
1984,7,0,4217
1984,7,1,23
1984,7,3,8
1984,7,4,2142
1984,7,5,2044
1984,8,0,1419
1984,8,1,24
1984,8,3,65
1984,8,4,954
1984,8,5,376
1984,9,0,9669
1984,9,1,160
1984,9,3,28
1984,9,4,6091
1984,9,5,3390
1984,10,0,7395
1984,10,1,43
1984,10,3,48
1984,10,4,4778
1984,10,5,2526
1984,11,0,2807
1984,11,3,3
1984,11,4,1922
1984,11,5,882
1984,12,0,5713
1984,12,1,19
1984,12,3,19
1984,12,4,3501
1984,12,5,2174
1984,13,0,8770
1984,13,1,6
1984,13,3,81
1984,13,4,6465
1984,13,5,2218
1984,14,0,1069
1984,14,3,1
1984,14,4,992
1984,14,5,76
1984,15,0,2505
1984,15,3,2
1984,15,4,2259
1984,15,5,244
1984,16,0,539
1984,16,1,3
1984,16,3,1
1984,16,4,318
1984,16,5,217
1984,17,0,7649
1984,17,1,42
1984,17,3,65
1984,17,4,6038
1984,17,5,1504
1984,18,0,2689
1984,18,1,5
1984,18,3,5
1984,18,4,1492
1984,18,5,1187
1985,0,0,12320
1985,0,1,217
1985,0,3,143
1985,0,4,6869
1985,0,5,5091
1985,1,0,5187
1985,1,1,37
1985,1,3,1
1985,1,4,1375
1985,1,5,3774
1985,2,0,6663
1985,2,1,59
1985,2,3,26
1985,2,4,5258
1985,2,5,1320
1985,3,0,98
1985,3,1,4
1985,3,3,1
1985,3,4,63
1985,3,5,30
1985,4,0,5859
1985,4,1,55
1985,4,3,206
1985,4,4,2306
1985,4,5,3292
1985,5,0,2512
1985,5,1,173
1985,5,3,4
1985,5,4,1065
1985,5,5,1270
1985,6,0,3927
1985,6,1,122
1985,6,3,4
1985,6,4,763
1985,6,5,3038
1985,7,0,4217
1985,7,1,23
1985,7,3,9
1985,7,4,2127
1985,7,5,2058
1985,8,0,1419
1985,8,1,24
1985,8,3,65
1985,8,4,958
1985,8,5,372
1985,9,0,9669
1985,9,1,160
1985,9,3,27
1985,9,4,6047
1985,9,5,3435
1985,10,0,7395
1985,10,1,43
1985,10,3,49
1985,10,4,4740
1985,10,5,2563
1985,11,0,2807
1985,11,3,3
1985,11,4,1914
1985,11,5,890
1985,12,0,5713
1985,12,1,19
1985,12,3,19
1985,12,4,3410
1985,12,5,2265
1985,13,0,8770
1985,13,1,6
1985,13,3,83
1985,13,4,6463
1985,13,5,2218
1985,14,0,1069
1985,14,3,1
1985,14,4,985
1985,14,5,83
1985,15,0,2505
1985,15,3,2
1985,15,4,2262
1985,15,5,241
1985,16,0,539
1985,16,1,3
1985,16,3,1
1985,16,4,315
1985,16,5,220
1985,17,0,7649
1985,17,1,42
1985,17,3,67
1985,17,4,6045
1985,17,5,1495
1985,18,0,2689
1985,18,1,5
1985,18,3,5
1985,18,4,1509
1985,18,5,1170
1986,0,0,12320
1986,0,1,218
1986,0,3,148
1986,0,4,6791
1986,0,5,5163
1986,1,0,5187
1986,1,1,37
1986,1,3,1
1986,1,4,1342
1986,1,5,3807
1986,2,0,6663
1986,2,1,59
1986,2,3,30
1986,2,4,5259
1986,2,5,1315
1986,3,0,98
1986,3,1,4
1986,3,3,1
1986,3,4,63
1986,3,5,30
1986,4,0,5859
1986,4,1,55
1986,4,3,207
1986,4,4,2282
1986,4,5,3315
1986,5,0,2512
1986,5,1,173
1986,5,3,4
1986,5,4,1081
1986,5,5,1254
1986,6,0,3927
1986,6,1,122
1986,6,3,4
1986,6,4,746
1986,6,5,3055
1986,7,0,4217
1986,7,1,23
1986,7,3,10
1986,7,4,2113
1986,7,5,2071
1986,8,0,1419
1986,8,1,24
1986,8,3,68
1986,8,4,947
1986,8,5,380
1986,9,0,9669
1986,9,1,160
1986,9,3,29
1986,9,4,5975
1986,9,5,3505
1986,10,0,7395
1986,10,1,43
1986,10,3,50
1986,10,4,4690
1986,10,5,2612
1986,11,0,2807
1986,11,3,4
1986,11,4,1892
1986,11,5,911
1986,12,0,5713
1986,12,1,19
1986,12,3,20
1986,12,4,3363
1986,12,5,2311
1986,13,0,8770
1986,13,1,6
1986,13,3,80
1986,13,4,6441
1986,13,5,2243
1986,14,0,1069
1986,14,3,1
1986,14,4,982
1986,14,5,86
1986,15,0,2505
1986,15,3,2
1986,15,4,2256
1986,15,5,247
1986,16,0,539
1986,16,1,3
1986,16,3,1
1986,16,4,319
1986,16,5,216
1986,17,0,7649
1986,17,1,42
1986,17,3,72
1986,17,4,6035
1986,17,5,1500
1986,18,0,2689
1986,18,1,5
1986,18,3,5
1986,18,4,1509
1986,18,5,1170
1987,0,0,12320
1987,0,1,217
1987,0,3,156
1987,0,4,6788
1987,0,5,5159
1987,1,0,5187
1987,1,1,37
1987,1,3,1
1987,1,4,1332
1987,1,5,3817
1987,2,0,6663
1987,2,1,59
1987,2,3,30
1987,2,4,5235
1987,2,5,1339
1987,3,0,98
1987,3,1,4
1987,3,3,1
1987,3,4,63
1987,3,5,30
1987,4,0,5859
1987,4,1,55
1987,4,3,207
1987,4,4,2248
1987,4,5,3349
1987,5,0,2512
1987,5,1,173
1987,5,3,4
1987,5,4,1033
1987,5,5,1302
1987,6,0,3927
1987,6,1,122
1987,6,3,4
1987,6,4,735
1987,6,5,3066
1987,7,0,4217
1987,7,1,23
1987,7,3,10
1987,7,4,2110
1987,7,5,2074
1987,8,0,1419
1987,8,1,24
1987,8,3,70
1987,8,4,938
1987,8,5,387
1987,9,0,9669
1987,9,1,160
1987,9,3,31
1987,9,4,5880
1987,9,5,3598
1987,10,0,7395
1987,10,1,43
1987,10,3,52
1987,10,4,4680
1987,10,5,2620
1987,11,0,2807
1987,11,3,4
1987,11,4,1892
1987,11,5,911
1987,12,0,5713
1987,12,1,19
1987,12,3,22
1987,12,4,3328
1987,12,5,2344
1987,13,0,8770
1987,13,1,6
1987,13,3,84
1987,13,4,6409
1987,13,5,2271
1987,14,0,1069
1987,14,3,1
1987,14,4,979
1987,14,5,89
1987,15,0,2505
1987,15,3,2
1987,15,4,2247
1987,15,5,256
1987,16,0,539
1987,16,1,3
1987,16,3,3
1987,16,4,305
1987,16,5,228
1987,17,0,7649
1987,17,1,42
1987,17,3,71
1987,17,4,6012
1987,17,5,1524
1987,18,0,2689
1987,18,1,5
1987,18,3,7
1987,18,4,1498
1987,18,5,1179
1988,0,0,12320
1988,0,1,218
1988,0,3,156
1988,0,4,6702
1988,0,5,5244
1988,1,0,5187
1988,1,1,37
1988,1,3,1
1988,1,4,1333
1988,1,5,3816
1988,2,0,6663
1988,2,1,59
1988,2,3,32
1988,2,4,5213
1988,2,5,1359
1988,3,0,98
1988,3,1,4
1988,3,3,1
1988,3,4,63
1988,3,5,30
1988,4,0,5859
1988,4,1,55
1988,4,3,213
1988,4,4,2209
1988,4,5,3382
1988,5,0,2512
1988,5,1,173
1988,5,3,6
1988,5,4,1023
1988,5,5,1310
1988,6,0,3927
1988,6,1,122
1988,6,3,4
1988,6,4,723
1988,6,5,3078
1988,7,0,4217
1988,7,1,23
1988,7,3,9
1988,7,4,2044
1988,7,5,2141
1988,8,0,1419
1988,8,1,24
1988,8,3,69
1988,8,4,930
1988,8,5,396
1988,9,0,9669
1988,9,1,160
1988,9,3,32
1988,9,4,5825
1988,9,5,3652
1988,10,0,7395
1988,10,1,43
1988,10,3,57
1988,10,4,4652
1988,10,5,2643
1988,11,0,2807
1988,11,3,4
1988,11,4,1877
1988,11,5,926
1988,12,0,5713
1988,12,1,19
1988,12,3,22
1988,12,4,3315
1988,12,5,2357
1988,13,0,8770
1988,13,1,6
1988,13,3,83
1988,13,4,6379
1988,13,5,2302
1988,14,0,1069
1988,14,3,1
1988,14,4,984
1988,14,5,84
1988,15,0,2505
1988,15,3,3
1988,15,4,2242
1988,15,5,260
1988,16,0,539
1988,16,1,3
1988,16,3,3
1988,16,4,303
1988,16,5,230
1988,17,0,7649
1988,17,1,42
1988,17,3,80
1988,17,4,6003
1988,17,5,1524
1988,18,0,2689
1988,18,1,5
1988,18,3,9
1988,18,4,1480
1988,18,5,1195
1989,0,0,12320
1989,0,1,217
1989,0,3,157
1989,0,4,6646
1989,0,5,5300
1989,1,0,5187
1989,1,1,37
1989,1,3,1
1989,1,4,1321
1989,1,5,3828
1989,2,0,6663
1989,2,1,59
1989,2,3,32
1989,2,4,5209
1989,2,5,1363
1989,3,0,98
1989,3,1,4
1989,3,3,1
1989,3,4,63
1989,3,5,30
1989,4,0,5859
1989,4,1,55
1989,4,3,218
1989,4,4,2186
1989,4,5,3400
1989,5,0,2512
1989,5,1,173
1989,5,3,6
1989,5,4,1042
1989,5,5,1291
1989,6,0,3927
1989,6,1,122
1989,6,3,4
1989,6,4,713
1989,6,5,3088
1989,7,0,4217
1989,7,1,23
1989,7,3,10
1989,7,4,2032
1989,7,5,2152
1989,8,0,1419
1989,8,1,24
1989,8,3,71
1989,8,4,931
1989,8,5,393
1989,9,0,9669
1989,9,1,160
1989,9,3,32
1989,9,4,5802
1989,9,5,3675
1989,10,0,7395
1989,10,1,43
1989,10,3,58
1989,10,4,4578
1989,10,5,2716
1989,11,0,2807
1989,11,3,4
1989,11,4,1853
1989,11,5,950
1989,12,0,5713
1989,12,1,19
1989,12,3,22
1989,12,4,3231
1989,12,5,2441
1989,13,0,8770
1989,13,1,6
1989,13,3,91
1989,13,4,6364
1989,13,5,2309
1989,14,0,1069
1989,14,3,1
1989,14,4,979
1989,14,5,89
1989,15,0,2505
1989,15,3,3
1989,15,4,2241
1989,15,5,261
1989,16,0,539
1989,16,1,3
1989,16,3,4
1989,16,4,300
1989,16,5,232
1989,17,0,7649
1989,17,1,42
1989,17,3,82
1989,17,4,6010
1989,17,5,1515
1989,18,0,2689
1989,18,1,5
1989,18,3,11
1989,18,4,1463
1989,18,5,1210
1990,0,0,12320
1990,0,1,218
1990,0,3,162
1990,0,4,6543
1990,0,5,5397
1990,1,0,5187
1990,1,1,37
1990,1,3,5
1990,1,4,1312
1990,1,5,3833
1990,2,0,6663
1990,2,1,59
1990,2,3,32
1990,2,4,5189
1990,2,5,1383
1990,3,0,98
1990,3,1,4
1990,3,3,1
1990,3,4,60
1990,3,5,33
1990,4,0,5859
1990,4,1,55
1990,4,3,221
1990,4,4,2156
1990,4,5,3427
1990,5,0,2512
1990,5,1,173
1990,5,3,6
1990,5,4,1019
1990,5,5,1314
1990,6,0,3927
1990,6,1,122
1990,6,3,5
1990,6,4,701
1990,6,5,3099
1990,7,0,4217
1990,7,1,23
1990,7,3,10
1990,7,4,1986
1990,7,5,2198
1990,8,0,1419
1990,8,1,24
1990,8,3,72
1990,8,4,917
1990,8,5,406
1990,9,0,9669
1990,9,1,160
1990,9,3,32
1990,9,4,5738
1990,9,5,3739
1990,10,0,7395
1990,10,1,43
1990,10,3,64
1990,10,4,4581
1990,10,5,2707
1990,11,0,2807
1990,11,3,4
1990,11,4,1853
1990,11,5,950
1990,12,0,5713
1990,12,1,19
1990,12,3,24
1990,12,4,3230
1990,12,5,2440
1990,13,0,8770
1990,13,1,6
1990,13,3,95
1990,13,4,6344
1990,13,5,2325
1990,14,0,1069
1990,14,3,1
1990,14,4,982
1990,14,5,86
1990,15,0,2505
1990,15,3,3
1990,15,4,2237
1990,15,5,265
1990,16,0,539
1990,16,1,3
1990,16,3,4
1990,16,4,299
1990,16,5,233
1990,17,0,7649
1990,17,1,42
1990,17,3,83
1990,17,4,6009
1990,17,5,1515
1990,18,0,2689
1990,18,1,5
1990,18,3,11
1990,18,4,1453
1990,18,5,1220
1991,0,0,12320
1991,0,1,217
1991,0,3,162
1991,0,4,6478
1991,0,5,5463
1991,1,0,5187
1991,1,1,37
1991,1,3,5
1991,1,4,1295
1991,1,5,3850
1991,2,0,6663
1991,2,1,59
1991,2,3,35
1991,2,4,5146
1991,2,5,1423
1991,3,0,98
1991,3,1,4
1991,3,3,1
1991,3,4,60
1991,3,5,33
1991,4,0,5859
1991,4,1,55
1991,4,3,231
1991,4,4,2104
1991,4,5,3469
1991,5,0,2512
1991,5,1,173
1991,5,3,6
1991,5,4,1002
1991,5,5,1331
1991,6,0,3927
1991,6,1,122
1991,6,3,5
1991,6,4,692
1991,6,5,3108
1991,7,0,4217
1991,7,1,23
1991,7,3,15
1991,7,4,1982
1991,7,5,2197
1991,8,0,1419
1991,8,1,24
1991,8,3,71
1991,8,4,909
1991,8,5,415
1991,9,0,9669
1991,9,1,160
1991,9,3,34
1991,9,4,5691
1991,9,5,3784
1991,10,0,7395
1991,10,1,43
1991,10,3,65
1991,10,4,4536
1991,10,5,2751
1991,11,0,2807
1991,11,3,4
1991,11,4,1830
1991,11,5,973
1991,12,0,5713
1991,12,1,19
1991,12,3,25
1991,12,4,3060
1991,12,5,2609
1991,13,0,8770
1991,13,1,6
1991,13,3,102
1991,13,4,6307
1991,13,5,2355
1991,14,0,1069
1991,14,3,1
1991,14,4,973
1991,14,5,95
1991,15,0,2505
1991,15,3,3
1991,15,4,2248
1991,15,5,254
1991,16,0,539
1991,16,1,3
1991,16,3,4
1991,16,4,286
1991,16,5,246
1991,17,0,7649
1991,17,1,42
1991,17,3,82
1991,17,4,6000
1991,17,5,1525
1991,18,0,2689
1991,18,1,5
1991,18,3,11
1991,18,4,1464
1991,18,5,1209
1992,0,0,12320
1992,0,1,217
1992,0,3,166
1992,0,4,6434
1992,0,5,5503
1992,1,0,5187
1992,1,1,37
1992,1,3,5
1992,1,4,1254
1992,1,5,3891
1992,2,0,6663
1992,2,1,59
1992,2,3,36
1992,2,4,5172
1992,2,5,1396
1992,3,0,98
1992,3,1,4
1992,3,3,1
1992,3,4,58
1992,3,5,35
1992,4,0,5859
1992,4,1,55
1992,4,3,237
1992,4,4,2039
1992,4,5,3528
1992,5,0,2512
1992,5,1,173
1992,5,3,6
1992,5,4,951
1992,5,5,1382
1992,6,0,3927
1992,6,1,122
1992,6,3,5
1992,6,4,678
1992,6,5,3122
1992,7,0,4217
1992,7,1,23
1992,7,3,17
1992,7,4,1960
1992,7,5,2217
1992,8,0,1419
1992,8,1,24
1992,8,3,74
1992,8,4,907
1992,8,5,414
1992,9,0,9669
1992,9,1,160
1992,9,3,32
1992,9,4,5400
1992,9,5,4077
1992,10,0,7395
1992,10,1,43
1992,10,3,65
1992,10,4,4462
1992,10,5,2825
1992,11,0,2807
1992,11,3,4
1992,11,4,1812
1992,11,5,991
1992,12,0,5713
1992,12,1,19
1992,12,3,26
1992,12,4,3120
1992,12,5,2548
1992,13,0,8770
1992,13,1,6
1992,13,3,108
1992,13,4,6261
1992,13,5,2395
1992,14,0,1069
1992,14,3,1
1992,14,4,971
1992,14,5,97
1992,15,0,2505
1992,15,3,4
1992,15,4,2230
1992,15,5,271
1992,16,0,539
1992,16,1,3
1992,16,3,4
1992,16,4,294
1992,16,5,238
1992,17,0,7649
1992,17,1,42
1992,17,3,89
1992,17,4,5986
1992,17,5,1532
1992,18,0,2689
1992,18,1,5
1992,18,3,11
1992,18,4,1456
1992,18,5,1217
1993,0,0,12320
1993,0,1,217
1993,0,3,170
1993,0,4,6348
1993,0,5,5585
1993,1,0,5187
1993,1,1,37
1993,1,3,5
1993,1,4,1245
1993,1,5,3900
1993,2,0,6663
1993,2,1,59
1993,2,3,37
1993,2,4,5141
1993,2,5,1426
1993,3,0,98
1993,3,1,4
1993,3,3,1
1993,3,4,58
1993,3,5,35
1993,4,0,5859
1993,4,1,55
1993,4,3,240
1993,4,4,1976
1993,4,5,3588
1993,5,0,2512
1993,5,1,173
1993,5,3,6
1993,5,4,903
1993,5,5,1430
1993,6,0,3927
1993,6,1,122
1993,6,3,5
1993,6,4,676
1993,6,5,3124
1993,7,0,4217
1993,7,1,23
1993,7,3,18
1993,7,4,1891
1993,7,5,2285
1993,8,0,1419
1993,8,1,24
1993,8,3,70
1993,8,4,856
1993,8,5,469
1993,9,0,9669
1993,9,1,160
1993,9,3,37
1993,9,4,5215
1993,9,5,4257
1993,10,0,7395
1993,10,1,43
1993,10,3,68
1993,10,4,4441
1993,10,5,2843
1993,11,0,2807
1993,11,3,5
1993,11,4,1798
1993,11,5,1004
1993,12,0,5713
1993,12,1,19
1993,12,3,28
1993,12,4,3077
1993,12,5,2589
1993,13,0,8770
1993,13,1,6
1993,13,3,118
1993,13,4,6193
1993,13,5,2453
1993,14,0,1069
1993,14,3,1
1993,14,4,955
1993,14,5,113
1993,15,0,2505
1993,15,3,4
1993,15,4,2212
1993,15,5,289
1993,16,0,539
1993,16,1,3
1993,16,3,4
1993,16,4,277
1993,16,5,255
1993,17,0,7649
1993,17,1,42
1993,17,3,93
1993,17,4,5923
1993,17,5,1591
1993,18,0,2689
1993,18,1,5
1993,18,3,10
1993,18,4,1353
1993,18,5,1321
1994,0,0,12320
1994,0,1,217
1994,0,3,172
1994,0,4,5866
1994,0,5,6065
1994,1,0,5187
1994,1,1,37
1994,1,3,5
1994,1,4,1217
1994,1,5,3928
1994,2,0,6663
1994,2,1,59
1994,2,3,41
1994,2,4,4975
1994,2,5,1588
1994,3,0,98
1994,3,1,4
1994,3,3,1
1994,3,4,54
1994,3,5,39
1994,4,0,5859
1994,4,1,55
1994,4,3,241
1994,4,4,1816
1994,4,5,3747
1994,5,0,2512
1994,5,1,173
1994,5,3,6
1994,5,4,748
1994,5,5,1585
1994,6,0,3927
1994,6,1,122
1994,6,3,5
1994,6,4,663
1994,6,5,3137
1994,7,0,4217
1994,7,1,23
1994,7,3,18
1994,7,4,1711
1994,7,5,2465
1994,8,0,1419
1994,8,1,24
1994,8,3,73
1994,8,4,786
1994,8,5,536
1994,9,0,9669
1994,9,1,160
1994,9,3,36
1994,9,4,4280
1994,9,5,5193
1994,10,0,7395
1994,10,1,43
1994,10,3,73
1994,10,4,4148
1994,10,5,3131
1994,11,0,2807
1994,11,3,6
1994,11,4,1710
1994,11,5,1091
1994,12,0,5713
1994,12,1,19
1994,12,3,29
1994,12,4,2783
1994,12,5,2882
1994,13,0,8770
1994,13,1,6
1994,13,3,122
1994,13,4,6041
1994,13,5,2601
1994,14,0,1069
1994,14,3,1
1994,14,4,918
1994,14,5,150
1994,15,0,2505
1994,15,3,4
1994,15,4,2190
1994,15,5,311
1994,16,0,539
1994,16,1,3
1994,16,3,4
1994,16,4,256
1994,16,5,276
1994,17,0,7649
1994,17,1,42
1994,17,3,94
1994,17,4,5782
1994,17,5,1731
1994,18,0,2689
1994,18,1,5
1994,18,3,11
1994,18,4,1240
1994,18,5,1433
1995,0,0,12320
1995,0,1,217
1995,0,3,177
1995,0,4,6483
1995,0,5,5443
1995,1,0,5187
1995,1,1,37
1995,1,3,5
1995,1,4,1304
1995,1,5,3841
1995,2,0,6663
1995,2,1,59
1995,2,3,41
1995,2,4,5142
1995,2,5,1421
1995,3,0,98
1995,3,1,4
1995,3,3,1
1995,3,4,60
1995,3,5,33
1995,4,0,5859
1995,4,1,55
1995,4,3,245
1995,4,4,2064
1995,4,5,3495
1995,5,0,2512
1995,5,1,173
1995,5,3,7
1995,5,4,913
1995,5,5,1419
1995,6,0,3927
1995,6,1,122
1995,6,3,5
1995,6,4,703
1995,6,5,3097
1995,7,0,4217
1995,7,1,23
1995,7,3,18
1995,7,4,2014
1995,7,5,2162
1995,8,0,1419
1995,8,1,24
1995,8,3,77
1995,8,4,818
1995,8,5,500
1995,9,0,9669
1995,9,1,160
1995,9,3,38
1995,9,4,5561
1995,9,5,3910
1995,10,0,7395
1995,10,1,43
1995,10,3,78
1995,10,4,4459
1995,10,5,2815
1995,11,0,2807
1995,11,3,6
1995,11,4,1846
1995,11,5,955
1995,12,0,5713
1995,12,1,19
1995,12,3,29
1995,12,4,3179
1995,12,5,2486
1995,13,0,8770
1995,13,1,6
1995,13,3,126
1995,13,4,6280
1995,13,5,2358
1995,14,0,1069
1995,14,3,1
1995,14,4,960
1995,14,5,108
1995,15,0,2505
1995,15,3,4
1995,15,4,2208
1995,15,5,293
1995,16,0,539
1995,16,1,3
1995,16,3,4
1995,16,4,252
1995,16,5,280
1995,17,0,7649
1995,17,1,42
1995,17,3,103
1995,17,4,5885
1995,17,5,1619
1995,18,0,2689
1995,18,1,5
1995,18,3,10
1995,18,4,1419
1995,18,5,1255
1996,0,0,12320
1996,0,1,217
1996,0,3,180
1996,0,4,6471
1996,0,5,5452
1996,1,0,5187
1996,1,1,37
1996,1,3,5
1996,1,4,1297
1996,1,5,3848
1996,2,0,6663
1996,2,1,59
1996,2,3,44
1996,2,4,5132
1996,2,5,1428
1996,3,0,98
1996,3,1,4
1996,3,3,1
1996,3,4,60
1996,3,5,33
1996,4,0,5859
1996,4,1,55
1996,4,3,241
1996,4,4,2057
1996,4,5,3506
1996,5,0,2512
1996,5,1,173
1996,5,3,7
1996,5,4,955
1996,5,5,1377
1996,6,0,3927
1996,6,1,122
1996,6,3,5
1996,6,4,699
1996,6,5,3101
1996,7,0,4217
1996,7,1,23
1996,7,3,19
1996,7,4,2022
1996,7,5,2153
1996,8,0,1419
1996,8,1,24
1996,8,3,80
1996,8,4,842
1996,8,5,473
1996,9,0,9669
1996,9,1,160
1996,9,3,39
1996,9,4,5559
1996,9,5,3911
1996,10,0,7395
1996,10,1,43
1996,10,3,82
1996,10,4,4461
1996,10,5,2809
1996,11,0,2807
1996,11,3,6
1996,11,4,1838
1996,11,5,963
1996,12,0,5713
1996,12,1,19
1996,12,3,29
1996,12,4,3162
1996,12,5,2503
1996,13,0,8770
1996,13,1,6
1996,13,3,128
1996,13,4,6277
1996,13,5,2359
1996,14,0,1069
1996,14,3,1
1996,14,4,963
1996,14,5,105
1996,15,0,2505
1996,15,3,4
1996,15,4,2206
1996,15,5,295
1996,16,0,539
1996,16,1,3
1996,16,3,4
1996,16,4,250
1996,16,5,282
1996,17,0,7649
1996,17,1,42
1996,17,3,107
1996,17,4,5880
1996,17,5,1620
1996,18,0,2689
1996,18,1,5
1996,18,3,11
1996,18,4,1434
1996,18,5,1239
1997,0,0,12320
1997,0,1,217
1997,0,3,189
1997,0,4,6483
1997,0,5,5431
1997,1,0,5187
1997,1,1,37
1997,1,3,5
1997,1,4,1307
1997,1,5,3838
1997,2,0,6663
1997,2,1,59
1997,2,3,46
1997,2,4,5118
1997,2,5,1440
1997,3,0,98
1997,3,1,4
1997,3,3,1
1997,3,4,61
1997,3,5,32
1997,4,0,5859
1997,4,1,55
1997,4,3,247
1997,4,4,2046
1997,4,5,3511
1997,5,0,2512
1997,5,1,173
1997,5,3,7
1997,5,4,928
1997,5,5,1404
1997,6,0,3927
1997,6,1,122
1997,6,3,5
1997,6,4,706
1997,6,5,3094
1997,7,0,4217
1997,7,1,23
1997,7,3,19
1997,7,4,2016
1997,7,5,2159
1997,8,0,1419
1997,8,1,24
1997,8,3,80
1997,8,4,836
1997,8,5,479
1997,9,0,9669
1997,9,1,160
1997,9,3,44
1997,9,4,5553
1997,9,5,3912
1997,10,0,7395
1997,10,1,43
1997,10,3,82
1997,10,4,4522
1997,10,5,2748
1997,11,0,2807
1997,11,3,6
1997,11,4,1861
1997,11,5,940
1997,12,0,5713
1997,12,1,19
1997,12,3,37
1997,12,4,3198
1997,12,5,2459
1997,13,0,8770
1997,13,1,6
1997,13,3,131
1997,13,4,6289
1997,13,5,2344
1997,14,0,1069
1997,14,3,1
1997,14,4,959
1997,14,5,109
1997,15,0,2505
1997,15,3,4
1997,15,4,2211
1997,15,5,290
1997,16,0,539
1997,16,1,3
1997,16,3,4
1997,16,4,247
1997,16,5,285
1997,17,0,7649
1997,17,1,42
1997,17,3,109
1997,17,4,5891
1997,17,5,1607
1997,18,0,2689
1997,18,1,5
1997,18,3,11
1997,18,4,1442
1997,18,5,1231
1998,0,0,12320
1998,0,1,217
1998,0,3,191
1998,0,4,6487
1998,0,5,5425
1998,1,0,5187
1998,1,1,37
1998,1,3,7
1998,1,4,1311
1998,1,5,3832
1998,2,0,6663
1998,2,1,59
1998,2,3,49
1998,2,4,5117
1998,2,5,1438
1998,3,0,98
1998,3,1,4
1998,3,3,1
1998,3,4,59
1998,3,5,34
1998,4,0,5859
1998,4,1,55
1998,4,3,255
1998,4,4,2028
1998,4,5,3521
1998,5,0,2512
1998,5,1,173
1998,5,3,9
1998,5,4,890
1998,5,5,1440
1998,6,0,3927
1998,6,1,122
1998,6,3,6
1998,6,4,689
1998,6,5,3110
1998,7,0,4217
1998,7,1,23
1998,7,3,20
1998,7,4,2087
1998,7,5,2087
1998,8,0,1419
1998,8,1,24
1998,8,3,85
1998,8,4,827
1998,8,5,483
1998,9,0,9669
1998,9,1,160
1998,9,3,45
1998,9,4,5556
1998,9,5,3908
1998,10,0,7395
1998,10,1,43
1998,10,3,82
1998,10,4,4575
1998,10,5,2695
1998,11,0,2807
1998,11,3,8
1998,11,4,1882
1998,11,5,917
1998,12,0,5713
1998,12,1,19
1998,12,3,39
1998,12,4,3289
1998,12,5,2366
1998,13,0,8770
1998,13,1,6
1998,13,3,132
1998,13,4,6277
1998,13,5,2355
1998,14,0,1069
1998,14,3,1
1998,14,4,959
1998,14,5,109
1998,15,0,2505
1998,15,3,4
1998,15,4,2206
1998,15,5,295
1998,16,0,539
1998,16,1,3
1998,16,3,4
1998,16,4,248
1998,16,5,284
1998,17,0,7649
1998,17,1,42
1998,17,3,111
1998,17,4,5857
1998,17,5,1639
1998,18,0,2689
1998,18,1,5
1998,18,3,11
1998,18,4,1444
1998,18,5,1229
1999,0,0,12320
1999,0,1,217
1999,0,3,195
1999,0,4,6626
1999,0,5,5282
1999,1,0,5187
1999,1,1,37
1999,1,3,7
1999,1,4,1310
1999,1,5,3833
1999,2,0,6663
1999,2,1,59
1999,2,3,53
1999,2,4,5162
1999,2,5,1389
1999,3,0,98
1999,3,1,4
1999,3,3,1
1999,3,4,59
1999,3,5,34
1999,4,0,5859
1999,4,1,55
1999,4,3,260
1999,4,4,2069
1999,4,5,3475
1999,5,0,2512
1999,5,1,173
1999,5,3,10
1999,5,4,979
1999,5,5,1350
1999,6,0,3927
1999,6,1,122
1999,6,3,6
1999,6,4,719
1999,6,5,3080
1999,7,0,4217
1999,7,1,23
1999,7,3,20
1999,7,4,2141
1999,7,5,2033
1999,8,0,1419
1999,8,1,24
1999,8,3,88
1999,8,4,847
1999,8,5,460
1999,9,0,9669
1999,9,1,160
1999,9,3,47
1999,9,4,5747
1999,9,5,3715
1999,10,0,7395
1999,10,1,43
1999,10,3,87
1999,10,4,4698
1999,10,5,2567
1999,11,0,2807
1999,11,3,9
1999,11,4,1925
1999,11,5,873
1999,12,0,5713
1999,12,1,19
1999,12,3,41
1999,12,4,3447
1999,12,5,2206
1999,13,0,8770
1999,13,1,6
1999,13,3,134
1999,13,4,6311
1999,13,5,2319
1999,14,0,1069
1999,14,3,2
1999,14,4,976
1999,14,5,91
1999,15,0,2505
1999,15,3,4
1999,15,4,2213
1999,15,5,288
1999,16,0,539
1999,16,1,3
1999,16,3,4
1999,16,4,246
1999,16,5,286
1999,17,0,7649
1999,17,1,42
1999,17,3,116
1999,17,4,5872
1999,17,5,1619
1999,18,0,2689
1999,18,1,5
1999,18,3,11
1999,18,4,1503
1999,18,5,1170
2000,0,0,12320
2000,0,1,217
2000,0,3,200
2000,0,4,6422
2000,0,5,5481
2000,1,0,5187
2000,1,1,37
2000,1,3,11
2000,1,4,1245
2000,1,5,3894
2000,2,0,6663
2000,2,1,59
2000,2,3,54
2000,2,4,4988
2000,2,5,1562
2000,3,0,98
2000,3,1,4
2000,3,3,1
2000,3,4,59
2000,3,5,34
2000,4,0,5859
2000,4,1,55
2000,4,3,261
2000,4,4,1968
2000,4,5,3575
2000,5,0,2512
2000,5,1,173
2000,5,3,10
2000,5,4,936
2000,5,5,1393
2000,6,0,3927
2000,6,1,122
2000,6,3,6
2000,6,4,702
2000,6,5,3097
2000,7,0,4217
2000,7,1,23
2000,7,3,24
2000,7,4,2142
2000,7,5,2028
2000,8,0,1419
2000,8,1,24
2000,8,3,90
2000,8,4,829
2000,8,5,476
2000,9,0,9669
2000,9,1,160
2000,9,3,48
2000,9,4,5609
2000,9,5,3852
2000,10,0,7395
2000,10,1,43
2000,10,3,87
2000,10,4,4599
2000,10,5,2666
2000,11,0,2807
2000,11,3,11
2000,11,4,1919
2000,11,5,877
2000,12,0,5713
2000,12,1,19
2000,12,3,47
2000,12,4,3431
2000,12,5,2216
2000,13,0,8770
2000,13,1,6
2000,13,3,135
2000,13,4,6172
2000,13,5,2457
2000,14,0,1069
2000,14,3,2
2000,14,4,968
2000,14,5,99
2000,15,0,2505
2000,15,3,4
2000,15,4,2171
2000,15,5,330
2000,16,0,539
2000,16,1,3
2000,16,3,4
2000,16,4,241
2000,16,5,291
2000,17,0,7649
2000,17,1,42
2000,17,3,123
2000,17,4,5769
2000,17,5,1715
2000,18,0,2689
2000,18,1,5
2000,18,3,15
2000,18,4,1485
2000,18,5,1184
2001,0,0,12320
2001,0,1,217
2001,0,3,189
2001,0,4,4826
2001,0,5,7088
2001,1,0,5187
2001,1,1,37
2001,1,3,11
2001,1,4,864
2001,1,5,4275
2001,2,0,6663
2001,2,1,59
2001,2,3,56
2001,2,4,4474
2001,2,5,2074
2001,3,0,98
2001,3,1,4
2001,3,3,1
2001,3,4,44
2001,3,5,49
2001,4,0,5859
2001,4,1,55
2001,4,3,263
2001,4,4,1334
2001,4,5,4207
2001,5,0,2512
2001,5,1,173
2001,5,3,9
2001,5,4,804
2001,5,5,1526
2001,6,0,3927
2001,6,1,122
2001,6,3,6
2001,6,4,451
2001,6,5,3348
2001,7,0,4217
2001,7,1,23
2001,7,3,20
2001,7,4,1677
2001,7,5,2497
2001,8,0,1419
2001,8,1,24
2001,8,3,90
2001,8,4,628
2001,8,5,677
2001,9,0,9669
2001,9,1,160
2001,9,3,46
2001,9,4,3926
2001,9,5,5537
2001,10,0,7395
2001,10,1,43
2001,10,3,82
2001,10,4,3384
2001,10,5,3886
2001,11,0,2807
2001,11,3,13
2001,11,4,1262
2001,11,5,1532
2001,12,0,5713
2001,12,1,19
2001,12,3,43
2001,12,4,3081
2001,12,5,2570
2001,13,0,8770
2001,13,1,6
2001,13,3,145
2001,13,4,5022
2001,13,5,3597
2001,14,0,1069
2001,14,3,2
2001,14,4,835
2001,14,5,232
2001,15,0,2505
2001,15,3,4
2001,15,4,2099
2001,15,5,402
2001,16,0,539
2001,16,1,3
2001,16,3,4
2001,16,4,170
2001,16,5,362
2001,17,0,7649
2001,17,1,42
2001,17,3,129
2001,17,4,5142
2001,17,5,2336
2001,18,0,2689
2001,18,1,5
2001,18,3,10
2001,18,4,1193
2001,18,5,1481
2002,0,0,12320
2002,0,1,217
2002,0,3,192
2002,0,4,4811
2002,0,5,7100
2002,1,0,5187
2002,1,1,37
2002,1,3,16
2002,1,4,870
2002,1,5,4264
2002,2,0,6663
2002,2,1,59
2002,2,3,57
2002,2,4,4479
2002,2,5,2068
2002,3,0,98
2002,3,1,4
2002,3,3,1
2002,3,4,42
2002,3,5,51
2002,4,0,5859
2002,4,1,55
2002,4,3,264
2002,4,4,1329
2002,4,5,4211
2002,5,0,2512
2002,5,1,173
2002,5,3,9
2002,5,4,803
2002,5,5,1527
2002,6,0,3927
2002,6,1,123
2002,6,3,8
2002,6,4,451
2002,6,5,3345
2002,7,0,4217
2002,7,1,23
2002,7,3,20
2002,7,4,1656
2002,7,5,2518
2002,8,0,1419
2002,8,1,24
2002,8,3,94
2002,8,4,636
2002,8,5,665
2002,9,0,9669
2002,9,1,160
2002,9,3,49
2002,9,4,3853
2002,9,5,5607
2002,10,0,7395
2002,10,1,43
2002,10,3,84
2002,10,4,3347
2002,10,5,3921
2002,11,0,2807
2002,11,3,14
2002,11,4,1256
2002,11,5,1537
2002,12,0,5713
2002,12,1,19
2002,12,3,43
2002,12,4,3131
2002,12,5,2520
2002,13,0,8770
2002,13,1,6
2002,13,3,150
2002,13,4,5017
2002,13,5,3597
2002,14,0,1069
2002,14,3,2
2002,14,4,833
2002,14,5,234
2002,15,0,2505
2002,15,3,4
2002,15,4,2107
2002,15,5,394
2002,16,0,539
2002,16,1,3
2002,16,3,4
2002,16,4,182
2002,16,5,350
2002,17,0,7649
2002,17,1,42
2002,17,3,135
2002,17,4,5149
2002,17,5,2323
2002,18,0,2689
2002,18,1,5
2002,18,3,12
2002,18,4,1189
2002,18,5,1483
2003,0,0,12320
2003,0,1,217
2003,0,3,191
2003,0,4,3931
2003,0,5,7981
2003,1,0,5187
2003,1,1,37
2003,1,3,18
2003,1,4,675
2003,1,5,4457
2003,2,0,6663
2003,2,1,60
2003,2,3,57
2003,2,4,3728
2003,2,5,2818
2003,3,0,98
2003,3,1,4
2003,3,3,1
2003,3,4,42
2003,3,5,51
2003,4,0,5859
2003,4,1,55
2003,4,3,274
2003,4,4,1149
2003,4,5,4381
2003,5,0,2512
2003,5,1,173
2003,5,3,11
2003,5,4,668
2003,5,5,1660
2003,6,0,3927
2003,6,1,123
2003,6,3,8
2003,6,4,374
2003,6,5,3422
2003,7,0,4217
2003,7,1,23
2003,7,3,21
2003,7,4,1452
2003,7,5,2721
2003,8,0,1419
2003,8,1,24
2003,8,3,93
2003,8,4,571
2003,8,5,731
2003,9,0,9669
2003,9,1,160
2003,9,3,52
2003,9,4,3469
2003,9,5,5988
2003,10,0,7395
2003,10,1,43
2003,10,3,86
2003,10,4,2913
2003,10,5,4353
2003,11,0,2807
2003,11,3,13
2003,11,4,1019
2003,11,5,1775
2003,12,0,5713
2003,12,1,19
2003,12,3,48
2003,12,4,2676
2003,12,5,2970
2003,13,0,8770
2003,13,1,6
2003,13,3,150
2003,13,4,4875
2003,13,5,3739
2003,14,0,1069
2003,14,3,2
2003,14,4,750
2003,14,5,317
2003,15,0,2505
2003,15,3,4
2003,15,4,2075
2003,15,5,426
2003,16,0,539
2003,16,1,3
2003,16,3,4
2003,16,4,142
2003,16,5,390
2003,17,0,7649
2003,17,1,42
2003,17,3,142
2003,17,4,4971
2003,17,5,2494
2003,18,0,2689
2003,18,1,5
2003,18,3,10
2003,18,4,1062
2003,18,5,1612
2004,0,0,12320
2004,0,1,217
2004,0,3,207
2004,0,4,4070
2004,0,5,7826
2004,1,0,5187
2004,1,1,37
2004,1,3,20
2004,1,4,675
2004,1,5,4455
2004,2,0,6663
2004,2,1,60
2004,2,3,58
2004,2,4,3773
2004,2,5,2772
2004,3,0,98
2004,3,1,4
2004,3,3,1
2004,3,4,42
2004,3,5,51
2004,4,0,5859
2004,4,1,55
2004,4,3,286
2004,4,4,1165
2004,4,5,4353
2004,5,0,2512
2004,5,1,173
2004,5,3,11
2004,5,4,704
2004,5,5,1624
2004,6,0,3927
2004,6,1,123
2004,6,3,11
2004,6,4,373
2004,6,5,3420
2004,7,0,4217
2004,7,1,23
2004,7,3,21
2004,7,4,1472
2004,7,5,2701
2004,8,0,1419
2004,8,1,24
2004,8,3,93
2004,8,4,600
2004,8,5,702
2004,9,0,9669
2004,9,1,160
2004,9,3,54
2004,9,4,3577
2004,9,5,5878
2004,10,0,7395
2004,10,1,43
2004,10,3,86
2004,10,4,3046
2004,10,5,4220
2004,11,0,2807
2004,11,3,14
2004,11,4,1089
2004,11,5,1704
2004,12,0,5713
2004,12,1,19
2004,12,3,49
2004,12,4,2714
2004,12,5,2931
2004,13,0,8770
2004,13,1,6
2004,13,3,149
2004,13,4,5015
2004,13,5,3600
2004,14,0,1069
2004,14,3,2
2004,14,4,763
2004,14,5,304
2004,15,0,2505
2004,15,3,4
2004,15,4,2108
2004,15,5,393
2004,16,0,539
2004,16,1,3
2004,16,3,4
2004,16,4,152
2004,16,5,380
2004,17,0,7649
2004,17,1,43
2004,17,3,140
2004,17,4,5118
2004,17,5,2348
2004,18,0,2689
2004,18,1,5
2004,18,3,10
2004,18,4,1118
2004,18,5,1556
2005,0,0,12320
2005,0,1,217
2005,0,3,219
2005,0,4,4745
2005,0,5,7139
2005,1,0,5187
2005,1,1,37
2005,1,3,28
2005,1,4,953
2005,1,5,4169
2005,2,0,6663
2005,2,1,60
2005,2,3,58
2005,2,4,4525
2005,2,5,2020
2005,3,0,98
2005,3,1,4
2005,3,3,1
2005,3,4,42
2005,3,5,51
2005,4,0,5859
2005,4,1,56
2005,4,3,302
2005,4,4,1254
2005,4,5,4247
2005,5,0,2512
2005,5,1,173
2005,5,3,11
2005,5,4,736
2005,5,5,1592
2005,6,0,3927
2005,6,1,123
2005,6,3,12
2005,6,4,381
2005,6,5,3411
2005,7,0,4217
2005,7,1,23
2005,7,3,21
2005,7,4,1561
2005,7,5,2612
2005,8,0,1419
2005,8,1,24
2005,8,3,95
2005,8,4,715
2005,8,5,585
2005,9,0,9669
2005,9,1,160
2005,9,3,54
2005,9,4,3709
2005,9,5,5746
2005,10,0,7395
2005,10,1,43
2005,10,3,86
2005,10,4,3530
2005,10,5,3736
2005,11,0,2807
2005,11,3,14
2005,11,4,1264
2005,11,5,1529
2005,12,0,5713
2005,12,1,19
2005,12,3,49
2005,12,4,2871
2005,12,5,2774
2005,13,0,8770
2005,13,1,6
2005,13,3,150
2005,13,4,5345
2005,13,5,3269
2005,14,0,1069
2005,14,3,2
2005,14,4,768
2005,14,5,299
2005,15,0,2505
2005,15,3,4
2005,15,4,2134
2005,15,5,367
2005,16,0,539
2005,16,1,3
2005,16,3,4
2005,16,4,179
2005,16,5,353
2005,17,0,7649
2005,17,1,43
2005,17,3,140
2005,17,4,5318
2005,17,5,2148
2005,18,0,2689
2005,18,1,5
2005,18,3,10
2005,18,4,1228
2005,18,5,1446
2006,0,0,12320
2006,0,1,217
2006,0,3,224
2006,0,4,4614
2006,0,5,7265
2006,1,0,5187
2006,1,1,37
2006,1,3,29
2006,1,4,909
2006,1,5,4212
2006,2,0,6663
2006,2,1,60
2006,2,3,62
2006,2,4,4489
2006,2,5,2052
2006,3,0,98
2006,3,1,4
2006,3,3,1
2006,3,4,42
2006,3,5,51
2006,4,0,5859
2006,4,1,56
2006,4,3,304
2006,4,4,1252
2006,4,5,4247
2006,5,0,2512
2006,5,1,173
2006,5,3,16
2006,5,4,722
2006,5,5,1601
2006,6,0,3927
2006,6,1,123
2006,6,3,12
2006,6,4,371
2006,6,5,3421
2006,7,0,4217
2006,7,1,23
2006,7,3,21
2006,7,4,1491
2006,7,5,2682
2006,8,0,1419
2006,8,1,24
2006,8,3,97
2006,8,4,691
2006,8,5,607
2006,9,0,9669
2006,9,1,160
2006,9,3,56
2006,9,4,3628
2006,9,5,5825
2006,10,0,7395
2006,10,1,43
2006,10,3,89
2006,10,4,3457
2006,10,5,3806
2006,11,0,2807
2006,11,3,15
2006,11,4,1252
2006,11,5,1540
2006,12,0,5713
2006,12,1,19
2006,12,3,49
2006,12,4,2872
2006,12,5,2773
2006,13,0,8770
2006,13,1,6
2006,13,3,150
2006,13,4,5294
2006,13,5,3320
2006,14,0,1069
2006,14,3,2
2006,14,4,750
2006,14,5,317
2006,15,0,2505
2006,15,3,4
2006,15,4,2127
2006,15,5,374
2006,16,0,539
2006,16,1,3
2006,16,3,4
2006,16,4,177
2006,16,5,355
2006,17,0,7649
2006,17,1,42
2006,17,3,143
2006,17,4,5266
2006,17,5,2198
2006,18,0,2689
2006,18,1,5
2006,18,3,10
2006,18,4,1195
2006,18,5,1479
2007,0,0,12320
2007,0,1,217
2007,0,3,227
2007,0,4,4461
2007,0,5,7415
2007,1,0,5187
2007,1,1,37
2007,1,3,29
2007,1,4,884
2007,1,5,4237
2007,2,0,6663
2007,2,1,60
2007,2,3,64
2007,2,4,4366
2007,2,5,2173
2007,3,0,98
2007,3,1,4
2007,3,3,1
2007,3,4,42
2007,3,5,51
2007,4,0,5859
2007,4,1,56
2007,4,3,321
2007,4,4,1213
2007,4,5,4269
2007,5,0,2512
2007,5,1,173
2007,5,3,16
2007,5,4,701
2007,5,5,1622
2007,6,0,3927
2007,6,1,123
2007,6,3,13
2007,6,4,367
2007,6,5,3424
2007,7,0,4217
2007,7,1,23
2007,7,3,24
2007,7,4,1402
2007,7,5,2768
2007,8,0,1419
2007,8,1,24
2007,8,3,96
2007,8,4,623
2007,8,5,676
2007,9,0,9669
2007,9,1,161
2007,9,3,56
2007,9,4,3566
2007,9,5,5886
2007,10,0,7395
2007,10,1,43
2007,10,3,89
2007,10,4,3348
2007,10,5,3915
2007,11,0,2807
2007,11,3,15
2007,11,4,1236
2007,11,5,1556
2007,12,0,5713
2007,12,1,19
2007,12,3,49
2007,12,4,2717
2007,12,5,2928
2007,13,0,8770
2007,13,1,6
2007,13,3,157
2007,13,4,5199
2007,13,5,3408
2007,14,0,1069
2007,14,3,2
2007,14,4,666
2007,14,5,401
2007,15,0,2505
2007,15,3,9
2007,15,4,2116
2007,15,5,380
2007,16,0,539
2007,16,1,3
2007,16,3,4
2007,16,4,172
2007,16,5,360
2007,17,0,7649
2007,17,1,43
2007,17,3,148
2007,17,4,5187
2007,17,5,2271
2007,18,0,2689
2007,18,1,5
2007,18,3,10
2007,18,4,1159
2007,18,5,1515
2008,0,0,12320
2008,0,1,217
2008,0,3,229
2008,0,4,4463
2008,0,5,7411
2008,1,0,5187
2008,1,1,37
2008,1,3,26
2008,1,4,893
2008,1,5,4231
2008,2,0,6663
2008,2,1,60
2008,2,3,64
2008,2,4,4298
2008,2,5,2241
2008,3,0,98
2008,3,1,4
2008,3,3,1
2008,3,4,40
2008,3,5,53
2008,4,0,5859
2008,4,1,56
2008,4,3,334
2008,4,4,1226
2008,4,5,4243
2008,5,0,2512
2008,5,1,173
2008,5,3,22
2008,5,4,686
2008,5,5,1631
2008,6,0,3927
2008,6,1,123
2008,6,3,14
2008,6,4,374
2008,6,5,3416
2008,7,0,4217
2008,7,1,23
2008,7,3,24
2008,7,4,1393
2008,7,5,2777
2008,8,0,1419
2008,8,1,24
2008,8,3,93
2008,8,4,621
2008,8,5,681
2008,9,0,9669
2008,9,1,161
2008,9,3,58
2008,9,4,3579
2008,9,5,5871
2008,10,0,7395
2008,10,1,43
2008,10,3,91
2008,10,4,3301
2008,10,5,3960
2008,11,0,2807
2008,11,3,18
2008,11,4,1241
2008,11,5,1548
2008,12,0,5713
2008,12,1,19
2008,12,3,49
2008,12,4,2679
2008,12,5,2966
2008,13,0,8770
2008,13,1,6
2008,13,3,159
2008,13,4,5185
2008,13,5,3420
2008,14,0,1069
2008,14,3,3
2008,14,4,669
2008,14,5,397
2008,15,0,2505
2008,15,3,11
2008,15,4,2108
2008,15,5,386
2008,16,0,539
2008,16,1,3
2008,16,3,4
2008,16,4,170
2008,16,5,362
2008,17,0,7649
2008,17,1,42
2008,17,3,145
2008,17,4,5183
2008,17,5,2279
2008,18,0,2689
2008,18,1,5
2008,18,3,16
2008,18,4,1142
2008,18,5,1526
2009,0,0,12320
2009,0,1,217
2009,0,3,231
2009,0,4,4588
2009,0,5,7284
2009,1,0,5187
2009,1,1,37
2009,1,3,27
2009,1,4,944
2009,1,5,4179
2009,2,0,6663
2009,2,1,60
2009,2,3,67
2009,2,4,4527
2009,2,5,2009
2009,3,0,98
2009,3,1,4
2009,3,3,1
2009,3,4,45
2009,3,5,48
2009,4,0,5859
2009,4,1,56
2009,4,3,351
2009,4,4,1253
2009,4,5,4199
2009,5,0,2512
2009,5,1,173
2009,5,3,21
2009,5,4,710
2009,5,5,1608
2009,6,0,3927
2009,6,1,123
2009,6,3,16
2009,6,4,380
2009,6,5,3408
2009,7,0,4217
2009,7,1,23
2009,7,3,24
2009,7,4,1346
2009,7,5,2824
2009,8,0,1419
2009,8,1,24
2009,8,3,99
2009,8,4,641
2009,8,5,655
2009,9,0,9669
2009,9,1,161
2009,9,3,62
2009,9,4,3663
2009,9,5,5783
2009,10,0,7395
2009,10,1,43
2009,10,3,92
2009,10,4,3326
2009,10,5,3934
2009,11,0,2807
2009,11,3,18
2009,11,4,1283
2009,11,5,1506
2009,12,0,5713
2009,12,1,19
2009,12,3,49
2009,12,4,2413
2009,12,5,3232
2009,13,0,8770
2009,13,1,6
2009,13,3,160
2009,13,4,5265
2009,13,5,3339
2009,14,0,1069
2009,14,3,3
2009,14,4,651
2009,14,5,415
2009,15,0,2505
2009,15,3,11
2009,15,4,2123
2009,15,5,371
2009,16,0,539
2009,16,1,3
2009,16,3,4
2009,16,4,180
2009,16,5,352
2009,17,0,7649
2009,17,1,45
2009,17,3,151
2009,17,4,5235
2009,17,5,2218
2009,18,0,2689
2009,18,1,5
2009,18,3,14
2009,18,4,1167
2009,18,5,1503
2010,0,0,12320
2010,0,1,217
2010,0,3,236
2010,0,4,4799
2010,0,5,7068
2010,1,0,5187
2010,1,1,37
2010,1,3,32
2010,1,4,1009
2010,1,5,4109
2010,2,0,6663
2010,2,1,60
2010,2,3,67
2010,2,4,4549
2010,2,5,1987
2010,3,0,98
2010,3,1,4
2010,3,3,1
2010,3,4,45
2010,3,5,48
2010,4,0,5859
2010,4,1,56
2010,4,3,365
2010,4,4,1274
2010,4,5,4164
2010,5,0,2512
2010,5,1,173
2010,5,3,21
2010,5,4,719
2010,5,5,1599
2010,6,0,3927
2010,6,1,123
2010,6,3,18
2010,6,4,390
2010,6,5,3396
2010,7,0,4217
2010,7,1,23
2010,7,3,25
2010,7,4,1465
2010,7,5,2704
2010,8,0,1419
2010,8,1,24
2010,8,3,99
2010,8,4,693
2010,8,5,603
2010,9,0,9669
2010,9,1,162
2010,9,3,65
2010,9,4,3781
2010,9,5,5661
2010,10,0,7395
2010,10,1,43
2010,10,3,99
2010,10,4,3449
2010,10,5,3804
2010,11,0,2807
2010,11,3,18
2010,11,4,1328
2010,11,5,1461
2010,12,0,5713
2010,12,1,19
2010,12,3,50
2010,12,4,2584
2010,12,5,3060
2010,13,0,8770
2010,13,1,6
2010,13,3,160
2010,13,4,5392
2010,13,5,3212
2010,14,0,1069
2010,14,3,3
2010,14,4,751
2010,14,5,315
2010,15,0,2505
2010,15,3,12
2010,15,4,2129
2010,15,5,364
2010,16,0,539
2010,16,1,3
2010,16,3,4
2010,16,4,192
2010,16,5,340
2010,17,0,7649
2010,17,1,42
2010,17,3,150
2010,17,4,5272
2010,17,5,2185
2010,18,0,2689
2010,18,1,5
2010,18,3,15
2010,18,4,1205
2010,18,5,1464
2011,0,0,12320
2011,0,1,217
2011,0,3,237
2011,0,4,4885
2011,0,5,6981
2011,1,0,5187
2011,1,1,37
2011,1,3,33
2011,1,4,1012
2011,1,5,4105
2011,2,0,6663
2011,2,1,60
2011,2,3,68
2011,2,4,4622
2011,2,5,1913
2011,3,0,98
2011,3,1,4
2011,3,3,1
2011,3,4,46
2011,3,5,47
2011,4,0,5859
2011,4,1,56
2011,4,3,367
2011,4,4,1272
2011,4,5,4164
2011,5,0,2512
2011,5,1,173
2011,5,3,21
2011,5,4,716
2011,5,5,1602
2011,6,0,3927
2011,6,1,123
2011,6,3,16
2011,6,4,376
2011,6,5,3412
2011,7,0,4217
2011,7,1,23
2011,7,3,25
2011,7,4,1492
2011,7,5,2677
2011,8,0,1419
2011,8,1,24
2011,8,3,102
2011,8,4,717
2011,8,5,576
2011,9,0,9669
2011,9,1,162
2011,9,3,67
2011,9,4,3801
2011,9,5,5639
2011,10,0,7395
2011,10,1,43
2011,10,3,101
2011,10,4,3468
2011,10,5,3783
2011,11,0,2807
2011,11,3,18
2011,11,4,1365
2011,11,5,1424
2011,12,0,5713
2011,12,1,19
2011,12,3,50
2011,12,4,2547
2011,12,5,3097
2011,13,0,8770
2011,13,1,6
2011,13,3,164
2011,13,4,5462
2011,13,5,3138
2011,14,0,1069
2011,14,3,3
2011,14,4,766
2011,14,5,300
2011,15,0,2505
2011,15,3,16
2011,15,4,2148
2011,15,5,341
2011,16,0,539
2011,16,1,3
2011,16,3,4
2011,16,4,197
2011,16,5,335
2011,17,0,7649
2011,17,1,43
2011,17,3,157
2011,17,4,5350
2011,17,5,2099
2011,18,0,2689
2011,18,1,5
2011,18,3,21
2011,18,4,1229
2011,18,5,1434
2012,0,0,12320
2012,0,1,217
2012,0,3,241
2012,0,4,5033
2012,0,5,6829
2012,1,0,5187
2012,1,1,37
2012,1,3,34
2012,1,4,1029
2012,1,5,4087
2012,2,0,6663
2012,2,1,60
2012,2,3,68
2012,2,4,4620
2012,2,5,1915
2012,3,0,98
2012,3,1,4
2012,3,3,1
2012,3,4,46
2012,3,5,47
2012,4,0,5859
2012,4,1,56
2012,4,3,390
2012,4,4,1292
2012,4,5,4121
2012,5,0,2512
2012,5,1,173
2012,5,3,21
2012,5,4,736
2012,5,5,1582
2012,6,0,3927
2012,6,1,123
2012,6,3,16
2012,6,4,374
2012,6,5,3414
2012,7,0,4217
2012,7,1,23
2012,7,3,31
2012,7,4,1541
2012,7,5,2622
2012,8,0,1419
2012,8,1,24
2012,8,3,102
2012,8,4,736
2012,8,5,557
2012,9,0,9669
2012,9,1,162
2012,9,3,67
2012,9,4,3854
2012,9,5,5586
2012,10,0,7395
2012,10,1,43
2012,10,3,102
2012,10,4,3539
2012,10,5,3711
2012,11,0,2807
2012,11,3,18
2012,11,4,1370
2012,11,5,1419
2012,12,0,5713
2012,12,1,19
2012,12,3,50
2012,12,4,2509
2012,12,5,3135
2012,13,0,8770
2012,13,1,6
2012,13,3,165
2012,13,4,5552
2012,13,5,3047
2012,14,0,1069
2012,14,3,3
2012,14,4,815
2012,14,5,251
2012,15,0,2505
2012,15,3,20
2012,15,4,2131
2012,15,5,354
2012,16,0,539
2012,16,1,3
2012,16,3,4
2012,16,4,199
2012,16,5,333
2012,17,0,7649
2012,17,1,44
2012,17,3,158
2012,17,4,5376
2012,17,5,2071
2012,18,0,2689
2012,18,1,5
2012,18,3,19
2012,18,4,1223
2012,18,5,1442
2013,0,0,12320
2013,0,1,217
2013,0,3,244
2013,0,4,5199
2013,0,5,6660
2013,1,0,5187
2013,1,1,37
2013,1,3,34
2013,1,4,1068
2013,1,5,4048
2013,2,0,6663
2013,2,1,60
2013,2,3,67
2013,2,4,4682
2013,2,5,1854
2013,3,0,98
2013,3,1,4
2013,3,3,1
2013,3,4,46
2013,3,5,47
2013,4,0,5859
2013,4,1,56
2013,4,3,399
2013,4,4,1306
2013,4,5,4098
2013,5,0,2512
2013,5,1,173
2013,5,3,21
2013,5,4,763
2013,5,5,1555
2013,6,0,3927
2013,6,1,123
2013,6,3,16
2013,6,4,382
2013,6,5,3406
2013,7,0,4217
2013,7,1,23
2013,7,3,38
2013,7,4,1601
2013,7,5,2555
2013,8,0,1419
2013,8,1,24
2013,8,3,106
2013,8,4,768
2013,8,5,521
2013,9,0,9669
2013,9,1,162
2013,9,3,72
2013,9,4,3906
2013,9,5,5529
2013,10,0,7395
2013,10,1,43
2013,10,3,104
2013,10,4,3676
2013,10,5,3572
2013,11,0,2807
2013,11,3,18
2013,11,4,1390
2013,11,5,1399
2013,12,0,5713
2013,12,1,19
2013,12,3,50
2013,12,4,2603
2013,12,5,3041
2013,13,0,8770
2013,13,1,6
2013,13,3,169
2013,13,4,5510
2013,13,5,3085
2013,14,0,1069
2013,14,3,3
2013,14,4,824
2013,14,5,242
2013,15,0,2505
2013,15,3,20
2013,15,4,2124
2013,15,5,361
2013,16,0,539
2013,16,1,3
2013,16,3,4
2013,16,4,206
2013,16,5,326
2013,17,0,7649
2013,17,1,47
2013,17,3,160
2013,17,4,5368
2013,17,5,2074
2013,18,0,2689
2013,18,1,5
2013,18,3,19
2013,18,4,1255
2013,18,5,1410
2014,0,0,12320
2014,0,1,217
2014,0,3,246
2014,0,4,5302
2014,0,5,6555
2014,1,0,5187
2014,1,1,37
2014,1,3,39
2014,1,4,1088
2014,1,5,4023
2014,2,0,6663
2014,2,1,60
2014,2,3,68
2014,2,4,4788
2014,2,5,1747
2014,3,0,98
2014,3,1,4
2014,3,3,1
2014,3,4,44
2014,3,5,49
2014,4,0,5859
2014,4,1,56
2014,4,3,401
2014,4,4,1315
2014,4,5,4087
2014,5,0,2512
2014,5,1,173
2014,5,3,21
2014,5,4,758
2014,5,5,1560
2014,6,0,3927
2014,6,1,123
2014,6,3,16
2014,6,4,387
2014,6,5,3401
2014,7,0,4217
2014,7,1,23
2014,7,3,38
2014,7,4,1618
2014,7,5,2538
2014,8,0,1419
2014,8,1,25
2014,8,3,111
2014,8,4,756
2014,8,5,527
2014,9,0,9669
2014,9,1,162
2014,9,3,76
2014,9,4,3911
2014,9,5,5520
2014,10,0,7395
2014,10,1,43
2014,10,3,109
2014,10,4,3748
2014,10,5,3495
2014,11,0,2807
2014,11,3,21
2014,11,4,1443
2014,11,5,1343
2014,12,0,5713
2014,12,1,19
2014,12,3,54
2014,12,4,2704
2014,12,5,2936
2014,13,0,8770
2014,13,1,6
2014,13,3,171
2014,13,4,5762
2014,13,5,2831
2014,14,0,1069
2014,14,3,3
2014,14,4,827
2014,14,5,239
2014,15,0,2505
2014,15,3,20
2014,15,4,2152
2014,15,5,333
2014,16,0,539
2014,16,1,3
2014,16,3,4
2014,16,4,207
2014,16,5,325
2014,17,0,7649
2014,17,1,47
2014,17,3,163
2014,17,4,5443
2014,17,5,1996
2014,18,0,2689
2014,18,1,5
2014,18,3,20
2014,18,4,1280
2014,18,5,1384
2015,0,0,12320
2015,0,1,219
2015,0,3,251
2015,0,4,5272
2015,0,5,6578
2015,1,0,5187
2015,1,1,37
2015,1,3,41
2015,1,4,1104
2015,1,5,4005
2015,2,0,6663
2015,2,1,60
2015,2,3,78
2015,2,4,4723
2015,2,5,1802
2015,3,0,98
2015,3,1,4
2015,3,3,1
2015,3,4,45
2015,3,5,48
2015,4,0,5859
2015,4,1,56
2015,4,3,408
2015,4,4,1348
2015,4,5,4047
2015,5,0,2512
2015,5,1,173
2015,5,3,21
2015,5,4,815
2015,5,5,1503
2015,6,0,3927
2015,6,1,123
2015,6,3,16
2015,6,4,424
2015,6,5,3364
2015,7,0,4217
2015,7,1,23
2015,7,3,38
2015,7,4,1741
2015,7,5,2415
2015,8,0,1419
2015,8,1,25
2015,8,3,112
2015,8,4,735
2015,8,5,547
2015,9,0,9669
2015,9,1,162
2015,9,3,78
2015,9,4,3964
2015,9,5,5465
2015,10,0,7395
2015,10,1,43
2015,10,3,118
2015,10,4,3923
2015,10,5,3311
2015,11,0,2807
2015,11,1,1
2015,11,3,21
2015,11,4,1463
2015,11,5,1322
2015,12,0,5713
2015,12,1,19
2015,12,3,54
2015,12,4,3183
2015,12,5,2457
2015,13,0,8770
2015,13,1,6
2015,13,3,180
2015,13,4,5697
2015,13,5,2887
2015,14,0,1069
2015,14,3,3
2015,14,4,830
2015,14,5,236
2015,15,0,2505
2015,15,3,23
2015,15,4,2142
2015,15,5,340
2015,16,0,539
2015,16,1,3
2015,16,3,4
2015,16,4,204
2015,16,5,328
2015,17,0,7649
2015,17,1,49
2015,17,3,170
2015,17,4,5369
2015,17,5,2061
2015,18,0,2689
2015,18,1,5
2015,18,3,25
2015,18,4,1281
2015,18,5,1378
2016,0,0,12320
2016,0,1,221
2016,0,3,256
2016,0,4,5197
2016,0,5,6646
2016,1,0,5187
2016,1,1,37
2016,1,3,41
2016,1,4,1129
2016,1,5,3980
2016,2,0,6663
2016,2,1,60
2016,2,3,85
2016,2,4,4665
2016,2,5,1853
2016,3,0,98
2016,3,1,4
2016,3,3,1
2016,3,4,44
2016,3,5,49
2016,4,0,5859
2016,4,1,56
2016,4,3,414
2016,4,4,1312
2016,4,5,4077
2016,5,0,2512
2016,5,1,173
2016,5,3,21
2016,5,4,810
2016,5,5,1508
2016,6,0,3927
2016,6,1,123
2016,6,3,18
2016,6,4,416
2016,6,5,3370
2016,7,0,4217
2016,7,1,24
2016,7,3,40
2016,7,4,1689
2016,7,5,2464
2016,8,0,1419
2016,8,1,25
2016,8,3,112
2016,8,4,712
2016,8,5,570
2016,9,0,9669
2016,9,1,162
2016,9,2,1
2016,9,3,77
2016,9,4,3865
2016,9,5,5564
2016,10,0,7395
2016,10,1,43
2016,10,3,118
2016,10,4,3853
2016,10,5,3381
2016,11,0,2807
2016,11,1,1
2016,11,3,22
2016,11,4,1383
2016,11,5,1401
2016,12,0,5713
2016,12,1,19
2016,12,3,54
2016,12,4,3078
2016,12,5,2562
2016,13,0,8770
2016,13,1,6
2016,13,3,189
2016,13,4,5668
2016,13,5,2907
2016,14,0,1069
2016,14,3,3
2016,14,4,791
2016,14,5,275
2016,15,0,2505
2016,15,3,23
2016,15,4,2134
2016,15,5,348
2016,16,0,539
2016,16,1,3
2016,16,3,4
2016,16,4,197
2016,16,5,335
2016,17,0,7649
2016,17,1,49
2016,17,3,171
2016,17,4,5323
2016,17,5,2106
2016,18,0,2689
2016,18,1,5
2016,18,3,29
2016,18,4,1253
2016,18,5,1402
2017,0,0,12320
2017,0,1,222
2017,0,3,261
2017,0,4,5139
2017,0,5,6698
2017,1,0,5187
2017,1,1,37
2017,1,3,41
2017,1,4,1151
2017,1,5,3958
2017,2,0,6663
2017,2,1,60
2017,2,3,87
2017,2,4,4620
2017,2,5,1896
2017,3,0,98
2017,3,1,4
2017,3,3,1
2017,3,4,44
2017,3,5,49
2017,4,0,5859
2017,4,1,56
2017,4,3,413
2017,4,4,1305
2017,4,5,4085
2017,5,0,2512
2017,5,1,173
2017,5,3,19
2017,5,4,808
2017,5,5,1512
2017,6,0,3927
2017,6,1,123
2017,6,3,20
2017,6,4,424
2017,6,5,3360
2017,7,0,4217
2017,7,1,24
2017,7,3,41
2017,7,4,1656
2017,7,5,2496
2017,8,0,1419
2017,8,1,25
2017,8,3,110
2017,8,4,675
2017,8,5,609
2017,9,0,9669
2017,9,1,162
2017,9,2,1
2017,9,3,86
2017,9,4,3814
2017,9,5,5606
2017,10,0,7395
2017,10,1,43
2017,10,3,119
2017,10,4,3854
2017,10,5,3379
2017,11,0,2807
2017,11,1,1
2017,11,3,22
2017,11,4,1371
2017,11,5,1413
2017,12,0,5713
2017,12,1,19
2017,12,3,54
2017,12,4,3050
2017,12,5,2590
2017,13,0,8770
2017,13,1,6
2017,13,3,195
2017,13,4,5632
2017,13,5,2937
2017,14,0,1069
2017,14,3,3
2017,14,4,752
2017,14,5,314
2017,15,0,2505
2017,15,3,25
2017,15,4,2140
2017,15,5,340
2017,16,0,539
2017,16,1,3
2017,16,3,4
2017,16,4,191
2017,16,5,341
2017,17,0,7649
2017,17,1,50
2017,17,3,177
2017,17,4,5283
2017,17,5,2139
2017,18,0,2689
2017,18,1,5
2017,18,3,37
2017,18,4,1277
2017,18,5,1370
2018,0,0,12320
2018,0,1,223
2018,0,3,260
2018,0,4,5123
2018,0,5,6714
2018,1,0,5187
2018,1,1,37
2018,1,3,42
2018,1,4,1168
2018,1,5,3940
2018,2,0,6663
2018,2,1,60
2018,2,3,88
2018,2,4,4603
2018,2,5,1912
2018,3,0,98
2018,3,1,4
2018,3,3,1
2018,3,4,44
2018,3,5,49
2018,4,0,5859
2018,4,1,56
2018,4,3,421
2018,4,4,1305
2018,4,5,4077
2018,5,0,2512
2018,5,1,173
2018,5,3,19
2018,5,4,850
2018,5,5,1470
2018,6,0,3927
2018,6,1,123
2018,6,3,21
2018,6,4,434
2018,6,5,3349
2018,7,0,4217
2018,7,1,24
2018,7,3,42
2018,7,4,1641
2018,7,5,2510
2018,8,0,1419
2018,8,1,24
2018,8,3,104
2018,8,4,664
2018,8,5,627
2018,9,0,9669
2018,9,1,162
2018,9,3,91
2018,9,4,3859
2018,9,5,5557
2018,10,0,7395
2018,10,1,43
2018,10,3,121
2018,10,4,3878
2018,10,5,3353
2018,11,0,2807
2018,11,1,1
2018,11,3,25
2018,11,4,1366
2018,11,5,1415
2018,12,0,5713
2018,12,1,19
2018,12,3,53
2018,12,4,3089
2018,12,5,2552
2018,13,0,8770
2018,13,1,7
2018,13,3,194
2018,13,4,5652
2018,13,5,2917
2018,14,0,1069
2018,14,3,1
2018,14,4,747
2018,14,5,321
2018,15,0,2505
2018,15,3,21
2018,15,4,2136
2018,15,5,348
2018,16,0,539
2018,16,1,3
2018,16,4,195
2018,16,5,341
2018,17,0,7649
2018,17,1,50
2018,17,3,177
2018,17,4,5289
2018,17,5,2133
2018,18,0,2689
2018,18,1,5
2018,18,3,37
2018,18,4,1296
2018,18,5,1351
2019,0,0,12320
2019,0,1,223
2019,0,3,264
2019,0,4,5176
2019,0,5,6657
2019,1,0,5187
2019,1,1,37
2019,1,3,42
2019,1,4,1172
2019,1,5,3936
2019,2,0,6663
2019,2,1,60
2019,2,3,90
2019,2,4,4586
2019,2,5,1927
2019,3,0,98
2019,3,1,4
2019,3,3,1
2019,3,4,44
2019,3,5,49
2019,4,0,5859
2019,4,1,56
2019,4,3,433
2019,4,4,1296
2019,4,5,4074
2019,5,0,2512
2019,5,1,173
2019,5,3,19
2019,5,4,845
2019,5,5,1475
2019,6,0,3927
2019,6,1,122
2019,6,3,21
2019,6,4,432
2019,6,5,3352
2019,7,0,4217
2019,7,1,25
2019,7,3,42
2019,7,4,1738
2019,7,5,2412
2019,8,0,1419
2019,8,1,25
2019,8,3,103
2019,8,4,754
2019,8,5,537
2019,9,0,9669
2019,9,1,162
2019,9,3,92
2019,9,4,3780
2019,9,5,5635
2019,10,0,7395
2019,10,1,43
2019,10,3,124
2019,10,4,3963
2019,10,5,3265
2019,11,0,2807
2019,11,1,1
2019,11,3,27
2019,11,4,1356
2019,11,5,1423
2019,12,0,5713
2019,12,1,19
2019,12,3,53
2019,12,4,3065
2019,12,5,2576
2019,13,0,8770
2019,13,1,7
2019,13,3,188
2019,13,4,5756
2019,13,5,2819
2019,14,0,1069
2019,14,3,1
2019,14,4,770
2019,14,5,298
2019,15,0,2505
2019,15,3,11
2019,15,4,2154
2019,15,5,340
2019,16,0,539
2019,16,1,4
2019,16,4,241
2019,16,5,294
2019,17,0,7649
2019,17,1,52
2019,17,2,1
2019,17,3,163
2019,17,4,5350
2019,17,5,2083
2019,18,0,2689
2019,18,1,5
2019,18,3,41
2019,18,4,1284
2019,18,5,1359
2020,0,0,12320
2020,0,1,224
2020,0,3,266
2020,0,4,5189
2020,0,5,6641
2020,1,0,5187
2020,1,1,37
2020,1,3,44
2020,1,4,1203
2020,1,5,3903
2020,2,0,6663
2020,2,1,60
2020,2,3,88
2020,2,4,4498
2020,2,5,2017
2020,3,0,98
2020,3,1,4
2020,3,3,1
2020,3,4,42
2020,3,5,51
2020,4,0,5859
2020,4,1,58
2020,4,3,448
2020,4,4,1296
2020,4,5,4057
2020,5,0,2512
2020,5,1,173
2020,5,3,24
2020,5,4,796
2020,5,5,1519
2020,6,0,3927
2020,6,1,122
2020,6,3,23
2020,6,4,427
2020,6,5,3355
2020,7,0,4217
2020,7,1,25
2020,7,3,43
2020,7,4,1743
2020,7,5,2406
2020,8,0,1419
2020,8,1,24
2020,8,3,103
2020,8,4,774
2020,8,5,518
2020,9,0,9669
2020,9,1,162
2020,9,3,98
2020,9,4,3480
2020,9,5,5929
2020,10,0,7395
2020,10,1,43
2020,10,3,126
2020,10,4,3886
2020,10,5,3340
2020,11,0,2807
2020,11,1,1
2020,11,3,27
2020,11,4,1307
2020,11,5,1472
2020,12,0,5713
2020,12,1,19
2020,12,3,56
2020,12,4,3054
2020,12,5,2584
2020,13,0,8770
2020,13,1,7
2020,13,3,183
2020,13,4,5785
2020,13,5,2795
2020,14,0,1069
2020,14,3,1
2020,14,4,750
2020,14,5,318
2020,15,0,2505
2020,15,3,10
2020,15,4,2140
2020,15,5,355
2020,16,0,539
2020,16,1,4
2020,16,4,246
2020,16,5,289
2020,17,0,7649
2020,17,1,52
2020,17,2,1
2020,17,3,158
2020,17,4,5345
2020,17,5,2093
2020,18,0,2689
2020,18,1,5
2020,18,3,42
2020,18,4,1301
2020,18,5,1341
