year,basin_index,class_id,count
1910,0,0,10752
1910,0,1,217
1910,0,3,77
1910,0,4,8055
1910,0,5,2403
1910,1,0,4467
1910,1,1,37
1910,1,4,1915
1910,1,5,2515
1910,2,0,6278
1910,2,1,59
1910,2,3,8
1910,2,4,5525
1910,2,5,686
1910,3,0,84
1910,3,1,4
1910,3,3,1
1910,3,4,76
1910,3,5,3
1910,4,0,5055
1910,4,1,54
1910,4,3,126
1910,4,4,3343
1910,4,5,1532
1910,5,0,1922
1910,5,1,173
1910,5,3,2
1910,5,4,1323
1910,5,5,424
1910,6,0,3160
1910,6,1,122
1910,6,3,2
1910,6,4,1155
1910,6,5,1881
1910,7,0,3330
1910,7,1,23
1910,7,3,3
1910,7,4,2558
1910,7,5,746
1910,8,0,1267
1910,8,1,24
1910,8,3,45
1910,8,4,1101
1910,8,5,97
1910,9,0,8264
1910,9,1,160
1910,9,3,10
1910,9,4,6895
1910,9,5,1199
1910,10,0,6475
1910,10,1,43
1910,10,3,15
1910,10,4,5173
1910,10,5,1244
1910,11,0,2399
1910,11,4,2070
1910,11,5,329
1910,12,0,4842
1910,12,1,19
1910,12,3,9
1910,12,4,4046
1910,12,5,768
1910,13,0,8213
1910,13,1,6
1910,13,3,24
1910,13,4,7047
1910,13,5,1136
1910,14,0,1021
1910,14,3,1
1910,14,4,995
1910,14,5,25
1910,15,0,2461
1910,15,4,2314
1910,15,5,147
1910,16,0,475
1910,16,1,3
1910,16,3,1
1910,16,4,384
1910,16,5,87
1910,17,0,7203
1910,17,1,42
1910,17,3,29
1910,17,4,6330
1910,17,5,802
1910,18,0,2253
1910,18,1,5
1910,18,3,2
1910,18,4,1629
1910,18,5,617
1911,0,0,10761
1911,0,1,217
1911,0,3,74
1911,0,4,8062
1911,0,5,2408
1911,1,0,4477
1911,1,1,37
1911,1,4,1910
1911,1,5,2530
1911,2,0,6283
1911,2,1,59
1911,2,3,7
1911,2,4,5520
1911,2,5,697
1911,3,0,84
1911,3,1,4
1911,3,3,1
1911,3,4,76
1911,3,5,3
1911,4,0,5027
1911,4,1,54
1911,4,3,129
1911,4,4,3319
1911,4,5,1525
1911,5,0,1924
1911,5,1,173
1911,5,3,2
1911,5,4,1320
1911,5,5,429
1911,6,0,3153
1911,6,1,122
1911,6,3,2
1911,6,4,1142
1911,6,5,1887
1911,7,0,3336
1911,7,1,23
1911,7,3,3
1911,7,4,2551
1911,7,5,759
1911,8,0,1258
1911,8,1,24
1911,8,3,39
1911,8,4,1096
1911,8,5,99
1911,9,0,8279
1911,9,1,160
1911,9,3,10
1911,9,4,6903
1911,9,5,1206
1911,10,0,6462
1911,10,1,43
1911,10,3,15
1911,10,4,5159
1911,10,5,1245
1911,11,0,2407
1911,11,4,2077
1911,11,5,330
1911,12,0,4860
1911,12,1,19
1911,12,3,10
1911,12,4,4060
1911,12,5,771
1911,13,0,8216
1911,13,1,6
1911,13,3,33
1911,13,4,7039
1911,13,5,1138
1911,14,0,1026
1911,14,3,1
1911,14,4,1000
1911,14,5,25
1911,15,0,2464
1911,15,4,2314
1911,15,5,150
1911,16,0,471
1911,16,1,3
1911,16,3,1
1911,16,4,388
1911,16,5,79
1911,17,0,7216
1911,17,1,42
1911,17,3,28
1911,17,4,6336
1911,17,5,810
1911,18,0,2263
1911,18,1,5
1911,18,3,2
1911,18,4,1640
1911,18,5,616
1912,0,0,10785
1912,0,1,217
1912,0,3,77
1912,0,4,8072
1912,0,5,2419
1912,1,0,4479
1912,1,1,37
1912,1,4,1900
1912,1,5,2542
1912,2,0,6294
1912,2,1,59
1912,2,3,8
1912,2,4,5529
1912,2,5,698
1912,3,0,84
1912,3,1,4
1912,3,3,1
1912,3,4,76
1912,3,5,3
1912,4,0,5035
1912,4,1,54
1912,4,3,126
1912,4,4,3314
1912,4,5,1541
1912,5,0,1925
1912,5,1,173
1912,5,3,2
1912,5,4,1320
1912,5,5,430
1912,6,0,3164
1912,6,1,122
1912,6,3,2
1912,6,4,1141
1912,6,5,1899
1912,7,0,3354
1912,7,1,23
1912,7,3,3
1912,7,4,2566
1912,7,5,762
1912,8,0,1269
1912,8,1,24
1912,8,3,45
1912,8,4,1101
1912,8,5,99
1912,9,0,8276
1912,9,1,160
1912,9,3,10
1912,9,4,6888
1912,9,5,1218
1912,10,0,6485
1912,10,1,43
1912,10,3,15
1912,10,4,5174
1912,10,5,1253
1912,11,0,2405
1912,11,4,2074
1912,11,5,331
1912,12,0,4865
1912,12,1,19
1912,12,3,10
1912,12,4,4057
1912,12,5,779
1912,13,0,8220
1912,13,1,6
1912,13,3,24
1912,13,4,7041
1912,13,5,1149
1912,14,0,1023
1912,14,3,1
1912,14,4,998
1912,14,5,24
1912,15,0,2464
1912,15,4,2315
1912,15,5,149
1912,16,0,475
1912,16,1,3
1912,16,3,1
1912,16,4,386
1912,16,5,85
1912,17,0,7225
1912,17,1,42
1912,17,3,27
1912,17,4,6341
1912,17,5,815
1912,18,0,2272
1912,18,1,5
1912,18,3,2
1912,18,4,1640
1912,18,5,625
1913,0,0,10808
1913,0,1,217
1913,0,3,73
1913,0,4,8070
1913,0,5,2448
1913,1,0,4485
1913,1,1,37
1913,1,4,1907
1913,1,5,2541
1913,2,0,6288
1913,2,1,59
1913,2,3,7
1913,2,4,5519
1913,2,5,703
1913,3,0,85
1913,3,1,4
1913,3,3,1
1913,3,4,77
1913,3,5,3
1913,4,0,5053
1913,4,1,54
1913,4,3,127
1913,4,4,3321
1913,4,5,1551
1913,5,0,1926
1913,5,1,173
1913,5,3,2
1913,5,4,1317
1913,5,5,434
1913,6,0,3173
1913,6,1,122
1913,6,3,2
1913,6,4,1143
1913,6,5,1906
1913,7,0,3343
1913,7,1,23
1913,7,3,3
1913,7,4,2551
1913,7,5,766
1913,8,0,1259
1913,8,1,24
1913,8,3,39
1913,8,4,1097
1913,8,5,99
1913,9,0,8293
1913,9,1,160
1913,9,3,10
1913,9,4,6909
1913,9,5,1214
1913,10,0,6497
1913,10,1,43
1913,10,3,15
1913,10,4,5171
1913,10,5,1268
1913,11,0,2417
1913,11,4,2089
1913,11,5,328
1913,12,0,4867
1913,12,1,19
1913,12,3,10
1913,12,4,4055
1913,12,5,783
1913,13,0,8222
1913,13,1,6
1913,13,3,31
1913,13,4,7037
1913,13,5,1148
1913,14,0,1033
1913,14,3,1
1913,14,4,1008
1913,14,5,24
1913,15,0,2465
1913,15,4,2316
1913,15,5,149
1913,16,0,477
1913,16,1,3
1913,16,3,1
1913,16,4,384
1913,16,5,89
1913,17,0,7226
1913,17,1,42
1913,17,3,28
1913,17,4,6332
1913,17,5,824
1913,18,0,2275
1913,18,1,5
1913,18,3,2
1913,18,4,1638
1913,18,5,630
1914,0,0,10846
1914,0,1,217
1914,0,3,74
1914,0,4,8097
1914,0,5,2458
1914,1,0,4468
1914,1,1,37
1914,1,4,1890
1914,1,5,2541
1914,2,0,6306
1914,2,1,59
1914,2,3,8
1914,2,4,5535
1914,2,5,704
1914,3,0,85
1914,3,1,4
1914,3,3,1
1914,3,4,77
1914,3,5,3
1914,4,0,5052
1914,4,1,54
1914,4,3,128
1914,4,4,3303
1914,4,5,1567
1914,5,0,1924
1914,5,1,173
1914,5,3,2
1914,5,4,1317
1914,5,5,432
1914,6,0,3184
1914,6,1,122
1914,6,3,2
1914,6,4,1137
1914,6,5,1923
1914,7,0,3356
1914,7,1,23
1914,7,3,3
1914,7,4,2561
1914,7,5,769
1914,8,0,1267
1914,8,1,24
1914,8,3,45
1914,8,4,1099
1914,8,5,99
1914,9,0,8296
1914,9,1,160
1914,9,3,10
1914,9,4,6905
1914,9,5,1221
1914,10,0,6504
1914,10,1,43
1914,10,3,15
1914,10,4,5168
1914,10,5,1278
1914,11,0,2412
1914,11,4,2079
1914,11,5,333
1914,12,0,4878
1914,12,1,19
1914,12,3,10
1914,12,4,4062
1914,12,5,787
1914,13,0,8222
1914,13,1,6
1914,13,3,25
1914,13,4,7046
1914,13,5,1145
1914,14,0,1022
1914,14,3,1
1914,14,4,998
1914,14,5,23
1914,15,0,2466
1914,15,4,2314
1914,15,5,152
1914,16,0,477
1914,16,1,3
1914,16,3,1
1914,16,4,384
1914,16,5,89
1914,17,0,7232
1914,17,1,42
1914,17,3,27
1914,17,4,6337
1914,17,5,826
1914,18,0,2271
1914,18,1,5
1914,18,3,2
1914,18,4,1621
1914,18,5,643
1915,0,0,10829
1915,0,1,217
1915,0,3,71
1915,0,4,8080
1915,0,5,2461
1915,1,0,4473
1915,1,1,37
1915,1,4,1901
1915,1,5,2535
1915,2,0,6300
1915,2,1,59
1915,2,3,7
1915,2,4,5523
1915,2,5,711
1915,3,0,84
1915,3,1,4
1915,3,3,1
1915,3,4,76
1915,3,5,3
1915,4,0,5045
1915,4,1,54
1915,4,3,129
1915,4,4,3291
1915,4,5,1571
1915,5,0,1926
1915,5,1,173
1915,5,3,2
1915,5,4,1318
1915,5,5,433
1915,6,0,3187
1915,6,1,122
1915,6,3,2
1915,6,4,1130
1915,6,5,1933
1915,7,0,3359
1915,7,1,23
1915,7,3,3
1915,7,4,2558
1915,7,5,775
1915,8,0,1257
1915,8,1,24
1915,8,3,39
1915,8,4,1095
1915,8,5,99
1915,9,0,8311
1915,9,1,160
1915,9,3,10
1915,9,4,6927
1915,9,5,1214
1915,10,0,6515
1915,10,1,43
1915,10,3,15
1915,10,4,5170
1915,10,5,1287
1915,11,0,2422
1915,11,4,2088
1915,11,5,334
1915,12,0,4882
1915,12,1,19
1915,12,3,10
1915,12,4,4078
1915,12,5,775
1915,13,0,8220
1915,13,1,6
1915,13,3,31
1915,13,4,7028
1915,13,5,1155
1915,14,0,1031
1915,14,3,1
1915,14,4,1005
1915,14,5,25
1915,15,0,2467
1915,15,4,2318
1915,15,5,149
1915,16,0,477
1915,16,1,3
1915,16,3,1
1915,16,4,384
1915,16,5,89
1915,17,0,7231
1915,17,1,42
1915,17,3,28
1915,17,4,6329
1915,17,5,832
1915,18,0,2286
1915,18,1,5
1915,18,3,2
1915,18,4,1638
1915,18,5,641
1916,0,0,10840
1916,0,1,217
1916,0,3,71
1916,0,4,8090
1916,0,5,2462
1916,1,0,4462
1916,1,1,37
1916,1,4,1873
1916,1,5,2552
1916,2,0,6317
1916,2,1,59
1916,2,3,8
1916,2,4,5536
1916,2,5,714
1916,3,0,84
1916,3,1,4
1916,3,3,1
1916,3,4,76
1916,3,5,3
1916,4,0,5050
1916,4,1,54
1916,4,3,128
1916,4,4,3298
1916,4,5,1570
1916,5,0,1926
1916,5,1,173
1916,5,3,2
1916,5,4,1314
1916,5,5,437
1916,6,0,3181
1916,6,1,122
1916,6,3,2
1916,6,4,1127
1916,6,5,1930
1916,7,0,3382
1916,7,1,23
1916,7,3,3
1916,7,4,2585
1916,7,5,771
1916,8,0,1268
1916,8,1,24
1916,8,3,45
1916,8,4,1101
1916,8,5,98
1916,9,0,8300
1916,9,1,160
1916,9,3,10
1916,9,4,6900
1916,9,5,1230
1916,10,0,6520
1916,10,1,43
1916,10,3,15
1916,10,4,5171
1916,10,5,1291
1916,11,0,2423
1916,11,4,2084
1916,11,5,339
1916,12,0,4883
1916,12,1,19
1916,12,3,10
1916,12,4,4062
1916,12,5,792
1916,13,0,8222
1916,13,1,6
1916,13,3,27
1916,13,4,7032
1916,13,5,1157
1916,14,0,1026
1916,14,3,1
1916,14,4,1000
1916,14,5,25
1916,15,0,2464
1916,15,4,2312
1916,15,5,152
1916,16,0,480
1916,16,1,3
1916,16,3,1
1916,16,4,384
1916,16,5,92
1916,17,0,7230
1916,17,1,42
1916,17,3,27
1916,17,4,6328
1916,17,5,833
1916,18,0,2293
1916,18,1,5
1916,18,3,2
1916,18,4,1633
1916,18,5,653
1917,0,0,10845
1917,0,1,217
1917,0,3,70
1917,0,4,8063
1917,0,5,2495
1917,1,0,4481
1917,1,1,37
1917,1,4,1901
1917,1,5,2543
1917,2,0,6304
1917,2,1,59
1917,2,3,7
1917,2,4,5527
1917,2,5,711
1917,3,0,84
1917,3,1,4
1917,3,3,1
1917,3,4,76
1917,3,5,3
1917,4,0,5034
1917,4,1,54
1917,4,3,129
1917,4,4,3261
1917,4,5,1590
1917,5,0,1940
1917,5,1,173
1917,5,3,2
1917,5,4,1329
1917,5,5,436
1917,6,0,3199
1917,6,1,122
1917,6,3,2
1917,6,4,1120
1917,6,5,1955
1917,7,0,3359
1917,7,1,23
1917,7,3,3
1917,7,4,2565
1917,7,5,768
1917,8,0,1261
1917,8,1,24
1917,8,3,39
1917,8,4,1102
1917,8,5,96
1917,9,0,8322
1917,9,1,160
1917,9,3,10
1917,9,4,6914
1917,9,5,1238
1917,10,0,6507
1917,10,1,43
1917,10,3,15
1917,10,4,5175
1917,10,5,1274
1917,11,0,2440
1917,11,4,2096
1917,11,5,344
1917,12,0,4887
1917,12,1,19
1917,12,3,10
1917,12,4,4082
1917,12,5,776
1917,13,0,8222
1917,13,1,6
1917,13,3,33
1917,13,4,7032
1917,13,5,1151
1917,14,0,1032
1917,14,3,1
1917,14,4,1006
1917,14,5,25
1917,15,0,2466
1917,15,4,2314
1917,15,5,152
1917,16,0,480
1917,16,1,3
1917,16,3,1
1917,16,4,384
1917,16,5,92
1917,17,0,7237
1917,17,1,42
1917,17,3,28
1917,17,4,6325
1917,17,5,842
1917,18,0,2297
1917,18,1,5
1917,18,3,2
1917,18,4,1645
1917,18,5,645
1918,0,0,10838
1918,0,1,217
1918,0,3,71
1918,0,4,8067
1918,0,5,2483
1918,1,0,4466
1918,1,1,37
1918,1,4,1872
1918,1,5,2557
1918,2,0,6322
1918,2,1,59
1918,2,3,8
1918,2,4,5546
1918,2,5,709
1918,3,0,84
1918,3,1,4
1918,3,3,1
1918,3,4,76
1918,3,5,3
1918,4,0,5044
1918,4,1,54
1918,4,3,126
1918,4,4,3279
1918,4,5,1585
1918,5,0,1929
1918,5,1,173
1918,5,3,2
1918,5,4,1311
1918,5,5,443
1918,6,0,3192
1918,6,1,122
1918,6,3,2
1918,6,4,1113
1918,6,5,1955
1918,7,0,3378
1918,7,1,23
1918,7,3,3
1918,7,4,2579
1918,7,5,773
1918,8,0,1268
1918,8,1,24
1918,8,3,45
1918,8,4,1101
1918,8,5,98
1918,9,0,8328
1918,9,1,160
1918,9,3,10
1918,9,4,6922
1918,9,5,1236
1918,10,0,6518
1918,10,1,43
1918,10,3,15
1918,10,4,5162
1918,10,5,1298
1918,11,0,2428
1918,11,4,2084
1918,11,5,344
1918,12,0,4902
1918,12,1,19
1918,12,3,10
1918,12,4,4091
1918,12,5,782
1918,13,0,8228
1918,13,1,6
1918,13,3,29
1918,13,4,7031
1918,13,5,1162
1918,14,0,1028
1918,14,3,1
1918,14,4,1002
1918,14,5,25
1918,15,0,2464
1918,15,4,2313
1918,15,5,151
1918,16,0,480
1918,16,1,3
1918,16,3,1
1918,16,4,384
1918,16,5,92
1918,17,0,7234
1918,17,1,42
1918,17,3,27
1918,17,4,6325
1918,17,5,840
1918,18,0,2292
1918,18,1,5
1918,18,3,2
1918,18,4,1628
1918,18,5,657
1919,0,0,10850
1919,0,1,217
1919,0,3,70
1919,0,4,8072
1919,0,5,2491
1919,1,0,4473
1919,1,1,37
1919,1,4,1885
1919,1,5,2551
1919,2,0,6309
1919,2,1,59
1919,2,3,7
1919,2,4,5529
1919,2,5,714
1919,3,0,84
1919,3,1,4
1919,3,3,1
1919,3,4,76
1919,3,5,3
1919,4,0,5053
1919,4,1,54
1919,4,3,126
1919,4,4,3268
1919,4,5,1605
1919,5,0,1937
1919,5,1,173
1919,5,3,2
1919,5,4,1320
1919,5,5,442
1919,6,0,3193
1919,6,1,122
1919,6,3,2
1919,6,4,1114
1919,6,5,1955
1919,7,0,3368
1919,7,1,23
1919,7,3,3
1919,7,4,2562
1919,7,5,780
1919,8,0,1256
1919,8,1,24
1919,8,3,41
1919,8,4,1093
1919,8,5,98
1919,9,0,8345
1919,9,1,160
1919,9,3,10
1919,9,4,6917
1919,9,5,1258
1919,10,0,6536
1919,10,1,43
1919,10,3,15
1919,10,4,5175
1919,10,5,1303
1919,11,0,2440
1919,11,4,2097
1919,11,5,343
1919,12,0,4908
1919,12,1,19
1919,12,3,10
1919,12,4,4090
1919,12,5,789
1919,13,0,8223
1919,13,1,6
1919,13,3,31
1919,13,4,7031
1919,13,5,1155
1919,14,0,1032
1919,14,3,1
1919,14,4,1006
1919,14,5,25
1919,15,0,2465
1919,15,4,2316
1919,15,5,149
1919,16,0,481
1919,16,1,3
1919,16,3,1
1919,16,4,386
1919,16,5,91
1919,17,0,7234
1919,17,1,42
1919,17,3,28
1919,17,4,6323
1919,17,5,841
1919,18,0,2295
1919,18,1,5
1919,18,3,2
1919,18,4,1639
1919,18,5,649
1920,0,0,10829
1920,0,1,217
1920,0,3,69
1920,0,4,8025
1920,0,5,2518
1920,1,0,4471
1920,1,1,37
1920,1,4,1861
1920,1,5,2573
1920,2,0,6325
1920,2,1,59
1920,2,3,8
1920,2,4,5538
1920,2,5,720
1920,3,0,84
1920,3,1,4
1920,3,3,1
1920,3,4,76
1920,3,5,3
1920,4,0,5037
1920,4,1,54
1920,4,3,124
1920,4,4,3272
1920,4,5,1587
1920,5,0,1944
1920,5,1,173
1920,5,3,2
1920,5,4,1321
1920,5,5,448
1920,6,0,3195
1920,6,1,122
1920,6,3,2
1920,6,4,1110
1920,6,5,1961
1920,7,0,3381
1920,7,1,23
1920,7,3,3
1920,7,4,2578
1920,7,5,777
1920,8,0,1265
1920,8,1,24
1920,8,3,47
1920,8,4,1097
1920,8,5,97
1920,9,0,8362
1920,9,1,160
1920,9,3,10
1920,9,4,6935
1920,9,5,1257
1920,10,0,6539
1920,10,1,43
1920,10,3,15
1920,10,4,5171
1920,10,5,1310
1920,11,0,2427
1920,11,4,2089
1920,11,5,338
1920,12,0,4905
1920,12,1,19
1920,12,3,10
1920,12,4,4076
1920,12,5,800
1920,13,0,8227
1920,13,1,6
1920,13,3,28
1920,13,4,7031
1920,13,5,1162
1920,14,0,1025
1920,14,3,1
1920,14,4,999
1920,14,5,25
1920,15,0,2463
1920,15,4,2311
1920,15,5,152
1920,16,0,482
1920,16,1,3
1920,16,3,1
1920,16,4,385
1920,16,5,93
1920,17,0,7232
1920,17,1,42
1920,17,3,27
1920,17,4,6313
1920,17,5,850
1920,18,0,2301
1920,18,1,5
1920,18,3,2
1920,18,4,1637
1920,18,5,657
1921,0,0,10856
1921,0,1,217
1921,0,3,69
1921,0,4,8056
1921,0,5,2514
1921,1,0,4466
1921,1,1,37
1921,1,4,1857
1921,1,5,2572
1921,2,0,6315
1921,2,1,59
1921,2,3,7
1921,2,4,5524
1921,2,5,725
1921,3,0,84
1921,3,1,4
1921,3,3,1
1921,3,4,76
1921,3,5,3
1921,4,0,5051
1921,4,1,54
1921,4,3,128
1921,4,4,3259
1921,4,5,1610
1921,5,0,1937
1921,5,1,173
1921,5,3,2
1921,5,4,1313
1921,5,5,449
1921,6,0,3189
1921,6,1,122
1921,6,3,2
1921,6,4,1098
1921,6,5,1967
1921,7,0,3373
1921,7,1,23
1921,7,3,3
1921,7,4,2564
1921,7,5,783
1921,8,0,1261
1921,8,1,24
1921,8,3,42
1921,8,4,1096
1921,8,5,99
1921,9,0,8361
1921,9,1,160
1921,9,3,10
1921,9,4,6931
1921,9,5,1260
1921,10,0,6533
1921,10,1,43
1921,10,3,15
1921,10,4,5163
1921,10,5,1312
1921,11,0,2440
1921,11,4,2095
1921,11,5,345
1921,12,0,4931
1921,12,1,19
1921,12,3,10
1921,12,4,4104
1921,12,5,798
1921,13,0,8227
1921,13,1,6
1921,13,3,32
1921,13,4,7019
1921,13,5,1170
1921,14,0,1033
1921,14,3,1
1921,14,4,1007
1921,14,5,25
1921,15,0,2463
1921,15,4,2319
1921,15,5,144
1921,16,0,482
1921,16,1,3
1921,16,3,1
1921,16,4,385
1921,16,5,93
1921,17,0,7242
1921,17,1,42
1921,17,3,28
1921,17,4,6316
1921,17,5,856
1921,18,0,2303
1921,18,1,5
1921,18,3,2
1921,18,4,1636
1921,18,5,660
1922,0,0,10841
1922,0,1,217
1922,0,3,66
1922,0,4,8026
1922,0,5,2532
1922,1,0,4458
1922,1,1,37
1922,1,4,1852
1922,1,5,2569
1922,2,0,6327
1922,2,1,59
1922,2,3,8
1922,2,4,5538
1922,2,5,722
1922,3,0,84
1922,3,1,4
1922,3,3,1
1922,3,4,76
1922,3,5,3
1922,4,0,5046
1922,4,1,54
1922,4,3,126
1922,4,4,3242
1922,4,5,1624
1922,5,0,1933
1922,5,1,173
1922,5,3,2
1922,5,4,1308
1922,5,5,450
1922,6,0,3187
1922,6,1,122
1922,6,3,2
1922,6,4,1098
1922,6,5,1965
1922,7,0,3375
1922,7,1,23
1922,7,3,3
1922,7,4,2571
1922,7,5,778
1922,8,0,1266
1922,8,1,24
1922,8,3,47
1922,8,4,1096
1922,8,5,99
1922,9,0,8359
1922,9,1,160
1922,9,3,10
1922,9,4,6925
1922,9,5,1264
1922,10,0,6531
1922,10,1,43
1922,10,3,15
1922,10,4,5168
1922,10,5,1305
1922,11,0,2428
1922,11,4,2085
1922,11,5,343
1922,12,0,4922
1922,12,1,19
1922,12,3,10
1922,12,4,4094
1922,12,5,799
1922,13,0,8236
1922,13,1,6
1922,13,3,28
1922,13,4,7031
1922,13,5,1171
1922,14,0,1026
1922,14,3,1
1922,14,4,1000
1922,14,5,25
1922,15,0,2461
1922,15,4,2309
1922,15,5,152
1922,16,0,484
1922,16,1,3
1922,16,3,1
1922,16,4,385
1922,16,5,95
1922,17,0,7232
1922,17,1,42
1922,17,3,28
1922,17,4,6314
1922,17,5,848
1922,18,0,2298
1922,18,1,5
1922,18,3,2
1922,18,4,1625
1922,18,5,666
1923,0,0,10852
1923,0,1,217
1923,0,3,69
1923,0,4,8029
1923,0,5,2537
1923,1,0,4459
1923,1,1,37
1923,1,4,1845
1923,1,5,2577
1923,2,0,6319
1923,2,1,59
1923,2,3,7
1923,2,4,5523
1923,2,5,730
1923,3,0,85
1923,3,1,4
1923,3,3,1
1923,3,4,76
1923,3,5,4
1923,4,0,5027
1923,4,1,54
1923,4,3,126
1923,4,4,3223
1923,4,5,1624
1923,5,0,1934
1923,5,1,173
1923,5,3,2
1923,5,4,1302
1923,5,5,457
1923,6,0,3193
1923,6,1,122
1923,6,3,2
1923,6,4,1100
1923,6,5,1969
1923,7,0,3378
1923,7,1,23
1923,7,3,3
1923,7,4,2563
1923,7,5,789
1923,8,0,1256
1923,8,1,24
1923,8,3,42
1923,8,4,1089
1923,8,5,101
1923,9,0,8358
1923,9,1,160
1923,9,3,10
1923,9,4,6917
1923,9,5,1271
1923,10,0,6525
1923,10,1,43
1923,10,3,15
1923,10,4,5161
1923,10,5,1306
1923,11,0,2442
1923,11,4,2098
1923,11,5,344
1923,12,0,4941
1923,12,1,19
1923,12,3,10
1923,12,4,4112
1923,12,5,800
1923,13,0,8231
1923,13,1,6
1923,13,3,34
1923,13,4,7018
1923,13,5,1173
1923,14,0,1032
1923,14,3,1
1923,14,4,1006
1923,14,5,25
1923,15,0,2465
1923,15,4,2311
1923,15,5,154
1923,16,0,484
1923,16,1,3
1923,16,3,1
1923,16,4,389
1923,16,5,91
1923,17,0,7231
1923,17,1,42
1923,17,3,29
1923,17,4,6309
1923,17,5,851
1923,18,0,2300
1923,18,1,5
1923,18,3,2
1923,18,4,1637
1923,18,5,656
1924,0,0,10845
1924,0,1,217
1924,0,3,70
1924,0,4,8021
1924,0,5,2537
1924,1,0,4461
1924,1,1,37
1924,1,4,1838
1924,1,5,2586
1924,2,0,6327
1924,2,1,59
1924,2,3,8
1924,2,4,5533
1924,2,5,727
1924,3,0,85
1924,3,1,4
1924,3,3,1
1924,3,4,76
1924,3,5,4
1924,4,0,5012
1924,4,1,54
1924,4,3,122
1924,4,4,3206
1924,4,5,1630
1924,5,0,1928
1924,5,1,173
1924,5,3,2
1924,5,4,1296
1924,5,5,457
1924,6,0,3194
1924,6,1,122
1924,6,3,2
1924,6,4,1103
1924,6,5,1967
1924,7,0,3382
1924,7,1,23
1924,7,3,3
1924,7,4,2567
1924,7,5,789
1924,8,0,1266
1924,8,1,24
1924,8,3,48
1924,8,4,1093
1924,8,5,101
1924,9,0,8346
1924,9,1,160
1924,9,3,10
1924,9,4,6890
1924,9,5,1286
1924,10,0,6535
1924,10,1,43
1924,10,3,15
1924,10,4,5173
1924,10,5,1304
1924,11,0,2435
1924,11,4,2088
1924,11,5,347
1924,12,0,4927
1924,12,1,19
1924,12,3,10
1924,12,4,4090
1924,12,5,808
1924,13,0,8232
1924,13,1,6
1924,13,3,30
1924,13,4,7011
1924,13,5,1185
1924,14,0,1028
1924,14,3,1
1924,14,4,1003
1924,14,5,24
1924,15,0,2463
1924,15,4,2311
1924,15,5,152
1924,16,0,485
1924,16,1,3
1924,16,3,1
1924,16,4,386
1924,16,5,95
1924,17,0,7242
1924,17,1,42
1924,17,3,27
1924,17,4,6314
1924,17,5,859
1924,18,0,2309
1924,18,1,5
1924,18,3,2
1924,18,4,1635
1924,18,5,667
1925,0,0,10853
1925,0,1,217
1925,0,3,67
1925,0,4,8025
1925,0,5,2544
1925,1,0,4463
1925,1,1,37
1925,1,4,1845
1925,1,5,2581
1925,2,0,6319
1925,2,1,59
1925,2,3,7
1925,2,4,5526
1925,2,5,727
1925,3,0,85
1925,3,1,4
1925,3,3,1
1925,3,4,76
1925,3,5,4
1925,4,0,5026
1925,4,1,54
1925,4,3,124
1925,4,4,3205
1925,4,5,1643
1925,5,0,1929
1925,5,1,173
1925,5,3,2
1925,5,4,1295
1925,5,5,459
1925,6,0,3194
1925,6,1,122
1925,6,3,2
1925,6,4,1106
1925,6,5,1964
1925,7,0,3374
1925,7,1,23
1925,7,3,3
1925,7,4,2555
1925,7,5,793
1925,8,0,1258
1925,8,1,24
1925,8,3,43
1925,8,4,1090
1925,8,5,101
1925,9,0,8357
1925,9,1,160
1925,9,3,10
1925,9,4,6900
1925,9,5,1287
1925,10,0,6545
1925,10,1,43
1925,10,3,15
1925,10,4,5169
1925,10,5,1318
1925,11,0,2441
1925,11,4,2100
1925,11,5,341
1925,12,0,4943
1925,12,1,19
1925,12,3,10
1925,12,4,4100
1925,12,5,814
1925,13,0,8234
1925,13,1,6
1925,13,3,34
1925,13,4,7011
1925,13,5,1183
1925,14,0,1035
1925,14,3,1
1925,14,4,1010
1925,14,5,24
1925,15,0,2463
1925,15,4,2311
1925,15,5,152
1925,16,0,485
1925,16,1,3
1925,16,3,1
1925,16,4,383
1925,16,5,98
1925,17,0,7240
1925,17,1,42
1925,17,3,28
1925,17,4,6306
1925,17,5,864
1925,18,0,2303
1925,18,1,5
1925,18,3,2
1925,18,4,1630
1925,18,5,666
1926,0,0,10860
1926,0,1,217
1926,0,3,65
1926,0,4,8034
1926,0,5,2544
1926,1,0,4440
1926,1,1,37
1926,1,4,1813
1926,1,5,2590
1926,2,0,6331
1926,2,1,59
1926,2,3,8
1926,2,4,5540
1926,2,5,724
1926,3,0,86
1926,3,1,4
1926,3,3,1
1926,3,4,77
1926,3,5,4
1926,4,0,5019
1926,4,1,54
1926,4,3,126
1926,4,4,3194
1926,4,5,1645
1926,5,0,1921
1926,5,1,173
1926,5,3,2
1926,5,4,1291
1926,5,5,455
1926,6,0,3189
1926,6,1,122
1926,6,3,2
1926,6,4,1095
1926,6,5,1970
1926,7,0,3374
1926,7,1,23
1926,7,3,3
1926,7,4,2554
1926,7,5,794
1926,8,0,1264
1926,8,1,24
1926,8,3,48
1926,8,4,1091
1926,8,5,101
1926,9,0,8355
1926,9,1,160
1926,9,3,10
1926,9,4,6894
1926,9,5,1291
1926,10,0,6543
1926,10,1,43
1926,10,3,15
1926,10,4,5172
1926,10,5,1313
1926,11,0,2435
1926,11,4,2089
1926,11,5,346
1926,12,0,4937
1926,12,1,19
1926,12,3,10
1926,12,4,4096
1926,12,5,812
1926,13,0,8230
1926,13,1,6
1926,13,3,30
1926,13,4,7015
1926,13,5,1179
1926,14,0,1026
1926,14,3,1
1926,14,4,1002
1926,14,5,23
1926,15,0,2460
1926,15,4,2305
1926,15,5,155
1926,16,0,485
1926,16,1,3
1926,16,3,1
1926,16,4,383
1926,16,5,98
1926,17,0,7244
1926,17,1,42
1926,17,3,27
1926,17,4,6308
1926,17,5,867
1926,18,0,2307
1926,18,1,5
1926,18,3,2
1926,18,4,1619
1926,18,5,681
1927,0,0,10839
1927,0,1,217
1927,0,3,68
1927,0,4,8014
1927,0,5,2540
1927,1,0,4441
1927,1,1,37
1927,1,4,1826
1927,1,5,2578
1927,2,0,6323
1927,2,1,59
1927,2,3,7
1927,2,4,5527
1927,2,5,730
1927,3,0,85
1927,3,1,4
1927,3,3,1
1927,3,4,76
1927,3,5,4
1927,4,0,5002
1927,4,1,54
1927,4,3,125
1927,4,4,3178
1927,4,5,1645
1927,5,0,1923
1927,5,1,173
1927,5,3,2
1927,5,4,1290
1927,5,5,458
1927,6,0,3187
1927,6,1,122
1927,6,3,2
1927,6,4,1091
1927,6,5,1972
1927,7,0,3373
1927,7,1,23
1927,7,3,3
1927,7,4,2551
1927,7,5,796
1927,8,0,1258
1927,8,1,24
1927,8,3,43
1927,8,4,1088
1927,8,5,103
1927,9,0,8359
1927,9,1,160
1927,9,3,10
1927,9,4,6897
1927,9,5,1292
1927,10,0,6549
1927,10,1,43
1927,10,3,15
1927,10,4,5163
1927,10,5,1328
1927,11,0,2441
1927,11,4,2094
1927,11,5,347
1927,12,0,4956
1927,12,1,19
1927,12,3,10
1927,12,4,4125
1927,12,5,802
1927,13,0,8229
1927,13,1,6
1927,13,3,32
1927,13,4,7000
1927,13,5,1191
1927,14,0,1035
1927,14,3,1
1927,14,4,1009
1927,14,5,25
1927,15,0,2464
1927,15,4,2312
1927,15,5,152
1927,16,0,486
1927,16,1,3
1927,16,3,1
1927,16,4,383
1927,16,5,99
1927,17,0,7238
1927,17,1,42
1927,17,3,28
1927,17,4,6299
1927,17,5,869
1927,18,0,2309
1927,18,1,5
1927,18,3,2
1927,18,4,1631
1927,18,5,671
1928,0,0,10847
1928,0,1,217
1928,0,3,68
1928,0,4,8024
1928,0,5,2538
1928,1,0,4436
1928,1,1,37
1928,1,4,1810
1928,1,5,2589
1928,2,0,6337
1928,2,1,59
1928,2,3,8
1928,2,4,5538
1928,2,5,732
1928,3,0,85
1928,3,1,4
1928,3,3,1
1928,3,4,76
1928,3,5,4
1928,4,0,5012
1928,4,1,54
1928,4,3,123
1928,4,4,3191
1928,4,5,1644
1928,5,0,1918
1928,5,1,173
1928,5,3,2
1928,5,4,1284
1928,5,5,459
1928,6,0,3171
1928,6,1,122
1928,6,3,2
1928,6,4,1091
1928,6,5,1956
1928,7,0,3394
1928,7,1,23
1928,7,3,3
1928,7,4,2575
1928,7,5,793
1928,8,0,1266
1928,8,1,24
1928,8,3,48
1928,8,4,1092
1928,8,5,102
1928,9,0,8347
1928,9,1,160
1928,9,3,10
1928,9,4,6878
1928,9,5,1299
1928,10,0,6558
1928,10,1,43
1928,10,3,15
1928,10,4,5171
1928,10,5,1329
1928,11,0,2432
1928,11,4,2085
1928,11,5,347
1928,12,0,4946
1928,12,1,19
1928,12,3,10
1928,12,4,4100
1928,12,5,817
1928,13,0,8233
1928,13,1,6
1928,13,3,30
1928,13,4,7002
1928,13,5,1195
1928,14,0,1028
1928,14,3,1
1928,14,4,1002
1928,14,5,25
1928,15,0,2461
1928,15,4,2306
1928,15,5,155
1928,16,0,486
1928,16,1,3
1928,16,3,1
1928,16,4,383
1928,16,5,99
1928,17,0,7241
1928,17,1,42
1928,17,3,27
1928,17,4,6305
1928,17,5,867
1928,18,0,2319
1928,18,1,5
1928,18,3,2
1928,18,4,1628
1928,18,5,684
1929,0,0,10848
1929,0,1,217
1929,0,3,67
1929,0,4,8001
1929,0,5,2563
1929,1,0,4456
1929,1,1,37
1929,1,4,1839
1929,1,5,2580
1929,2,0,6328
1929,2,1,59
1929,2,3,7
1929,2,4,5532
1929,2,5,730
1929,3,0,85
1929,3,1,4
1929,3,3,1
1929,3,4,76
1929,3,5,4
1929,4,0,5001
1929,4,1,54
1929,4,3,126
1929,4,4,3160
1929,4,5,1661
1929,5,0,1929
1929,5,1,173
1929,5,3,2
1929,5,4,1299
1929,5,5,455
1929,6,0,3188
1929,6,1,122
1929,6,3,2
1929,6,4,1089
1929,6,5,1975
1929,7,0,3367
1929,7,1,23
1929,7,3,3
1929,7,4,2550
1929,7,5,791
1929,8,0,1263
1929,8,1,24
1929,8,3,43
1929,8,4,1095
1929,8,5,101
1929,9,0,8360
1929,9,1,160
1929,9,3,10
1929,9,4,6889
1929,9,5,1301
1929,10,0,6538
1929,10,1,43
1929,10,3,15
1929,10,4,5170
1929,10,5,1310
1929,11,0,2445
1929,11,4,2094
1929,11,5,351
1929,12,0,4962
1929,12,1,19
1929,12,3,10
1929,12,4,4126
1929,12,5,807
1929,13,0,8226
1929,13,1,6
1929,13,3,34
1929,13,4,7000
1929,13,5,1186
1929,14,0,1037
1929,14,3,1
1929,14,4,1010
1929,14,5,26
1929,15,0,2464
1929,15,4,2309
1929,15,5,155
1929,16,0,486
1929,16,1,3
1929,16,3,1
1929,16,4,383
1929,16,5,99
1929,17,0,7243
1929,17,1,42
1929,17,3,28
1929,17,4,6297
1929,17,5,876
1929,18,0,2318
1929,18,1,5
1929,18,3,2
1929,18,4,1629
1929,18,5,682
1930,0,0,10852
1930,0,1,217
1930,0,3,67
1930,0,4,8018
1930,0,5,2550
1930,1,0,4434
1930,1,1,37
1930,1,4,1811
1930,1,5,2586
1930,2,0,6345
1930,2,1,59
1930,2,3,8
1930,2,4,5544
1930,2,5,734
1930,3,0,85
1930,3,1,4
1930,3,3,1
1930,3,4,76
1930,3,5,4
1930,4,0,5003
1930,4,1,54
1930,4,3,128
1930,4,4,3165
1930,4,5,1656
1930,5,0,1917
1930,5,1,173
1930,5,3,2
1930,5,4,1280
1930,5,5,462
1930,6,0,3182
1930,6,1,122
1930,6,3,2
1930,6,4,1081
1930,6,5,1977
1930,7,0,3387
1930,7,1,23
1930,7,3,3
1930,7,4,2570
1930,7,5,791
1930,8,0,1261
1930,8,1,24
1930,8,3,48
1930,8,4,1087
1930,8,5,102
1930,9,0,8359
1930,9,1,160
1930,9,3,10
1930,9,4,6891
1930,9,5,1298
1930,10,0,6550
1930,10,1,43
1930,10,3,15
1930,10,4,5160
1930,10,5,1332
1930,11,0,2439
1930,11,4,2088
1930,11,5,351
1930,12,0,4964
1930,12,1,19
1930,12,3,10
1930,12,4,4126
1930,12,5,809
1930,13,0,8234
1930,13,1,6
1930,13,3,30
1930,13,4,6998
1930,13,5,1200
1930,14,0,1033
1930,14,3,1
1930,14,4,1006
1930,14,5,26
1930,15,0,2459
1930,15,4,2305
1930,15,5,154
1930,16,0,486
1930,16,1,3
1930,16,3,1
1930,16,4,383
1930,16,5,99
1930,17,0,7241
1930,17,1,42
1930,17,3,27
1930,17,4,6299
1930,17,5,873
1930,18,0,2316
1930,18,1,5
1930,18,3,2
1930,18,4,1615
1930,18,5,694
1931,0,0,10851
1931,0,1,217
1931,0,3,66
1931,0,4,8030
1931,0,5,2538
1931,1,0,4432
1931,1,1,37
1931,1,4,1810
1931,1,5,2585
1931,2,0,6329
1931,2,1,59
1931,2,3,7
1931,2,4,5528
1931,2,5,735
1931,3,0,85
1931,3,1,4
1931,3,3,1
1931,3,4,76
1931,3,5,4
1931,4,0,5011
1931,4,1,54
1931,4,3,131
1931,4,4,3153
1931,4,5,1673
1931,5,0,1920
1931,5,1,173
1931,5,3,2
1931,5,4,1286
1931,5,5,459
1931,6,0,3192
1931,6,1,122
1931,6,3,2
1931,6,4,1092
1931,6,5,1976
1931,7,0,3377
1931,7,1,23
1931,7,3,3
1931,7,4,2552
1931,7,5,799
1931,8,0,1252
1931,8,1,24
1931,8,3,43
1931,8,4,1083
1931,8,5,102
1931,9,0,8372
1931,9,1,160
1931,9,3,10
1931,9,4,6889
1931,9,5,1313
1931,10,0,6554
1931,10,1,43
1931,10,3,15
1931,10,4,5163
1931,10,5,1333
1931,11,0,2445
1931,11,4,2094
1931,11,5,351
1931,12,0,4972
1931,12,1,19
1931,12,3,10
1931,12,4,4124
1931,12,5,819
1931,13,0,8229
1931,13,1,6
1931,13,3,34
1931,13,4,6990
1931,13,5,1199
1931,14,0,1037
1931,14,3,1
1931,14,4,1010
1931,14,5,26
1931,15,0,2462
1931,15,4,2310
1931,15,5,152
1931,16,0,486
1931,16,1,3
1931,16,3,1
1931,16,4,385
1931,16,5,97
1931,17,0,7243
1931,17,1,42
1931,17,3,28
1931,17,4,6295
1931,17,5,878
1931,18,0,2319
1931,18,1,5
1931,18,3,2
1931,18,4,1619
1931,18,5,693
1932,0,0,10839
1932,0,1,217
1932,0,3,71
1932,0,4,7981
1932,0,5,2570
1932,1,0,4431
1932,1,1,37
1932,1,4,1791
1932,1,5,2603
1932,2,0,6345
1932,2,1,59
1932,2,3,8
1932,2,4,5544
1932,2,5,734
1932,3,0,84
1932,3,1,4
1932,3,3,1
1932,3,4,75
1932,3,5,4
1932,4,0,5012
1932,4,1,54
1932,4,3,130
1932,4,4,3173
1932,4,5,1655
1932,5,0,1927
1932,5,1,173
1932,5,3,2
1932,5,4,1285
1932,5,5,467
1932,6,0,3195
1932,6,1,122
1932,6,3,2
1932,6,4,1093
1932,6,5,1978
1932,7,0,3389
1932,7,1,23
1932,7,3,3
1932,7,4,2573
1932,7,5,790
1932,8,0,1258
1932,8,1,24
1932,8,3,48
1932,8,4,1087
1932,8,5,99
1932,9,0,8366
1932,9,1,160
1932,9,3,10
1932,9,4,6885
1932,9,5,1311
1932,10,0,6571
1932,10,1,43
1932,10,3,15
1932,10,4,5171
1932,10,5,1342
1932,11,0,2444
1932,11,4,2096
1932,11,5,348
1932,12,0,4968
1932,12,1,19
1932,12,3,10
1932,12,4,4115
1932,12,5,824
1932,13,0,8233
1932,13,1,6
1932,13,3,30
1932,13,4,6993
1932,13,5,1204
1932,14,0,1033
1932,14,3,1
1932,14,4,1006
1932,14,5,26
1932,15,0,2460
1932,15,4,2304
1932,15,5,156
1932,16,0,485
1932,16,1,3
1932,16,3,1
1932,16,4,382
1932,16,5,99
1932,17,0,7242
1932,17,1,42
1932,17,3,27
1932,17,4,6291
1932,17,5,882
1932,18,0,2314
1932,18,1,5
1932,18,3,2
1932,18,4,1614
1932,18,5,693
1933,0,0,10862
1933,0,1,217
1933,0,3,68
1933,0,4,8019
1933,0,5,2558
1933,1,0,4425
1933,1,1,37
1933,1,4,1779
1933,1,5,2609
1933,2,0,6338
1933,2,1,59
1933,2,3,7
1933,2,4,5532
1933,2,5,740
1933,3,0,84
1933,3,1,4
1933,3,3,1
1933,3,4,75
1933,3,5,4
1933,4,0,5021
1933,4,1,54
1933,4,3,136
1933,4,4,3154
1933,4,5,1677
1933,5,0,1924
1933,5,1,173
1933,5,3,2
1933,5,4,1285
1933,5,5,464
1933,6,0,3189
1933,6,1,122
1933,6,3,2
1933,6,4,1081
1933,6,5,1984
1933,7,0,3381
1933,7,1,23
1933,7,3,3
1933,7,4,2561
1933,7,5,794
1933,8,0,1255
1933,8,1,24
1933,8,3,43
1933,8,4,1085
1933,8,5,103
1933,9,0,8389
1933,9,1,160
1933,9,3,10
1933,9,4,6908
1933,9,5,1311
1933,10,0,6570
1933,10,1,43
1933,10,3,15
1933,10,4,5168
1933,10,5,1344
1933,11,0,2448
1933,11,4,2094
1933,11,5,354
1933,12,0,4992
1933,12,1,19
1933,12,3,10
1933,12,4,4144
1933,12,5,819
1933,13,0,8228
1933,13,1,6
1933,13,3,34
1933,13,4,6981
1933,13,5,1207
1933,14,0,1038
1933,14,3,1
1933,14,4,1011
1933,14,5,26
1933,15,0,2463
1933,15,4,2316
1933,15,5,147
1933,16,0,485
1933,16,1,3
1933,16,3,1
1933,16,4,382
1933,16,5,99
1933,17,0,7253
1933,17,1,42
1933,17,3,28
1933,17,4,6299
1933,17,5,884
1933,18,0,2319
1933,18,1,5
1933,18,3,2
1933,18,4,1621
1933,18,5,691
1934,0,0,10855
1934,0,1,217
1934,0,3,71
1934,0,4,7999
1934,0,5,2568
1934,1,0,4424
1934,1,1,37
1934,1,4,1786
1934,1,5,2601
1934,2,0,6350
1934,2,1,59
1934,2,3,8
1934,2,4,5545
1934,2,5,738
1934,3,0,83
1934,3,1,4
1934,3,3,1
1934,3,4,75
1934,3,5,3
1934,4,0,5025
1934,4,1,54
1934,4,3,134
1934,4,4,3155
1934,4,5,1682
1934,5,0,1927
1934,5,1,173
1934,5,3,2
1934,5,4,1288
1934,5,5,464
1934,6,0,3179
1934,6,1,122
1934,6,3,2
1934,6,4,1076
1934,6,5,1979
1934,7,0,3382
1934,7,1,23
1934,7,3,3
1934,7,4,2565
1934,7,5,791
1934,8,0,1257
1934,8,1,24
1934,8,3,47
1934,8,4,1083
1934,8,5,103
1934,9,0,8400
1934,9,1,160
1934,9,3,10
1934,9,4,6912
1934,9,5,1318
1934,10,0,6573
1934,10,1,43
1934,10,3,15
1934,10,4,5181
1934,10,5,1334
1934,11,0,2446
1934,11,4,2093
1934,11,5,353
1934,12,0,4981
1934,12,1,19
1934,12,3,10
1934,12,4,4133
1934,12,5,819
1934,13,0,8238
1934,13,1,6
1934,13,3,30
1934,13,4,6990
1934,13,5,1212
1934,14,0,1036
1934,14,3,1
1934,14,4,1009
1934,14,5,26
1934,15,0,2464
1934,15,4,2310
1934,15,5,154
1934,16,0,485
1934,16,1,3
1934,16,3,1
1934,16,4,382
1934,16,5,99
1934,17,0,7247
1934,17,1,42
1934,17,3,27
1934,17,4,6296
1934,17,5,882
1934,18,0,2316
1934,18,1,5
1934,18,3,2
1934,18,4,1612
1934,18,5,697
1935,0,0,10856
1935,0,1,217
1935,0,3,68
1935,0,4,7994
1935,0,5,2577
1935,1,0,4431
1935,1,1,37
1935,1,4,1783
1935,1,5,2611
1935,2,0,6346
1935,2,1,59
1935,2,3,7
1935,2,4,5537
1935,2,5,743
1935,3,0,84
1935,3,1,4
1935,3,3,1
1935,3,4,75
1935,3,5,4
1935,4,0,5016
1935,4,1,54
1935,4,3,139
1935,4,4,3150
1935,4,5,1673
1935,5,0,1932
1935,5,1,173
1935,5,3,2
1935,5,4,1293
1935,5,5,464
1935,6,0,3186
1935,6,1,122
1935,6,3,2
1935,6,4,1077
1935,6,5,1985
1935,7,0,3392
1935,7,1,23
1935,7,3,3
1935,7,4,2560
1935,7,5,806
1935,8,0,1252
1935,8,1,24
1935,8,3,43
1935,8,4,1080
1935,8,5,105
1935,9,0,8399
1935,9,1,160
1935,9,3,10
1935,9,4,6918
1935,9,5,1311
1935,10,0,6575
1935,10,1,43
1935,10,3,15
1935,10,4,5180
1935,10,5,1337
1935,11,0,2445
1935,11,4,2094
1935,11,5,351
1935,12,0,4998
1935,12,1,19
1935,12,3,10
1935,12,4,4154
1935,12,5,815
1935,13,0,8237
1935,13,1,6
1935,13,3,34
1935,13,4,6988
1935,13,5,1209
1935,14,0,1036
1935,14,3,1
1935,14,4,1009
1935,14,5,26
1935,15,0,2465
1935,15,4,2309
1935,15,5,156
1935,16,0,484
1935,16,1,3
1935,16,3,1
1935,16,4,386
1935,16,5,94
1935,17,0,7240
1935,17,1,42
1935,17,3,28
1935,17,4,6296
1935,17,5,874
1935,18,0,2312
1935,18,1,5
1935,18,3,2
1935,18,4,1621
1935,18,5,684
1936,0,0,10859
1936,0,1,217
1936,0,3,72
1936,0,4,7987
1936,0,5,2583
1936,1,0,4437
1936,1,1,37
1936,1,4,1791
1936,1,5,2609
1936,2,0,6350
1936,2,1,59
1936,2,3,8
1936,2,4,5542
1936,2,5,741
1936,3,0,84
1936,3,1,4
1936,3,3,1
1936,3,4,75
1936,3,5,4
1936,4,0,5004
1936,4,1,54
1936,4,3,136
1936,4,4,3135
1936,4,5,1679
1936,5,0,1932
1936,5,1,173
1936,5,3,2
1936,5,4,1292
1936,5,5,465
1936,6,0,3189
1936,6,1,122
1936,6,3,2
1936,6,4,1081
1936,6,5,1984
1936,7,0,3398
1936,7,1,23
1936,7,3,3
1936,7,4,2562
1936,7,5,810
1936,8,0,1261
1936,8,1,24
1936,8,3,48
1936,8,4,1084
1936,8,5,105
1936,9,0,8386
1936,9,1,160
1936,9,3,10
1936,9,4,6891
1936,9,5,1325
1936,10,0,6586
1936,10,1,43
1936,10,3,15
1936,10,4,5196
1936,10,5,1332
1936,11,0,2449
1936,11,4,2096
1936,11,5,353
1936,12,0,5002
1936,12,1,19
1936,12,3,10
1936,12,4,4152
1936,12,5,821
1936,13,0,8236
1936,13,1,6
1936,13,3,30
1936,13,4,6988
1936,13,5,1212
1936,14,0,1036
1936,14,3,1
1936,14,4,1009
1936,14,5,26
1936,15,0,2467
1936,15,4,2313
1936,15,5,154
1936,16,0,484
1936,16,1,3
1936,16,3,1
1936,16,4,383
1936,16,5,97
1936,17,0,7254
1936,17,1,42
1936,17,3,27
1936,17,4,6305
1936,17,5,880
1936,18,0,2316
1936,18,1,5
1936,18,3,2
1936,18,4,1621
1936,18,5,688
1937,0,0,10879
1937,0,1,217
1937,0,3,72
1937,0,4,7998
1937,0,5,2592
1937,1,0,4444
1937,1,1,37
1937,1,4,1797
1937,1,5,2610
1937,2,0,6347
1937,2,1,59
1937,2,3,7
1937,2,4,5539
1937,2,5,742
1937,3,0,84
1937,3,1,4
1937,3,3,1
1937,3,4,75
1937,3,5,4
1937,4,0,5016
1937,4,1,54
1937,4,3,138
1937,4,4,3134
1937,4,5,1690
1937,5,0,1935
1937,5,1,173
1937,5,3,2
1937,5,4,1293
1937,5,5,467
1937,6,0,3187
1937,6,1,122
1937,6,3,2
1937,6,4,1081
1937,6,5,1982
1937,7,0,3401
1937,7,1,23
1937,7,3,3
1937,7,4,2560
1937,7,5,815
1937,8,0,1255
1937,8,1,24
1937,8,3,43
1937,8,4,1083
1937,8,5,105
1937,9,0,8406
1937,9,1,160
1937,9,3,10
1937,9,4,6911
1937,9,5,1325
1937,10,0,6592
1937,10,1,43
1937,10,3,15
1937,10,4,5191
1937,10,5,1343
1937,11,0,2446
1937,11,4,2098
1937,11,5,348
1937,12,0,5014
1937,12,1,19
1937,12,3,10
1937,12,4,4159
1937,12,5,826
1937,13,0,8237
1937,13,1,6
1937,13,3,35
1937,13,4,6985
1937,13,5,1211
1937,14,0,1039
1937,14,3,1
1937,14,4,1012
1937,14,5,26
1937,15,0,2468
1937,15,4,2314
1937,15,5,154
1937,16,0,484
1937,16,1,3
1937,16,3,1
1937,16,4,381
1937,16,5,99
1937,17,0,7253
1937,17,1,42
1937,17,3,28
1937,17,4,6292
1937,17,5,891
1937,18,0,2311
1937,18,1,5
1937,18,3,2
1937,18,4,1616
1937,18,5,688
1938,0,0,10891
1938,0,1,217
1938,0,3,74
1938,0,4,8005
1938,0,5,2595
1938,1,0,4434
1938,1,1,37
1938,1,4,1782
1938,1,5,2615
1938,2,0,6353
1938,2,1,59
1938,2,3,8
1938,2,4,5538
1938,2,5,748
1938,3,0,85
1938,3,1,4
1938,3,3,1
1938,3,4,76
1938,3,5,4
1938,4,0,5000
1938,4,1,54
1938,4,3,142
1938,4,4,3109
1938,4,5,1695
1938,5,0,1931
1938,5,1,173
1938,5,3,2
1938,5,4,1287
1938,5,5,469
1938,6,0,3195
1938,6,1,122
1938,6,3,2
1938,6,4,1084
1938,6,5,1987
1938,7,0,3390
1938,7,1,23
1938,7,3,3
1938,7,4,2542
1938,7,5,822
1938,8,0,1260
1938,8,1,24
1938,8,3,48
1938,8,4,1083
1938,8,5,105
1938,9,0,8402
1938,9,1,160
1938,9,3,10
1938,9,4,6906
1938,9,5,1326
1938,10,0,6586
1938,10,1,43
1938,10,3,15
1938,10,4,5182
1938,10,5,1346
1938,11,0,2444
1938,11,4,2092
1938,11,5,352
1938,12,0,5004
1938,12,1,19
1938,12,3,10
1938,12,4,4148
1938,12,5,827
1938,13,0,8239
1938,13,1,6
1938,13,3,31
1938,13,4,7000
1938,13,5,1202
1938,14,0,1035
1938,14,3,1
1938,14,4,1009
1938,14,5,25
1938,15,0,2469
1938,15,4,2313
1938,15,5,156
1938,16,0,483
1938,16,1,3
1938,16,3,1
1938,16,4,381
1938,16,5,98
1938,17,0,7258
1938,17,1,42
1938,17,3,27
1938,17,4,6293
1938,17,5,896
1938,18,0,2322
1938,18,1,5
1938,18,3,2
1938,18,4,1610
1938,18,5,705
1939,0,0,10847
1939,0,1,217
1939,0,3,76
1939,0,4,7963
1939,0,5,2591
1939,1,0,4439
1939,1,1,37
1939,1,4,1796
1939,1,5,2606
1939,2,0,6334
1939,2,1,59
1939,2,3,7
1939,2,4,5517
1939,2,5,751
1939,3,0,84
1939,3,1,4
1939,3,3,1
1939,3,4,75
1939,3,5,4
1939,4,0,4985
1939,4,1,54
1939,4,3,138
1939,4,4,3105
1939,4,5,1688
1939,5,0,1924
1939,5,1,173
1939,5,3,2
1939,5,4,1279
1939,5,5,470
1939,6,0,3182
1939,6,1,122
1939,6,3,2
1939,6,4,1071
1939,6,5,1987
1939,7,0,3384
1939,7,1,23
1939,7,3,3
1939,7,4,2536
1939,7,5,822
1939,8,0,1254
1939,8,1,24
1939,8,3,43
1939,8,4,1082
1939,8,5,105
1939,9,0,8384
1939,9,1,160
1939,9,3,10
1939,9,4,6891
1939,9,5,1323
1939,10,0,6565
1939,10,1,43
1939,10,3,16
1939,10,4,5156
1939,10,5,1350
1939,11,0,2443
1939,11,4,2089
1939,11,5,354
1939,12,0,4992
1939,12,1,19
1939,12,3,11
1939,12,4,4141
1939,12,5,821
1939,13,0,8234
1939,13,1,6
1939,13,3,36
1939,13,4,6970
1939,13,5,1222
1939,14,0,1040
1939,14,3,1
1939,14,4,1012
1939,14,5,27
1939,15,0,2470
1939,15,4,2310
1939,15,5,160
1939,16,0,484
1939,16,1,3
1939,16,3,1
1939,16,4,381
1939,16,5,99
1939,17,0,7258
1939,17,1,42
1939,17,3,28
1939,17,4,6287
1939,17,5,901
1939,18,0,2324
1939,18,1,5
1939,18,3,2
1939,18,4,1625
1939,18,5,692
1940,0,0,10864
1940,0,1,217
1940,0,3,74
1940,0,4,7989
1940,0,5,2584
1940,1,0,4421
1940,1,1,37
1940,1,4,1775
1940,1,5,2609
1940,2,0,6351
1940,2,1,59
1940,2,3,8
1940,2,4,5530
1940,2,5,754
1940,3,0,84
1940,3,1,4
1940,3,3,1
1940,3,4,75
1940,3,5,4
1940,4,0,4986
1940,4,1,54
1940,4,3,140
1940,4,4,3097
1940,4,5,1695
1940,5,0,1928
1940,5,1,173
1940,5,3,2
1940,5,4,1281
1940,5,5,472
1940,6,0,3178
1940,6,1,122
1940,6,3,2
1940,6,4,1068
1940,6,5,1986
1940,7,0,3405
1940,7,1,23
1940,7,3,3
1940,7,4,2560
1940,7,5,819
1940,8,0,1263
1940,8,1,24
1940,8,3,48
1940,8,4,1084
1940,8,5,107
1940,9,0,8381
1940,9,1,160
1940,9,3,10
1940,9,4,6873
1940,9,5,1338
1940,10,0,6586
1940,10,1,43
1940,10,3,16
1940,10,4,5176
1940,10,5,1351
1940,11,0,2443
1940,11,4,2089
1940,11,5,354
1940,12,0,4993
1940,12,1,19
1940,12,3,11
1940,12,4,4132
1940,12,5,831
1940,13,0,8237
1940,13,1,6
1940,13,3,38
1940,13,4,6965
1940,13,5,1228
1940,14,0,1034
1940,14,3,1
1940,14,4,1007
1940,14,5,26
1940,15,0,2468
1940,15,4,2304
1940,15,5,164
1940,16,0,484
1940,16,1,3
1940,16,3,1
1940,16,4,381
1940,16,5,99
1940,17,0,7266
1940,17,1,42
1940,17,3,29
1940,17,4,6290
1940,17,5,905
1940,18,0,2330
1940,18,1,5
1940,18,3,2
1940,18,4,1621
1940,18,5,702
1941,0,0,10824
1941,0,1,217
1941,0,3,75
1941,0,4,7913
1941,0,5,2619
1941,1,0,4433
1941,1,1,37
1941,1,4,1782
1941,1,5,2614
1941,2,0,6323
1941,2,1,59
1941,2,3,7
1941,2,4,5506
1941,2,5,751
1941,3,0,84
1941,3,1,4
1941,3,3,1
1941,3,4,75
1941,3,5,4
1941,4,0,4975
1941,4,1,54
1941,4,3,139
1941,4,4,3081
1941,4,5,1701
1941,5,0,1930
1941,5,1,173
1941,5,3,2
1941,5,4,1288
1941,5,5,467
1941,6,0,3173
1941,6,1,122
1941,6,3,2
1941,6,4,1060
1941,6,5,1989
1941,7,0,3369
1941,7,1,23
1941,7,3,3
1941,7,4,2525
1941,7,5,818
1941,8,0,1260
1941,8,1,24
1941,8,3,43
1941,8,4,1088
1941,8,5,105
1941,9,0,8359
1941,9,1,160
1941,9,3,11
1941,9,4,6851
1941,9,5,1337
1941,10,0,6539
1941,10,1,43
1941,10,3,19
1941,10,4,5136
1941,10,5,1341
1941,11,0,2438
1941,11,4,2080
1941,11,5,358
1941,12,0,4982
1941,12,1,19
1941,12,3,11
1941,12,4,4129
1941,12,5,823
1941,13,0,8232
1941,13,1,6
1941,13,3,39
1941,13,4,6963
1941,13,5,1224
1941,14,0,1038
1941,14,3,1
1941,14,4,1010
1941,14,5,27
1941,15,0,2467
1941,15,4,2303
1941,15,5,164
1941,16,0,484
1941,16,1,3
1941,16,3,1
1941,16,4,381
1941,16,5,99
1941,17,0,7263
1941,17,1,42
1941,17,3,26
1941,17,4,6271
1941,17,5,924
1941,18,0,2327
1941,18,1,5
1941,18,3,2
1941,18,4,1617
1941,18,5,703
1942,0,0,10862
1942,0,1,217
1942,0,3,69
1942,0,4,7969
1942,0,5,2607
1942,1,0,4424
1942,1,1,37
1942,1,4,1787
1942,1,5,2600
1942,2,0,6351
1942,2,1,59
1942,2,3,8
1942,2,4,5537
1942,2,5,747
1942,3,0,84
1942,3,1,4
1942,3,3,1
1942,3,4,75
1942,3,5,4
1942,4,0,4983
1942,4,1,54
1942,4,3,142
1942,4,4,3088
1942,4,5,1699
1942,5,0,1930
1942,5,1,173
1942,5,3,2
1942,5,4,1281
1942,5,5,474
1942,6,0,3173
1942,6,1,122
1942,6,3,2
1942,6,4,1052
1942,6,5,1997
1942,7,0,3395
1942,7,1,23
1942,7,3,3
1942,7,4,2549
1942,7,5,820
1942,8,0,1263
1942,8,1,24
1942,8,3,48
1942,8,4,1082
1942,8,5,109
1942,9,0,8389
1942,9,1,160
1942,9,3,11
1942,9,4,6883
1942,9,5,1335
1942,10,0,6579
1942,10,1,43
1942,10,3,16
1942,10,4,5159
1942,10,5,1361
1942,11,0,2446
1942,11,4,2088
1942,11,5,358
1942,12,0,5012
1942,12,1,19
1942,12,3,11
1942,12,4,4159
1942,12,5,823
1942,13,0,8239
1942,13,1,6
1942,13,3,38
1942,13,4,6961
1942,13,5,1234
1942,14,0,1035
1942,14,3,1
1942,14,4,1007
1942,14,5,27
1942,15,0,2468
1942,15,4,2305
1942,15,5,163
1942,16,0,484
1942,16,1,3
1942,16,3,1
1942,16,4,379
1942,16,5,101
1942,17,0,7265
1942,17,1,42
1942,17,3,29
1942,17,4,6275
1942,17,5,919
1942,18,0,2334
1942,18,1,5
1942,18,3,2
1942,18,4,1612
1942,18,5,715
1943,0,0,10847
1943,0,1,217
1943,0,3,77
1943,0,4,7946
1943,0,5,2607
1943,1,0,4423
1943,1,1,37
1943,1,4,1781
1943,1,5,2605
1943,2,0,6335
1943,2,1,59
1943,2,3,7
1943,2,4,5517
1943,2,5,752
1943,3,0,84
1943,3,1,4
1943,3,3,1
1943,3,4,75
1943,3,5,4
1943,4,0,4984
1943,4,1,54
1943,4,3,143
1943,4,4,3078
1943,4,5,1709
1943,5,0,1926
1943,5,1,173
1943,5,3,2
1943,5,4,1277
1943,5,5,474
1943,6,0,3182
1943,6,1,122
1943,6,3,2
1943,6,4,1064
1943,6,5,1994
1943,7,0,3386
1943,7,1,23
1943,7,3,3
1943,7,4,2539
1943,7,5,821
1943,8,0,1257
1943,8,1,24
1943,8,3,43
1943,8,4,1082
1943,8,5,108
1943,9,0,8389
1943,9,1,160
1943,9,3,11
1943,9,4,6865
1943,9,5,1353
1943,10,0,6585
1943,10,1,43
1943,10,3,17
1943,10,4,5165
1943,10,5,1360
1943,11,0,2443
1943,11,4,2086
1943,11,5,357
1943,12,0,5008
1943,12,1,19
1943,12,3,11
1943,12,4,4144
1943,12,5,834
1943,13,0,8237
1943,13,1,6
1943,13,3,39
1943,13,4,6963
1943,13,5,1229
1943,14,0,1039
1943,14,3,1
1943,14,4,1011
1943,14,5,27
1943,15,0,2466
1943,15,4,2305
1943,15,5,161
1943,16,0,484
1943,16,1,3
1943,16,3,1
1943,16,4,381
1943,16,5,99
1943,17,0,7261
1943,17,1,42
1943,17,3,28
1943,17,4,6275
1943,17,5,916
1943,18,0,2330
1943,18,1,5
1943,18,3,2
1943,18,4,1606
1943,18,5,717
1944,0,0,10817
1944,0,1,217
1944,0,3,79
1944,0,4,7896
1944,0,5,2625
1944,1,0,4416
1944,1,1,37
1944,1,4,1754
1944,1,5,2625
1944,2,0,6348
1944,2,1,59
1944,2,3,8
1944,2,4,5530
1944,2,5,751
1944,3,0,84
1944,3,1,4
1944,3,3,1
1944,3,4,75
1944,3,5,4
1944,4,0,4976
1944,4,1,54
1944,4,3,143
1944,4,4,3081
1944,4,5,1698
1944,5,0,1935
1944,5,1,173
1944,5,3,2
1944,5,4,1280
1944,5,5,480
1944,6,0,3186
1944,6,1,122
1944,6,3,2
1944,6,4,1063
1944,6,5,1999
1944,7,0,3382
1944,7,1,23
1944,7,3,6
1944,7,4,2538
1944,7,5,815
1944,8,0,1262
1944,8,1,24
1944,8,3,48
1944,8,4,1084
1944,8,5,106
1944,9,0,8391
1944,9,1,160
1944,9,3,11
1944,9,4,6869
1944,9,5,1351
1944,10,0,6577
1944,10,1,43
1944,10,3,16
1944,10,4,5155
1944,10,5,1363
1944,11,0,2445
1944,11,4,2090
1944,11,5,355
1944,12,0,5002
1944,12,1,19
1944,12,3,11
1944,12,4,4132
1944,12,5,840
1944,13,0,8236
1944,13,1,6
1944,13,3,38
1944,13,4,6957
1944,13,5,1235
1944,14,0,1036
1944,14,3,1
1944,14,4,1008
1944,14,5,27
1944,15,0,2468
1944,15,4,2303
1944,15,5,165
1944,16,0,484
1944,16,1,3
1944,16,3,1
1944,16,4,379
1944,16,5,101
1944,17,0,7262
1944,17,1,42
1944,17,3,27
1944,17,4,6270
1944,17,5,923
1944,18,0,2331
1944,18,1,5
1944,18,3,2
1944,18,4,1612
1944,18,5,712
1945,0,0,10845
1945,0,1,217
1945,0,3,80
1945,0,4,7934
1945,0,5,2614
1945,1,0,4409
1945,1,1,37
1945,1,4,1742
1945,1,5,2630
1945,2,0,6341
1945,2,1,59
1945,2,3,7
1945,2,4,5519
1945,2,5,756
1945,3,0,84
1945,3,1,4
1945,3,3,1
1945,3,4,75
1945,3,5,4
1945,4,0,4969
1945,4,1,54
1945,4,3,149
1945,4,4,3051
1945,4,5,1715
1945,5,0,1926
1945,5,1,173
1945,5,3,2
1945,5,4,1274
1945,5,5,477
1945,6,0,3179
1945,6,1,122
1945,6,3,2
1945,6,4,1052
1945,6,5,2003
1945,7,0,3381
1945,7,1,23
1945,7,3,6
1945,7,4,2533
1945,7,5,819
1945,8,0,1259
1945,8,1,24
1945,8,3,43
1945,8,4,1084
1945,8,5,108
1945,9,0,8389
1945,9,1,160
1945,9,3,11
1945,9,4,6865
1945,9,5,1353
1945,10,0,6590
1945,10,1,43
1945,10,3,17
1945,10,4,5160
1945,10,5,1370
1945,11,0,2445
1945,11,4,2084
1945,11,5,361
1945,12,0,5010
1945,12,1,19
1945,12,3,11
1945,12,4,4142
1945,12,5,838
1945,13,0,8232
1945,13,1,6
1945,13,3,39
1945,13,4,6951
1945,13,5,1236
1945,14,0,1039
1945,14,3,1
1945,14,4,1011
1945,14,5,27
1945,15,0,2466
1945,15,4,2310
1945,15,5,156
1945,16,0,484
1945,16,1,3
1945,16,3,1
1945,16,4,379
1945,16,5,101
1945,17,0,7268
1945,17,1,42
1945,17,3,28
1945,17,4,6276
1945,17,5,922
1945,18,0,2332
1945,18,1,5
1945,18,3,2
1945,18,4,1616
1945,18,5,709
1946,0,0,10822
1946,0,1,217
1946,0,3,80
1946,0,4,7902
1946,0,5,2623
1946,1,0,4405
1946,1,1,37
1946,1,4,1755
1946,1,5,2613
1946,2,0,6344
1946,2,1,59
1946,2,3,8
1946,2,4,5527
1946,2,5,750
1946,3,0,83
1946,3,1,4
1946,3,3,1
1946,3,4,75
1946,3,5,3
1946,4,0,4971
1946,4,1,54
1946,4,3,151
1946,4,4,3059
1946,4,5,1707
1946,5,0,1927
1946,5,1,173
1946,5,3,2
1946,5,4,1270
1946,5,5,482
1946,6,0,3169
1946,6,1,122
1946,6,3,2
1946,6,4,1049
1946,6,5,1996
1946,7,0,3371
1946,7,1,23
1946,7,3,6
1946,7,4,2533
1946,7,5,809
1946,8,0,1261
1946,8,1,24
1946,8,3,49
1946,8,4,1080
1946,8,5,108
1946,9,0,8396
1946,9,1,160
1946,9,3,11
1946,9,4,6869
1946,9,5,1356
1946,10,0,6580
1946,10,1,43
1946,10,3,16
1946,10,4,5154
1946,10,5,1367
1946,11,0,2446
1946,11,4,2081
1946,11,5,365
1946,12,0,4999
1946,12,1,19
1946,12,3,11
1946,12,4,4134
1946,12,5,835
1946,13,0,8239
1946,13,1,6
1946,13,3,38
1946,13,4,6942
1946,13,5,1253
1946,14,0,1035
1946,14,3,1
1946,14,4,1007
1946,14,5,27
1946,15,0,2469
1946,15,4,2306
1946,15,5,163
1946,16,0,482
1946,16,1,3
1946,16,3,1
1946,16,4,377
1946,16,5,101
1946,17,0,7272
1946,17,1,42
1946,17,3,28
1946,17,4,6271
1946,17,5,931
1946,18,0,2331
1946,18,1,5
1946,18,3,2
1946,18,4,1608
1946,18,5,716
1947,0,0,10837
1947,0,1,217
1947,0,3,83
1947,0,4,7915
1947,0,5,2622
1947,1,0,4414
1947,1,1,37
1947,1,4,1749
1947,1,5,2628
1947,2,0,6344
1947,2,1,59
1947,2,3,7
1947,2,4,5511
1947,2,5,767
1947,3,0,84
1947,3,1,4
1947,3,3,1
1947,3,4,75
1947,3,5,4
1947,4,0,4959
1947,4,1,54
1947,4,3,153
1947,4,4,3047
1947,4,5,1705
1947,5,0,1920
1947,5,1,173
1947,5,3,2
1947,5,4,1264
1947,5,5,481
1947,6,0,3168
1947,6,1,122
1947,6,3,2
1947,6,4,1041
1947,6,5,2003
1947,7,0,3376
1947,7,1,23
1947,7,3,6
1947,7,4,2522
1947,7,5,825
1947,8,0,1257
1947,8,1,24
1947,8,3,44
1947,8,4,1079
1947,8,5,110
1947,9,0,8382
1947,9,1,160
1947,9,3,11
1947,9,4,6859
1947,9,5,1352
1947,10,0,6576
1947,10,1,43
1947,10,3,17
1947,10,4,5150
1947,10,5,1366
1947,11,0,2439
1947,11,4,2076
1947,11,5,363
1947,12,0,4993
1947,12,1,19
1947,12,3,11
1947,12,4,4131
1947,12,5,832
1947,13,0,8236
1947,13,1,6
1947,13,3,40
1947,13,4,6938
1947,13,5,1252
1947,14,0,1037
1947,14,3,1
1947,14,4,1010
1947,14,5,26
1947,15,0,2468
1947,15,4,2303
1947,15,5,165
1947,16,0,481
1947,16,1,3
1947,16,3,1
1947,16,4,381
1947,16,5,96
1947,17,0,7260
1947,17,1,42
1947,17,3,29
1947,17,4,6264
1947,17,5,925
1947,18,0,2335
1947,18,1,5
1947,18,3,2
1947,18,4,1615
1947,18,5,713
1948,0,0,10812
1948,0,1,217
1948,0,3,85
1948,0,4,7873
1948,0,5,2637
1948,1,0,4407
1948,1,1,37
1948,1,4,1745
1948,1,5,2625
1948,2,0,6343
1948,2,1,59
1948,2,3,7
1948,2,4,5513
1948,2,5,764
1948,3,0,84
1948,3,1,4
1948,3,3,1
1948,3,4,75
1948,3,5,4
1948,4,0,4948
1948,4,1,54
1948,4,3,148
1948,4,4,3031
1948,4,5,1715
1948,5,0,1928
1948,5,1,173
1948,5,3,2
1948,5,4,1270
1948,5,5,483
1948,6,0,3173
1948,6,1,122
1948,6,3,2
1948,6,4,1040
1948,6,5,2009
1948,7,0,3373
1948,7,1,23
1948,7,3,6
1948,7,4,2520
1948,7,5,824
1948,8,0,1263
1948,8,1,24
1948,8,3,49
1948,8,4,1079
1948,8,5,111
1948,9,0,8377
1948,9,1,160
1948,9,3,12
1948,9,4,6841
1948,9,5,1364
1948,10,0,6576
1948,10,1,43
1948,10,3,18
1948,10,4,5150
1948,10,5,1365
1948,11,0,2443
1948,11,4,2078
1948,11,5,365
1948,12,0,4983
1948,12,1,19
1948,12,3,11
1948,12,4,4116
1948,12,5,837
1948,13,0,8231
1948,13,1,6
1948,13,3,39
1948,13,4,6929
1948,13,5,1257
1948,14,0,1034
1948,14,3,1
1948,14,4,1007
1948,14,5,26
1948,15,0,2468
1948,15,4,2307
1948,15,5,161
1948,16,0,480
1948,16,1,3
1948,16,3,1
1948,16,4,377
1948,16,5,99
1948,17,0,7265
1948,17,1,42
1948,17,3,29
1948,17,4,6275
1948,17,5,919
1948,18,0,2331
1948,18,1,5
1948,18,3,2
1948,18,4,1614
1948,18,5,710
1949,0,0,10827
1949,0,1,217
1949,0,3,86
1949,0,4,7873
1949,0,5,2651
1949,1,0,4409
1949,1,1,37
1949,1,4,1741
1949,1,5,2631
1949,2,0,6339
1949,2,1,59
1949,2,3,8
1949,2,4,5511
1949,2,5,761
1949,3,0,84
1949,3,1,4
1949,3,3,1
1949,3,4,75
1949,3,5,4
1949,4,0,4951
1949,4,1,54
1949,4,3,150
1949,4,4,3032
1949,4,5,1715
1949,5,0,1922
1949,5,1,173
1949,5,3,2
1949,5,4,1267
1949,5,5,480
1949,6,0,3166
1949,6,1,122
1949,6,3,2
1949,6,4,1032
1949,6,5,2010
1949,7,0,3380
1949,7,1,23
1949,7,3,6
1949,7,4,2522
1949,7,5,829
1949,8,0,1259
1949,8,1,24
1949,8,3,44
1949,8,4,1079
1949,8,5,112
1949,9,0,8363
1949,9,1,160
1949,9,3,12
1949,9,4,6828
1949,9,5,1363
1949,10,0,6581
1949,10,1,43
1949,10,3,17
1949,10,4,5148
1949,10,5,1373
1949,11,0,2442
1949,11,4,2083
1949,11,5,359
1949,12,0,4987
1949,12,1,19
1949,12,3,11
1949,12,4,4122
1949,12,5,835
1949,13,0,8229
1949,13,1,6
1949,13,3,43
1949,13,4,6924
1949,13,5,1256
1949,14,0,1037
1949,14,3,1
1949,14,4,1010
1949,14,5,26
1949,15,0,2466
1949,15,4,2303
1949,15,5,163
1949,16,0,479
1949,16,1,3
1949,16,3,1
1949,16,4,374
1949,16,5,101
1949,17,0,7258
1949,17,1,42
1949,17,3,29
1949,17,4,6252
1949,17,5,935
1949,18,0,2326
1949,18,1,5
1949,18,3,2
1949,18,4,1601
1949,18,5,718
1950,0,0,10808
1950,0,1,217
1950,0,3,85
1950,0,4,7855
1950,0,5,2651
1950,1,0,4396
1950,1,1,37
1950,1,4,1717
1950,1,5,2642
1950,2,0,6345
1950,2,1,59
1950,2,3,9
1950,2,4,5508
1950,2,5,769
1950,3,0,85
1950,3,1,4
1950,3,3,1
1950,3,4,76
1950,3,5,4
1950,4,0,4921
1950,4,1,54
1950,4,3,152
1950,4,4,2989
1950,4,5,1726
1950,5,0,1920
1950,5,1,173
1950,5,3,2
1950,5,4,1260
1950,5,5,485
1950,6,0,3174
1950,6,1,122
1950,6,3,2
1950,6,4,1039
1950,6,5,2011
1950,7,0,3364
1950,7,1,23
1950,7,3,6
1950,7,4,2503
1950,7,5,832
1950,8,0,1259
1950,8,1,24
1950,8,3,51
1950,8,4,1069
1950,8,5,115
1950,9,0,8371
1950,9,1,160
1950,9,3,12
1950,9,4,6838
1950,9,5,1361
1950,10,0,6567
1950,10,1,43
1950,10,3,18
1950,10,4,5128
1950,10,5,1378
1950,11,0,2436
1950,11,4,2072
1950,11,5,364
1950,12,0,4971
1950,12,1,19
1950,12,3,11
1950,12,4,4094
1950,12,5,847
1950,13,0,8225
1950,13,1,6
1950,13,3,39
1950,13,4,6930
1950,13,5,1250
1950,14,0,1036
1950,14,3,1
1950,14,4,1008
1950,14,5,27
1950,15,0,2468
1950,15,4,2304
1950,15,5,164
1950,16,0,477
1950,16,1,3
1950,16,3,1
1950,16,4,372
1950,16,5,101
1950,17,0,7264
1950,17,1,42
1950,17,3,29
1950,17,4,6257
1950,17,5,936
1950,18,0,2329
1950,18,1,5
1950,18,3,2
1950,18,4,1595
1950,18,5,727
1951,0,0,10780
1951,0,1,217
1951,0,3,90
1951,0,4,7824
1951,0,5,2649
1951,1,0,4407
1951,1,1,37
1951,1,4,1742
1951,1,5,2628
1951,2,0,6326
1951,2,1,59
1951,2,3,8
1951,2,4,5491
1951,2,5,768
1951,3,0,84
1951,3,1,4
1951,3,3,1
1951,3,4,75
1951,3,5,4
1951,4,0,4916
1951,4,1,54
1951,4,3,150
1951,4,4,2994
1951,4,5,1718
1951,5,0,1916
1951,5,1,173
1951,5,3,2
1951,5,4,1259
1951,5,5,482
1951,6,0,3163
1951,6,1,122
1951,6,3,2
1951,6,4,1028
1951,6,5,2011
1951,7,0,3367
1951,7,1,23
1951,7,3,6
1951,7,4,2503
1951,7,5,835
1951,8,0,1246
1951,8,1,24
1951,8,3,46
1951,8,4,1057
1951,8,5,119
1951,9,0,8359
1951,9,1,160
1951,9,3,12
1951,9,4,6822
1951,9,5,1365
1951,10,0,6571
1951,10,1,43
1951,10,3,17
1951,10,4,5125
1951,10,5,1386
1951,11,0,2441
1951,11,4,2072
1951,11,5,369
1951,12,0,4982
1951,12,1,19
1951,12,3,11
1951,12,4,4109
1951,12,5,843
1951,13,0,8223
1951,13,1,6
1951,13,3,43
1951,13,4,6912
1951,13,5,1262
1951,14,0,1037
1951,14,3,1
1951,14,4,1009
1951,14,5,27
1951,15,0,2469
1951,15,4,2303
1951,15,5,166
1951,16,0,477
1951,16,1,3
1951,16,3,1
1951,16,4,372
1951,16,5,101
1951,17,0,7258
1951,17,1,42
1951,17,3,29
1951,17,4,6249
1951,17,5,938
1951,18,0,2331
1951,18,1,5
1951,18,3,2
1951,18,4,1605
1951,18,5,719
1952,0,0,10778
1952,0,1,217
1952,0,3,87
1952,0,4,7831
1952,0,5,2643
1952,1,0,4389
1952,1,1,37
1952,1,4,1720
1952,1,5,2632
1952,2,0,6349
1952,2,1,59
1952,2,3,9
1952,2,4,5512
1952,2,5,769
1952,3,0,84
1952,3,1,4
1952,3,3,1
1952,3,4,75
1952,3,5,4
1952,4,0,4909
1952,4,1,54
1952,4,3,150
1952,4,4,2980
1952,4,5,1725
1952,5,0,1915
1952,5,1,173
1952,5,3,2
1952,5,4,1256
1952,5,5,484
1952,6,0,3159
1952,6,1,122
1952,6,3,2
1952,6,4,1024
1952,6,5,2011
1952,7,0,3361
1952,7,1,23
1952,7,3,6
1952,7,4,2500
1952,7,5,832
1952,8,0,1251
1952,8,1,24
1952,8,3,51
1952,8,4,1055
1952,8,5,121
1952,9,0,8337
1952,9,1,160
1952,9,3,14
1952,9,4,6786
1952,9,5,1377
1952,10,0,6558
1952,10,1,43
1952,10,3,18
1952,10,4,5108
1952,10,5,1389
1952,11,0,2432
1952,11,4,2064
1952,11,5,368
1952,12,0,4953
1952,12,1,19
1952,12,3,11
1952,12,4,4069
1952,12,5,854
1952,13,0,8224
1952,13,1,6
1952,13,3,39
1952,13,4,6898
1952,13,5,1281
1952,14,0,1035
1952,14,3,1
1952,14,4,1008
1952,14,5,26
1952,15,0,2468
1952,15,4,2300
1952,15,5,168
1952,16,0,477
1952,16,1,3
1952,16,3,1
1952,16,4,372
1952,16,5,101
1952,17,0,7255
1952,17,1,42
1952,17,3,29
1952,17,4,6254
1952,17,5,930
1952,18,0,2330
1952,18,1,5
1952,18,3,2
1952,18,4,1593
1952,18,5,730
1953,0,0,10766
1953,0,1,217
1953,0,3,90
1953,0,4,7788
1953,0,5,2671
1953,1,0,4402
1953,1,1,37
1953,1,4,1732
1953,1,5,2633
1953,2,0,6325
1953,2,1,59
1953,2,3,8
1953,2,4,5483
1953,2,5,775
1953,3,0,85
1953,3,1,4
1953,3,3,1
1953,3,4,75
1953,3,5,5
1953,4,0,4892
1953,4,1,54
1953,4,3,151
1953,4,4,2955
1953,4,5,1732
1953,5,0,1920
1953,5,1,173
1953,5,3,2
1953,5,4,1265
1953,5,5,480
1953,6,0,3158
1953,6,1,122
1953,6,3,2
1953,6,4,1021
1953,6,5,2013
1953,7,0,3359
1953,7,1,23
1953,7,3,6
1953,7,4,2496
1953,7,5,834
1953,8,0,1252
1953,8,1,24
1953,8,3,46
1953,8,4,1063
1953,8,5,119
1953,9,0,8332
1953,9,1,160
1953,9,3,14
1953,9,4,6789
1953,9,5,1369
1953,10,0,6563
1953,10,1,43
1953,10,3,17
1953,10,4,5108
1953,10,5,1395
1953,11,0,2437
1953,11,4,2066
1953,11,5,371
1953,12,0,4969
1953,12,1,19
1953,12,3,11
1953,12,4,4095
1953,12,5,844
1953,13,0,8215
1953,13,1,6
1953,13,3,43
1953,13,4,6880
1953,13,5,1286
1953,14,0,1036
1953,14,3,1
1953,14,4,1008
1953,14,5,27
1953,15,0,2466
1953,15,4,2293
1953,15,5,173
1953,16,0,475
1953,16,1,3
1953,16,3,1
1953,16,4,372
1953,16,5,99
1953,17,0,7262
1953,17,1,42
1953,17,3,29
1953,17,4,6241
1953,17,5,950
1953,18,0,2335
1953,18,1,5
1953,18,3,2
1953,18,4,1594
1953,18,5,734
1954,0,0,10757
1954,0,1,217
1954,0,3,90
1954,0,4,7788
1954,0,5,2662
1954,1,0,4382
1954,1,1,37
1954,1,4,1706
1954,1,5,2639
1954,2,0,6341
1954,2,1,59
1954,2,3,9
1954,2,4,5497
1954,2,5,776
1954,3,0,83
1954,3,1,4
1954,3,3,1
1954,3,4,73
1954,3,5,5
1954,4,0,4881
1954,4,1,54
1954,4,3,152
1954,4,4,2945
1954,4,5,1730
1954,5,0,1918
1954,5,1,173
1954,5,3,2
1954,5,4,1257
1954,5,5,486
1954,6,0,3150
1954,6,1,122
1954,6,3,2
1954,6,4,1008
1954,6,5,2018
1954,7,0,3366
1954,7,1,23
1954,7,3,6
1954,7,4,2498
1954,7,5,839
1954,8,0,1246
1954,8,1,24
1954,8,3,51
1954,8,4,1050
1954,8,5,121
1954,9,0,8336
1954,9,1,160
1954,9,3,16
1954,9,4,6794
1954,9,5,1366
1954,10,0,6550
1954,10,1,43
1954,10,3,18
1954,10,4,5088
1954,10,5,1401
1954,11,0,2430
1954,11,4,2057
1954,11,5,373
1954,12,0,4959
1954,12,1,19
1954,12,3,11
1954,12,4,4072
1954,12,5,857
1954,13,0,8213
1954,13,1,6
1954,13,3,39
1954,13,4,6872
1954,13,5,1296
1954,14,0,1035
1954,14,3,1
1954,14,4,1007
1954,14,5,27
1954,15,0,2467
1954,15,4,2295
1954,15,5,172
1954,16,0,475
1954,16,1,3
1954,16,3,1
1954,16,4,370
1954,16,5,101
1954,17,0,7259
1954,17,1,42
1954,17,3,29
1954,17,4,6238
1954,17,5,950
1954,18,0,2341
1954,18,1,5
1954,18,3,2
1954,18,4,1595
1954,18,5,739
1955,0,0,10742
1955,0,1,217
1955,0,3,94
1955,0,4,7771
1955,0,5,2660
1955,1,0,4379
1955,1,1,37
1955,1,4,1706
1955,1,5,2636
1955,2,0,6318
1955,2,1,59
1955,2,3,8
1955,2,4,5470
1955,2,5,781
1955,3,0,83
1955,3,1,4
1955,3,3,1
1955,3,4,72
1955,3,5,6
1955,4,0,4882
1955,4,1,54
1955,4,3,154
1955,4,4,2938
1955,4,5,1736
1955,5,0,1911
1955,5,1,173
1955,5,3,2
1955,5,4,1252
1955,5,5,484
1955,6,0,3149
1955,6,1,122
1955,6,3,2
1955,6,4,1010
1955,6,5,2015
1955,7,0,3360
1955,7,1,23
1955,7,3,6
1955,7,4,2494
1955,7,5,837
1955,8,0,1246
1955,8,1,24
1955,8,3,50
1955,8,4,1053
1955,8,5,119
1955,9,0,8323
1955,9,1,160
1955,9,3,14
1955,9,4,6760
1955,9,5,1389
1955,10,0,6550
1955,10,1,43
1955,10,3,17
1955,10,4,5092
1955,10,5,1398
1955,11,0,2431
1955,11,4,2060
1955,11,5,371
1955,12,0,4960
1955,12,1,19
1955,12,3,11
1955,12,4,4068
1955,12,5,862
1955,13,0,8204
1955,13,1,6
1955,13,3,43
1955,13,4,6863
1955,13,5,1292
1955,14,0,1036
1955,14,3,1
1955,14,4,1006
1955,14,5,29
1955,15,0,2463
1955,15,4,2293
1955,15,5,170
1955,16,0,473
1955,16,1,3
1955,16,3,1
1955,16,4,368
1955,16,5,101
1955,17,0,7248
1955,17,1,42
1955,17,3,28
1955,17,4,6231
1955,17,5,947
1955,18,0,2336
1955,18,1,5
1955,18,3,2
1955,18,4,1588
1955,18,5,741
1956,0,0,10719
1956,0,1,217
1956,0,3,95
1956,0,4,7716
1956,0,5,2691
1956,1,0,4370
1956,1,1,37
1956,1,4,1680
1956,1,5,2653
1956,2,0,6338
1956,2,1,59
1956,2,3,9
1956,2,4,5496
1956,2,5,774
1956,3,0,83
1956,3,1,4
1956,3,3,1
1956,3,4,72
1956,3,5,6
1956,4,0,4871
1956,4,1,54
1956,4,3,153
1956,4,4,2922
1956,4,5,1742
1956,5,0,1912
1956,5,1,173
1956,5,3,2
1956,5,4,1250
1956,5,5,487
1956,6,0,3151
1956,6,1,122
1956,6,3,2
1956,6,4,1011
1956,6,5,2016
1956,7,0,3344
1956,7,1,23
1956,7,3,6
1956,7,4,2474
1956,7,5,841
1956,8,0,1241
1956,8,1,24
1956,8,3,47
1956,8,4,1053
1956,8,5,117
1956,9,0,8336
1956,9,1,160
1956,9,3,16
1956,9,4,6774
1956,9,5,1386
1956,10,0,6541
1956,10,1,43
1956,10,3,18
1956,10,4,5085
1956,10,5,1395
1956,11,0,2429
1956,11,4,2055
1956,11,5,374
1956,12,0,4942
1956,12,1,19
1956,12,3,11
1956,12,4,4044
1956,12,5,868
1956,13,0,8201
1956,13,1,6
1956,13,3,39
1956,13,4,6852
1956,13,5,1304
1956,14,0,1036
1956,14,3,1
1956,14,4,1006
1956,14,5,29
1956,15,0,2465
1956,15,4,2290
1956,15,5,175
1956,16,0,474
1956,16,1,3
1956,16,3,1
1956,16,4,365
1956,16,5,105
1956,17,0,7249
1956,17,1,42
1956,17,3,31
1956,17,4,6222
1956,17,5,954
1956,18,0,2333
1956,18,1,5
1956,18,3,2
1956,18,4,1590
1956,18,5,736
1957,0,0,10735
1957,0,1,217
1957,0,3,97
1957,0,4,7738
1957,0,5,2683
1957,1,0,4364
1957,1,1,37
1957,1,4,1669
1957,1,5,2658
1957,2,0,6319
1957,2,1,59
1957,2,3,8
1957,2,4,5471
1957,2,5,781
1957,3,0,83
1957,3,1,4
1957,3,3,1
1957,3,4,72
1957,3,5,6
1957,4,0,4860
1957,4,1,54
1957,4,3,156
1957,4,4,2894
1957,4,5,1756
1957,5,0,1908
1957,5,1,173
1957,5,3,2
1957,5,4,1247
1957,5,5,486
1957,6,0,3144
1957,6,1,122
1957,6,3,2
1957,6,4,996
1957,6,5,2024
1957,7,0,3346
1957,7,1,23
1957,7,3,6
1957,7,4,2476
1957,7,5,841
1957,8,0,1248
1957,8,1,24
1957,8,3,50
1957,8,4,1055
1957,8,5,119
1957,9,0,8325
1957,9,1,160
1957,9,3,14
1957,9,4,6753
1957,9,5,1398
1957,10,0,6552
1957,10,1,43
1957,10,3,16
1957,10,4,5083
1957,10,5,1410
1957,11,0,2430
1957,11,4,2052
1957,11,5,378
1957,12,0,4962
1957,12,1,19
1957,12,3,11
1957,12,4,4068
1957,12,5,864
1957,13,0,8193
1957,13,1,6
1957,13,3,42
1957,13,4,6838
1957,13,5,1307
1957,14,0,1036
1957,14,3,1
1957,14,4,1006
1957,14,5,29
1957,15,0,2462
1957,15,4,2291
1957,15,5,171
1957,16,0,474
1957,16,1,3
1957,16,3,1
1957,16,4,365
1957,16,5,105
1957,17,0,7243
1957,17,1,42
1957,17,3,31
1957,17,4,6216
1957,17,5,954
1957,18,0,2328
1957,18,1,5
1957,18,3,2
1957,18,4,1588
1957,18,5,733
1958,0,0,10704
1958,0,1,217
1958,0,3,99
1958,0,4,7710
1958,0,5,2678
1958,1,0,4365
1958,1,1,37
1958,1,4,1679
1958,1,5,2649
1958,2,0,6330
1958,2,1,59
1958,2,3,7
1958,2,4,5485
1958,2,5,779
1958,3,0,82
1958,3,1,4
1958,3,3,1
1958,3,4,72
1958,3,5,5
1958,4,0,4845
1958,4,1,54
1958,4,3,156
1958,4,4,2884
1958,4,5,1751
1958,5,0,1900
1958,5,1,173
1958,5,3,2
1958,5,4,1237
1958,5,5,488
1958,6,0,3136
1958,6,1,122
1958,6,3,2
1958,6,4,992
1958,6,5,2020
1958,7,0,3325
1958,7,1,23
1958,7,3,5
1958,7,4,2465
1958,7,5,832
1958,8,0,1240
1958,8,1,24
1958,8,3,47
1958,8,4,1049
1958,8,5,120
1958,9,0,8326
1958,9,1,160
1958,9,3,16
1958,9,4,6747
1958,9,5,1403
1958,10,0,6548
1958,10,1,43
1958,10,3,18
1958,10,4,5080
1958,10,5,1407
1958,11,0,2427
1958,11,4,2043
1958,11,5,384
1958,12,0,4932
1958,12,1,19
1958,12,3,11
1958,12,4,4037
1958,12,5,865
1958,13,0,8195
1958,13,1,6
1958,13,3,39
1958,13,4,6822
1958,13,5,1328
1958,14,0,1036
1958,14,3,1
1958,14,4,1006
1958,14,5,29
1958,15,0,2466
1958,15,4,2293
1958,15,5,173
1958,16,0,474
1958,16,1,3
1958,16,3,1
1958,16,4,365
1958,16,5,105
1958,17,0,7249
1958,17,1,42
1958,17,3,32
1958,17,4,6208
1958,17,5,967
1958,18,0,2325
1958,18,1,5
1958,18,3,2
1958,18,4,1582
1958,18,5,736
1959,0,0,10694
1959,0,1,217
1959,0,3,99
1959,0,4,7689
1959,0,5,2689
1959,1,0,4377
1959,1,1,37
1959,1,4,1699
1959,1,5,2641
1959,2,0,6317
1959,2,1,59
1959,2,3,10
1959,2,4,5453
1959,2,5,795
1959,3,0,83
1959,3,1,4
1959,3,3,1
1959,3,4,72
1959,3,5,6
1959,4,0,4834
1959,4,1,54
1959,4,3,157
1959,4,4,2874
1959,4,5,1749
1959,5,0,1903
1959,5,1,173
1959,5,3,2
1959,5,4,1240
1959,5,5,488
1959,6,0,3124
1959,6,1,122
1959,6,3,2
1959,6,4,976
1959,6,5,2024
1959,7,0,3330
1959,7,1,23
1959,7,3,6
1959,7,4,2457
1959,7,5,844
1959,8,0,1242
1959,8,1,24
1959,8,3,50
1959,8,4,1046
1959,8,5,122
1959,9,0,8309
1959,9,1,160
1959,9,3,14
1959,9,4,6743
1959,9,5,1392
1959,10,0,6537
1959,10,1,43
1959,10,3,16
1959,10,4,5065
1959,10,5,1413
1959,11,0,2426
1959,11,4,2045
1959,11,5,381
1959,12,0,4950
1959,12,1,19
1959,12,3,11
1959,12,4,4057
1959,12,5,863
1959,13,0,8192
1959,13,1,6
1959,13,3,42
1959,13,4,6810
1959,13,5,1334
1959,14,0,1034
1959,14,3,1
1959,14,4,1005
1959,14,5,28
1959,15,0,2464
1959,15,4,2288
1959,15,5,176
1959,16,0,471
1959,16,1,3
1959,16,3,1
1959,16,4,366
1959,16,5,101
1959,17,0,7236
1959,17,1,42
1959,17,3,31
1959,17,4,6201
1959,17,5,962
1959,18,0,2333
1959,18,1,5
1959,18,3,2
1959,18,4,1585
1959,18,5,741
1960,0,0,10677
1960,0,1,217
1960,0,3,101
1960,0,4,7658
1960,0,5,2701
1960,1,0,4369
1960,1,1,37
1960,1,4,1677
1960,1,5,2655
1960,2,0,6318
1960,2,1,59
1960,2,3,8
1960,2,4,5468
1960,2,5,783
1960,3,0,82
1960,3,1,4
1960,3,3,1
1960,3,4,71
1960,3,5,6
1960,4,0,4825
1960,4,1,54
1960,4,3,155
1960,4,4,2845
1960,4,5,1771
1960,5,0,1895
1960,5,1,173
1960,5,3,2
1960,5,4,1230
1960,5,5,490
1960,6,0,3120
1960,6,1,122
1960,6,3,2
1960,6,4,972
1960,6,5,2024
1960,7,0,3320
1960,7,1,23
1960,7,3,5
1960,7,4,2452
1960,7,5,840
1960,8,0,1239
1960,8,1,24
1960,8,3,48
1960,8,4,1045
1960,8,5,122
1960,9,0,8294
1960,9,1,160
1960,9,3,14
1960,9,4,6708
1960,9,5,1412
1960,10,0,6530
1960,10,1,43
1960,10,3,20
1960,10,4,5053
1960,10,5,1414
1960,11,0,2422
1960,11,4,2039
1960,11,5,383
1960,12,0,4918
1960,12,1,19
1960,12,3,11
1960,12,4,4024
1960,12,5,864
1960,13,0,8188
1960,13,1,6
1960,13,3,42
1960,13,4,6795
1960,13,5,1345
1960,14,0,1034
1960,14,3,1
1960,14,4,1005
1960,14,5,28
1960,15,0,2465
1960,15,4,2288
1960,15,5,177
1960,16,0,472
1960,16,1,3
1960,16,3,1
1960,16,4,364
1960,16,5,104
1960,17,0,7241
1960,17,1,42
1960,17,3,31
1960,17,4,6207
1960,17,5,961
1960,18,0,2326
1960,18,1,5
1960,18,3,2
1960,18,4,1586
1960,18,5,733
1961,0,0,10670
1961,0,1,217
1961,0,3,101
1961,0,4,7629
1961,0,5,2723
1961,1,0,4357
1961,1,1,37
1961,1,4,1663
1961,1,5,2657
1961,2,0,6302
1961,2,1,59
1961,2,3,10
1961,2,4,5441
1961,2,5,792
1961,3,0,82
1961,3,1,4
1961,3,3,1
1961,3,4,71
1961,3,5,6
1961,4,0,4839
1961,4,1,54
1961,4,3,156
1961,4,4,2857
1961,4,5,1772
1961,5,0,1886
1961,5,1,173
1961,5,3,2
1961,5,4,1224
1961,5,5,487
1961,6,0,3112
1961,6,1,122
1961,6,3,2
1961,6,4,961
1961,6,5,2027
1961,7,0,3330
1961,7,1,23
1961,7,3,6
1961,7,4,2457
1961,7,5,844
1961,8,0,1241
1961,8,1,24
1961,8,3,51
1961,8,4,1044
1961,8,5,122
1961,9,0,8282
1961,9,1,160
1961,9,3,16
1961,9,4,6685
1961,9,5,1421
1961,10,0,6532
1961,10,1,43
1961,10,3,16
1961,10,4,5051
1961,10,5,1422
1961,11,0,2423
1961,11,4,2045
1961,11,5,378
1961,12,0,4943
1961,12,1,19
1961,12,3,11
1961,12,4,4043
1961,12,5,870
1961,13,0,8180
1961,13,1,6
1961,13,3,42
1961,13,4,6786
1961,13,5,1346
1961,14,0,1036
1961,14,3,1
1961,14,4,1006
1961,14,5,29
1961,15,0,2464
1961,15,4,2291
1961,15,5,173
1961,16,0,471
1961,16,1,3
1961,16,3,1
1961,16,4,360
1961,16,5,107
1961,17,0,7234
1961,17,1,42
1961,17,3,32
1961,17,4,6190
1961,17,5,970
1961,18,0,2322
1961,18,1,5
1961,18,3,2
1961,18,4,1579
1961,18,5,736
1962,0,0,10669
1962,0,1,217
1962,0,3,101
1962,0,4,7635
1962,0,5,2716
1962,1,0,4344
1962,1,1,37
1962,1,4,1648
1962,1,5,2659
1962,2,0,6309
1962,2,1,59
1962,2,3,8
1962,2,4,5444
1962,2,5,798
1962,3,0,86
1962,3,1,4
1962,3,3,1
1962,3,4,72
1962,3,5,9
1962,4,0,4799
1962,4,1,54
1962,4,3,158
1962,4,4,2811
1962,4,5,1776
1962,5,0,1885
1962,5,1,173
1962,5,4,1225
1962,5,5,487
1962,6,0,3111
1962,6,1,122
1962,6,3,2
1962,6,4,956
1962,6,5,2031
1962,7,0,3319
1962,7,1,23
1962,7,3,5
1962,7,4,2446
1962,7,5,845
1962,8,0,1237
1962,8,1,24
1962,8,3,52
1962,8,4,1040
1962,8,5,121
1962,9,0,8285
1962,9,1,160
1962,9,3,14
1962,9,4,6686
1962,9,5,1425
1962,10,0,6517
1962,10,1,43
1962,10,3,20
1962,10,4,5038
1962,10,5,1416
1962,11,0,2416
1962,11,4,2035
1962,11,5,381
1962,12,0,4916
1962,12,1,19
1962,12,3,12
1962,12,4,4015
1962,12,5,870
1962,13,0,8181
1962,13,1,6
1962,13,3,45
1962,13,4,6773
1962,13,5,1357
1962,14,0,1035
1962,14,3,1
1962,14,4,1004
1962,14,5,30
1962,15,0,2465
1962,15,4,2290
1962,15,5,175
1962,16,0,471
1962,16,1,3
1962,16,3,1
1962,16,4,360
1962,16,5,107
1962,17,0,7229
1962,17,1,42
1962,17,3,32
1962,17,4,6177
1962,17,5,978
1962,18,0,2325
1962,18,1,5
1962,18,3,2
1962,18,4,1578
1962,18,5,740
1963,0,0,10627
1963,0,1,217
1963,0,3,105
1963,0,4,7595
1963,0,5,2710
1963,1,0,4347
1963,1,1,37
1963,1,4,1659
1963,1,5,2651
1963,2,0,6296
1963,2,1,59
1963,2,3,10
1963,2,4,5428
1963,2,5,799
1963,3,0,86
1963,3,1,4
1963,3,3,1
1963,3,4,71
1963,3,5,10
1963,4,0,4797
1963,4,1,54
1963,4,3,156
1963,4,4,2810
1963,4,5,1777
1963,5,0,1883
1963,5,1,173
1963,5,4,1225
1963,5,5,485
1963,6,0,3099
1963,6,1,122
1963,6,3,2
1963,6,4,949
1963,6,5,2026
1963,7,0,3320
1963,7,1,23
1963,7,3,6
1963,7,4,2438
1963,7,5,853
1963,8,0,1236
1963,8,1,24
1963,8,3,51
1963,8,4,1040
1963,8,5,121
1963,9,0,8283
1963,9,1,160
1963,9,3,16
1963,9,4,6675
1963,9,5,1432
1963,10,0,6516
1963,10,1,43
1963,10,3,16
1963,10,4,5037
1963,10,5,1420
1963,11,0,2422
1963,11,4,2030
1963,11,5,392
1963,12,0,4920
1963,12,1,19
1963,12,3,12
1963,12,4,4021
1963,12,5,868
1963,13,0,8175
1963,13,1,6
1963,13,3,47
1963,13,4,6758
1963,13,5,1364
1963,14,0,1036
1963,14,3,1
1963,14,4,1004
1963,14,5,31
1963,15,0,2465
1963,15,4,2289
1963,15,5,176
1963,16,0,468
1963,16,1,3
1963,16,3,1
1963,16,4,357
1963,16,5,107
1963,17,0,7225
1963,17,1,42
1963,17,3,32
1963,17,4,6169
1963,17,5,982
1963,18,0,2327
1963,18,1,5
1963,18,3,2
1963,18,4,1587
1963,18,5,733
1964,0,0,10628
1964,0,1,217
1964,0,3,103
1964,0,4,7588
1964,0,5,2720
1964,1,0,4336
1964,1,1,37
1964,1,4,1640
1964,1,5,2659
1964,2,0,6317
1964,2,1,59
1964,2,3,8
1964,2,4,5453
1964,2,5,797
1964,3,0,85
1964,3,1,4
1964,3,3,1
1964,3,4,70
1964,3,5,10
1964,4,0,4787
1964,4,1,54
1964,4,3,156
1964,4,4,2794
1964,4,5,1783
1964,5,0,1882
1964,5,1,173
1964,5,4,1222
1964,5,5,487
1964,6,0,3095
1964,6,1,122
1964,6,3,2
1964,6,4,943
1964,6,5,2028
1964,7,0,3310
1964,7,1,23
1964,7,3,5
1964,7,4,2433
1964,7,5,849
1964,8,0,1239
1964,8,1,24
1964,8,3,52
1964,8,4,1038
1964,8,5,125
1964,9,0,8254
1964,9,1,160
1964,9,3,14
1964,9,4,6633
1964,9,5,1447
1964,10,0,6500
1964,10,1,43
1964,10,3,20
1964,10,4,5014
1964,10,5,1423
1964,11,0,2413
1964,11,4,2024
1964,11,5,389
1964,12,0,4895
1964,12,1,19
1964,12,3,12
1964,12,4,3986
1964,12,5,878
1964,13,0,8172
1964,13,1,6
1964,13,3,50
1964,13,4,6745
1964,13,5,1371
1964,14,0,1034
1964,14,3,1
1964,14,4,1003
1964,14,5,30
1964,15,0,2465
1964,15,4,2287
1964,15,5,178
1964,16,0,472
1964,16,1,3
1964,16,3,1
1964,16,4,361
1964,16,5,107
1964,17,0,7222
1964,17,1,42
1964,17,3,32
1964,17,4,6172
1964,17,5,976
1964,18,0,2316
1964,18,1,5
1964,18,3,2
1964,18,4,1573
1964,18,5,736
1965,0,0,10605
1965,0,1,217
1965,0,3,102
1965,0,4,7541
1965,0,5,2745
1965,1,0,4342
1965,1,1,37
1965,1,4,1639
1965,1,5,2666
1965,2,0,6282
1965,2,1,59
1965,2,3,10
1965,2,4,5412
1965,2,5,801
1965,3,0,85
1965,3,1,4
1965,3,3,1
1965,3,4,70
1965,3,5,10
1965,4,0,4766
1965,4,1,54
1965,4,3,161
1965,4,4,2767
1965,4,5,1784
1965,5,0,1882
1965,5,1,173
1965,5,4,1229
1965,5,5,480
1965,6,0,3092
1965,6,1,122
1965,6,3,2
1965,6,4,936
1965,6,5,2032
1965,7,0,3303
1965,7,1,23
1965,7,3,6
1965,7,4,2414
1965,7,5,860
1965,8,0,1242
1965,8,1,24
1965,8,3,51
1965,8,4,1044
1965,8,5,123
1965,9,0,8253
1965,9,1,160
1965,9,3,16
1965,9,4,6635
1965,9,5,1442
1965,10,0,6515
1965,10,1,43
1965,10,3,16
1965,10,4,5032
1965,10,5,1424
1965,11,0,2420
1965,11,4,2026
1965,11,5,394
1965,12,0,4925
1965,12,1,19
1965,12,3,12
1965,12,4,4020
1965,12,5,874
1965,13,0,8170
1965,13,1,6
1965,13,3,49
1965,13,4,6737
1965,13,5,1378
1965,14,0,1035
1965,14,3,1
1965,14,4,1002
1965,14,5,32
1965,15,0,2464
1965,15,4,2282
1965,15,5,182
1965,16,0,469
1965,16,1,3
1965,16,3,1
1965,16,4,360
1965,16,5,105
1965,17,0,7223
1965,17,1,42
1965,17,3,34
1965,17,4,6158
1965,17,5,989
1965,18,0,2314
1965,18,1,5
1965,18,3,2
1965,18,4,1576
1965,18,5,731
1966,0,0,10583
1966,0,1,217
1966,0,3,105
1966,0,4,7527
1966,0,5,2734
1966,1,0,4326
1966,1,1,37
1966,1,4,1630
1966,1,5,2659
1966,2,0,6304
1966,2,1,59
1966,2,3,8
1966,2,4,5428
1966,2,5,809
1966,3,0,85
1966,3,1,4
1966,3,3,1
1966,3,4,68
1966,3,5,12
1966,4,0,4752
1966,4,1,54
1966,4,3,161
1966,4,4,2746
1966,4,5,1791
1966,5,0,1881
1966,5,1,173
1966,5,4,1221
1966,5,5,487
1966,6,0,3081
1966,6,1,122
1966,6,3,2
1966,6,4,922
1966,6,5,2035
1966,7,0,3305
1966,7,1,23
1966,7,3,6
1966,7,4,2414
1966,7,5,862
1966,8,0,1234
1966,8,1,24
1966,8,3,52
1966,8,4,1032
1966,8,5,126
1966,9,0,8237
1966,9,1,160
1966,9,3,14
1966,9,4,6636
1966,9,5,1427
1966,10,0,6488
1966,10,1,43
1966,10,3,20
1966,10,4,5000
1966,10,5,1425
1966,11,0,2415
1966,11,4,2020
1966,11,5,395
1966,12,0,4887
1966,12,1,19
1966,12,3,12
1966,12,4,3976
1966,12,5,880
1966,13,0,8163
1966,13,1,6
1966,13,3,49
1966,13,4,6726
1966,13,5,1382
1966,14,0,1034
1966,14,3,1
1966,14,4,1003
1966,14,5,30
1966,15,0,2465
1966,15,4,2285
1966,15,5,180
1966,16,0,468
1966,16,1,3
1966,16,3,1
1966,16,4,359
1966,16,5,105
1966,17,0,7218
1966,17,1,42
1966,17,3,34
1966,17,4,6154
1966,17,5,988
1966,18,0,2322
1966,18,1,5
1966,18,3,2
1966,18,4,1586
1966,18,5,729
1967,0,0,10547
1967,0,1,217
1967,0,3,104
1967,0,4,7490
1967,0,5,2736
1967,1,0,4313
1967,1,1,37
1967,1,4,1608
1967,1,5,2668
1967,2,0,6286
1967,2,1,59
1967,2,3,10
1967,2,4,5399
1967,2,5,818
1967,3,0,85
1967,3,1,4
1967,3,3,1
1967,3,4,68
1967,3,5,12
1967,4,0,4748
1967,4,1,54
1967,4,3,163
1967,4,4,2737
1967,4,5,1794
1967,5,0,1878
1967,5,1,173
1967,5,4,1216
1967,5,5,489
1967,6,0,3086
1967,6,1,122
1967,6,3,2
1967,6,4,927
1967,6,5,2035
1967,7,0,3292
1967,7,1,23
1967,7,3,6
1967,7,4,2399
1967,7,5,864
1967,8,0,1230
1967,8,1,24
1967,8,3,51
1967,8,4,1031
1967,8,5,124
1967,9,0,8230
1967,9,1,160
1967,9,3,18
1967,9,4,6611
1967,9,5,1441
1967,10,0,6511
1967,10,1,43
1967,10,3,18
1967,10,4,5026
1967,10,5,1424
1967,11,0,2419
1967,11,4,2021
1967,11,5,398
1967,12,0,4883
1967,12,1,19
1967,12,3,12
1967,12,4,3970
1967,12,5,882
1967,13,0,8159
1967,13,1,6
1967,13,3,49
1967,13,4,6725
1967,13,5,1379
1967,14,0,1035
1967,14,3,1
1967,14,4,1002
1967,14,5,32
1967,15,0,2461
1967,15,4,2283
1967,15,5,178
1967,16,0,465
1967,16,1,3
1967,16,3,1
1967,16,4,357
1967,16,5,104
1967,17,0,7220
1967,17,1,42
1967,17,3,38
1967,17,4,6157
1967,17,5,983
1967,18,0,2309
1967,18,1,5
1967,18,3,2
1967,18,4,1575
1967,18,5,727
1968,0,0,10518
1968,0,1,217
1968,0,3,107
1968,0,4,7425
1968,0,5,2769
1968,1,0,4301
1968,1,1,37
1968,1,4,1584
1968,1,5,2680
1968,2,0,6300
1968,2,1,59
1968,2,3,10
1968,2,4,5420
1968,2,5,811
1968,3,0,85
1968,3,1,4
1968,3,3,1
1968,3,4,68
1968,3,5,12
1968,4,0,4747
1968,4,1,54
1968,4,3,164
1968,4,4,2730
1968,4,5,1799
1968,5,0,1879
1968,5,1,173
1968,5,4,1213
1968,5,5,493
1968,6,0,3085
1968,6,1,122
1968,6,3,2
1968,6,4,924
1968,6,5,2037
1968,7,0,3279
1968,7,1,23
1968,7,3,6
1968,7,4,2384
1968,7,5,866
1968,8,0,1231
1968,8,1,24
1968,8,3,52
1968,8,4,1032
1968,8,5,123
1968,9,0,8230
1968,9,1,160
1968,9,3,20
1968,9,4,6617
1968,9,5,1433
1968,10,0,6483
1968,10,1,43
1968,10,3,20
1968,10,4,5000
1968,10,5,1420
1968,11,0,2412
1968,11,4,2018
1968,11,5,394
1968,12,0,4852
1968,12,1,19
1968,12,3,12
1968,12,4,3929
1968,12,5,892
1968,13,0,8147
1968,13,1,6
1968,13,3,50
1968,13,4,6719
1968,13,5,1372
1968,14,0,1036
1968,14,3,1
1968,14,4,1003
1968,14,5,32
1968,15,0,2464
1968,15,4,2280
1968,15,5,184
1968,16,0,470
1968,16,1,3
1968,16,3,1
1968,16,4,358
1968,16,5,108
1968,17,0,7214
1968,17,1,42
1968,17,3,37
1968,17,4,6152
1968,17,5,983
1968,18,0,2313
1968,18,1,5
1968,18,3,2
1968,18,4,1582
1968,18,5,724
1969,0,0,10517
1969,0,1,217
1969,0,3,109
1969,0,4,7427
1969,0,5,2764
1969,1,0,4294
1969,1,1,37
1969,1,4,1573
1969,1,5,2684
1969,2,0,6275
1969,2,1,59
1969,2,3,10
1969,2,4,5395
1969,2,5,811
1969,3,0,85
1969,3,1,4
1969,3,3,1
1969,3,4,68
1969,3,5,12
1969,4,0,4741
1969,4,1,54
1969,4,3,168
1969,4,4,2715
1969,4,5,1804
1969,5,0,1882
1969,5,1,173
1969,5,4,1216
1969,5,5,493
1969,6,0,3079
1969,6,1,122
1969,6,3,2
1969,6,4,917
1969,6,5,2038
1969,7,0,3281
1969,7,1,23
1969,7,3,8
1969,7,4,2377
1969,7,5,873
1969,8,0,1230
1969,8,1,24
1969,8,3,51
1969,8,4,1033
1969,8,5,122
1969,9,0,8222
1969,9,1,160
1969,9,3,20
1969,9,4,6598
1969,9,5,1444
1969,10,0,6497
1969,10,1,43
1969,10,3,24
1969,10,4,5012
1969,10,5,1418
1969,11,0,2411
1969,11,4,2014
1969,11,5,397
1969,12,0,4845
1969,12,1,19
1969,12,3,12
1969,12,4,3919
1969,12,5,895
1969,13,0,8139
1969,13,1,6
1969,13,3,49
1969,13,4,6709
1969,13,5,1375
1969,14,0,1034
1969,14,3,1
1969,14,4,1001
1969,14,5,32
1969,15,0,2462
1969,15,4,2278
1969,15,5,184
1969,16,0,463
1969,16,1,3
1969,16,3,1
1969,16,4,350
1969,16,5,109
1969,17,0,7217
1969,17,1,42
1969,17,3,38
1969,17,4,6152
1969,17,5,985
1969,18,0,2309
1969,18,1,5
1969,18,3,2
1969,18,4,1581
1969,18,5,721
1970,0,0,10478
1970,0,1,217
1970,0,3,109
1970,0,4,7394
1970,0,5,2758
1970,1,0,4278
1970,1,1,37
1970,1,4,1570
1970,1,5,2671
1970,2,0,6294
1970,2,1,59
1970,2,3,10
1970,2,4,5413
1970,2,5,812
1970,3,0,84
1970,3,1,4
1970,3,3,1
1970,3,4,68
1970,3,5,11
1970,4,0,4734
1970,4,1,54
1970,4,3,168
1970,4,4,2702
1970,4,5,1810
1970,5,0,1876
1970,5,1,173
1970,5,4,1209
1970,5,5,494
1970,6,0,3069
1970,6,1,122
1970,6,3,2
1970,6,4,910
1970,6,5,2035
1970,7,0,3272
1970,7,1,23
1970,7,3,8
1970,7,4,2377
1970,7,5,864
1970,8,0,1227
1970,8,1,24
1970,8,3,52
1970,8,4,1020
1970,8,5,131
1970,9,0,8222
1970,9,1,160
1970,9,3,23
1970,9,4,6594
1970,9,5,1445
1970,10,0,6466
1970,10,1,43
1970,10,3,25
1970,10,4,4986
1970,10,5,1412
1970,11,0,2410
1970,11,4,2011
1970,11,5,399
1970,12,0,4809
1970,12,1,19
1970,12,3,12
1970,12,4,3888
1970,12,5,890
1970,13,0,8152
1970,13,1,6
1970,13,3,50
1970,13,4,6700
1970,13,5,1396
1970,14,0,1037
1970,14,3,1
1970,14,4,1004
1970,14,5,32
1970,15,0,2464
1970,15,4,2277
1970,15,5,187
1970,16,0,461
1970,16,1,3
1970,16,3,1
1970,16,4,347
1970,16,5,110
1970,17,0,7215
1970,17,1,42
1970,17,3,38
1970,17,4,6146
1970,17,5,989
1970,18,0,2300
1970,18,1,5
1970,18,3,2
1970,18,4,1574
1970,18,5,719
1971,0,0,10452
1971,0,1,217
1971,0,3,111
1971,0,4,7365
1971,0,5,2759
1971,1,0,4288
1971,1,1,37
1971,1,4,1577
1971,1,5,2674
1971,2,0,6271
1971,2,1,59
1971,2,3,11
1971,2,4,5383
1971,2,5,818
1971,3,0,83
1971,3,1,4
1971,3,3,1
1971,3,4,66
1971,3,5,12
1971,4,0,4724
1971,4,1,54
1971,4,3,173
1971,4,4,2679
1971,4,5,1818
1971,5,0,1874
1971,5,1,173
1971,5,4,1208
1971,5,5,493
1971,6,0,3062
1971,6,1,122
1971,6,3,2
1971,6,4,903
1971,6,5,2035
1971,7,0,3271
1971,7,1,23
1971,7,3,8
1971,7,4,2370
1971,7,5,870
1971,8,0,1214
1971,8,1,24
1971,8,3,52
1971,8,4,1007
1971,8,5,131
1971,9,0,8205
1971,9,1,160
1971,9,3,23
1971,9,4,6592
1971,9,5,1430
1971,10,0,6480
1971,10,1,43
1971,10,3,27
1971,10,4,4996
1971,10,5,1414
1971,11,0,2410
1971,11,4,2009
1971,11,5,401
1971,12,0,4814
1971,12,1,19
1971,12,3,14
1971,12,4,3885
1971,12,5,896
1971,13,0,8140
1971,13,1,6
1971,13,3,52
1971,13,4,6686
1971,13,5,1396
1971,14,0,1033
1971,14,3,1
1971,14,4,1001
1971,14,5,31
1971,15,0,2462
1971,15,4,2268
1971,15,5,194
1971,16,0,460
1971,16,1,3
1971,16,3,1
1971,16,4,349
1971,16,5,107
1971,17,0,7197
1971,17,1,42
1971,17,3,39
1971,17,4,6141
1971,17,5,975
1971,18,0,2290
1971,18,1,5
1971,18,3,2
1971,18,4,1578
1971,18,5,705
1972,0,0,10461
1972,0,1,217
1972,0,3,115
1972,0,4,7363
1972,0,5,2766
1972,1,0,4278
1972,1,1,37
1972,1,4,1560
1972,1,5,2681
1972,2,0,6284
1972,2,1,59
1972,2,3,10
1972,2,4,5400
1972,2,5,815
1972,3,0,83
1972,3,1,4
1972,3,3,1
1972,3,4,66
1972,3,5,12
1972,4,0,4702
1972,4,1,54
1972,4,3,177
1972,4,4,2642
1972,4,5,1829
1972,5,0,1881
1972,5,1,173
1972,5,4,1213
1972,5,5,495
1972,6,0,3057
1972,6,1,122
1972,6,3,2
1972,6,4,897
1972,6,5,2036
1972,7,0,3244
1972,7,1,23
1972,7,3,8
1972,7,4,2355
1972,7,5,858
1972,8,0,1212
1972,8,1,24
1972,8,3,53
1972,8,4,1002
1972,8,5,133
1972,9,0,8198
1972,9,1,160
1972,9,3,23
1972,9,4,6569
1972,9,5,1446
1972,10,0,6442
1972,10,1,43
1972,10,3,26
1972,10,4,4961
1972,10,5,1412
1972,11,0,2405
1972,11,4,2008
1972,11,5,397
1972,12,0,4776
1972,12,1,19
1972,12,3,14
1972,12,4,3854
1972,12,5,889
1972,13,0,8138
1972,13,1,6
1972,13,3,54
1972,13,4,6675
1972,13,5,1403
1972,14,0,1032
1972,14,3,1
1972,14,4,1002
1972,14,5,29
1972,15,0,2463
1972,15,4,2269
1972,15,5,194
1972,16,0,460
1972,16,1,3
1972,16,3,1
1972,16,4,349
1972,16,5,107
1972,17,0,7202
1972,17,1,42
1972,17,3,39
1972,17,4,6136
1972,17,5,985
1972,18,0,2289
1972,18,1,5
1972,18,3,2
1972,18,4,1574
1972,18,5,708
1973,0,0,10413
1973,0,1,217
1973,0,3,114
1973,0,4,7298
1973,0,5,2784
1973,1,0,4259
1973,1,1,37
1973,1,4,1543
1973,1,5,2679
1973,2,0,6263
1973,2,1,59
1973,2,3,11
1973,2,4,5373
1973,2,5,820
1973,3,0,80
1973,3,1,4
1973,3,3,1
1973,3,4,66
1973,3,5,9
1973,4,0,4720
1973,4,1,54
1973,4,3,178
1973,4,4,2660
1973,4,5,1828
1973,5,0,1886
1973,5,1,173
1973,5,3,2
1973,5,4,1217
1973,5,5,494
1973,6,0,3063
1973,6,1,122
1973,6,3,2
1973,6,4,899
1973,6,5,2040
1973,7,0,3248
1973,7,1,23
1973,7,3,8
1973,7,4,2362
1973,7,5,855
1973,8,0,1213
1973,8,1,24
1973,8,3,52
1973,8,4,1004
1973,8,5,133
1973,9,0,8174
1973,9,1,160
1973,9,3,24
1973,9,4,6542
1973,9,5,1448
1973,10,0,6459
1973,10,1,43
1973,10,3,31
1973,10,4,4964
1973,10,5,1421
1973,11,0,2394
1973,11,3,1
1973,11,4,1999
1973,11,5,394
1973,12,0,4796
1973,12,1,19
1973,12,3,14
1973,12,4,3869
1973,12,5,894
1973,13,0,8132
1973,13,1,6
1973,13,3,56
1973,13,4,6666
1973,13,5,1404
1973,14,0,1033
1973,14,3,1
1973,14,4,1000
1973,14,5,32
1973,15,0,2461
1973,15,4,2267
1973,15,5,194
1973,16,0,463
1973,16,1,3
1973,16,3,1
1973,16,4,349
1973,16,5,110
1973,17,0,7198
1973,17,1,42
1973,17,3,42
1973,17,4,6130
1973,17,5,984
1973,18,0,2285
1973,18,1,5
1973,18,3,2
1973,18,4,1572
1973,18,5,706
1974,0,0,10418
1974,0,1,217
1974,0,3,116
1974,0,4,7297
1974,0,5,2788
1974,1,0,4251
1974,1,1,37
1974,1,4,1518
1974,1,5,2696
1974,2,0,6282
1974,2,1,59
1974,2,3,12
1974,2,4,5388
1974,2,5,823
1974,3,0,83
1974,3,1,4
1974,3,3,1
1974,3,4,66
1974,3,5,12
1974,4,0,4689
1974,4,1,54
1974,4,3,178
1974,4,4,2623
1974,4,5,1834
1974,5,0,1878
1974,5,1,173
1974,5,3,2
1974,5,4,1205
1974,5,5,498
1974,6,0,3051
1974,6,1,122
1974,6,3,2
1974,6,4,887
1974,6,5,2040
1974,7,0,3220
1974,7,1,23
1974,7,3,8
1974,7,4,2328
1974,7,5,861
1974,8,0,1209
1974,8,1,24
1974,8,3,53
1974,8,4,1004
1974,8,5,128
1974,9,0,8187
1974,9,1,160
1974,9,3,24
1974,9,4,6545
1974,9,5,1458
1974,10,0,6419
1974,10,1,43
1974,10,3,32
1974,10,4,4932
1974,10,5,1412
1974,11,0,2402
1974,11,3,1
1974,11,4,2008
1974,11,5,393
1974,12,0,4757
1974,12,1,19
1974,12,3,14
1974,12,4,3824
1974,12,5,900
1974,13,0,8132
1974,13,1,6
1974,13,3,56
1974,13,4,6669
1974,13,5,1401
1974,14,0,1035
1974,14,3,1
1974,14,4,1001
1974,14,5,33
1974,15,0,2462
1974,15,4,2263
1974,15,5,199
1974,16,0,459
1974,16,1,3
1974,16,3,1
1974,16,4,344
1974,16,5,111
1974,17,0,7193
1974,17,1,42
1974,17,3,44
1974,17,4,6117
1974,17,5,990
1974,18,0,2287
1974,18,1,5
1974,18,3,3
1974,18,4,1572
1974,18,5,707
1975,0,0,10382
1975,0,1,217
1975,0,3,118
1975,0,4,7268
1975,0,5,2779
1975,1,0,4246
1975,1,1,37
1975,1,4,1525
1975,1,5,2684
1975,2,0,6253
1975,2,1,59
1975,2,3,13
1975,2,4,5356
1975,2,5,825
1975,3,0,83
1975,3,1,4
1975,3,3,1
1975,3,4,66
1975,3,5,12
1975,4,0,4676
1975,4,1,54
1975,4,3,179
1975,4,4,2592
1975,4,5,1851
1975,5,0,1877
1975,5,1,173
1975,5,3,2
1975,5,4,1207
1975,5,5,495
1975,6,0,3047
1975,6,1,122
1975,6,3,2
1975,6,4,885
1975,6,5,2038
1975,7,0,3227
1975,7,1,23
1975,7,3,8
1975,7,4,2332
1975,7,5,864
1975,8,0,1207
1975,8,1,24
1975,8,3,54
1975,8,4,1001
1975,8,5,128
1975,9,0,8178
1975,9,1,160
1975,9,3,24
1975,9,4,6537
1975,9,5,1457
1975,10,0,6456
1975,10,1,43
1975,10,3,37
1975,10,4,4954
1975,10,5,1422
1975,11,0,2394
1975,11,3,1
1975,11,4,1998
1975,11,5,395
1975,12,0,4757
1975,12,1,19
1975,12,3,14
1975,12,4,3820
1975,12,5,904
1975,13,0,8131
1975,13,1,6
1975,13,3,58
1975,13,4,6659
1975,13,5,1408
1975,14,0,1034
1975,14,3,1
1975,14,4,1000
1975,14,5,33
1975,15,0,2464
1975,15,4,2261
1975,15,5,203
1975,16,0,455
1975,16,1,3
1975,16,3,1
1975,16,4,339
1975,16,5,112
1975,17,0,7191
1975,17,1,42
1975,17,3,45
1975,17,4,6105
1975,17,5,999
1975,18,0,2297
1975,18,1,5
1975,18,3,2
1975,18,4,1581
1975,18,5,709
1976,0,0,10390
1976,0,1,217
1976,0,3,119
1976,0,4,7262
1976,0,5,2792
1976,1,0,4233
1976,1,1,37
1976,1,4,1503
1976,1,5,2693
1976,2,0,6287
1976,2,1,59
1976,2,3,14
1976,2,4,5387
1976,2,5,827
1976,3,0,83
1976,3,1,4
1976,3,3,1
1976,3,4,66
1976,3,5,12
1976,4,0,4695
1976,4,1,54
1976,4,3,179
1976,4,4,2618
1976,4,5,1844
1976,5,0,1875
1976,5,1,173
1976,5,3,2
1976,5,4,1203
1976,5,5,497
1976,6,0,3034
1976,6,1,122
1976,6,3,2
1976,6,4,865
1976,6,5,2045
1976,7,0,3220
1976,7,1,23
1976,7,3,8
1976,7,4,2323
1976,7,5,866
1976,8,0,1207
1976,8,1,24
1976,8,3,55
1976,8,4,996
1976,8,5,132
1976,9,0,8160
1976,9,1,160
1976,9,3,27
1976,9,4,6501
1976,9,5,1472
1976,10,0,6419
1976,10,1,43
1976,10,3,35
1976,10,4,4899
1976,10,5,1442
1976,11,0,2391
1976,11,3,1
1976,11,4,1993
1976,11,5,397
1976,12,0,4711
1976,12,1,19
1976,12,3,14
1976,12,4,3771
1976,12,5,907
1976,13,0,8128
1976,13,1,6
1976,13,3,58
1976,13,4,6650
1976,13,5,1414
1976,14,0,1033
1976,14,3,1
1976,14,4,1002
1976,14,5,30
1976,15,0,2465
1976,15,4,2263
1976,15,5,202
1976,16,0,458
1976,16,1,3
1976,16,3,1
1976,16,4,342
1976,16,5,112
1976,17,0,7187
1976,17,1,42
1976,17,3,46
1976,17,4,6101
1976,17,5,998
1976,18,0,2292
1976,18,1,5
1976,18,3,3
1976,18,4,1561
1976,18,5,723
1977,0,0,10370
1977,0,1,217
1977,0,3,122
1977,0,4,7229
1977,0,5,2802
1977,1,0,4237
1977,1,1,37
1977,1,4,1503
1977,1,5,2697
1977,2,0,6242
1977,2,1,59
1977,2,3,15
1977,2,4,5337
1977,2,5,831
1977,3,0,83
1977,3,1,4
1977,3,3,1
1977,3,4,68
1977,3,5,10
1977,4,0,4668
1977,4,1,54
1977,4,3,180
1977,4,4,2592
1977,4,5,1842
1977,5,0,1885
1977,5,1,173
1977,5,3,2
1977,5,4,1210
1977,5,5,500
1977,6,0,3042
1977,6,1,122
1977,6,3,2
1977,6,4,875
1977,6,5,2043
1977,7,0,3188
1977,7,1,23
1977,7,3,8
1977,7,4,2279
1977,7,5,878
1977,8,0,1214
1977,8,1,24
1977,8,3,55
1977,8,4,1006
1977,8,5,129
1977,9,0,8154
1977,9,1,160
1977,9,3,27
1977,9,4,6502
1977,9,5,1465
1977,10,0,6448
1977,10,1,43
1977,10,3,38
1977,10,4,4929
1977,10,5,1438
1977,11,0,2386
1977,11,3,1
1977,11,4,1991
1977,11,5,394
1977,12,0,4734
1977,12,1,19
1977,12,3,14
1977,12,4,3789
1977,12,5,912
1977,13,0,8120
1977,13,1,6
1977,13,3,60
1977,13,4,6637
1977,13,5,1417
1977,14,0,1033
1977,14,3,1
1977,14,4,999
1977,14,5,33
1977,15,0,2465
1977,15,4,2259
1977,15,5,206
1977,16,0,455
1977,16,1,3
1977,16,3,1
1977,16,4,341
1977,16,5,110
1977,17,0,7192
1977,17,1,42
1977,17,3,48
1977,17,4,6091
1977,17,5,1011
1977,18,0,2292
1977,18,1,5
1977,18,3,3
1977,18,4,1560
1977,18,5,724
1978,0,0,10346
1978,0,1,217
1978,0,3,125
1978,0,4,7195
1978,0,5,2809
1978,1,0,4230
1978,1,1,37
1978,1,4,1494
1978,1,5,2699
1978,2,0,6262
1978,2,1,59
1978,2,3,17
1978,2,4,5353
1978,2,5,833
1978,3,0,83
1978,3,1,4
1978,3,3,1
1978,3,4,66
1978,3,5,12
1978,4,0,4649
1978,4,1,54
1978,4,3,181
1978,4,4,2556
1978,4,5,1858
1978,5,0,1866
1978,5,1,173
1978,5,3,2
1978,5,4,1193
1978,5,5,498
1978,6,0,3030
1978,6,1,122
1978,6,3,2
1978,6,4,861
1978,6,5,2045
1978,7,0,3179
1978,7,1,23
1978,7,3,8
1978,7,4,2272
1978,7,5,876
1978,8,0,1208
1978,8,1,24
1978,8,3,59
1978,8,4,993
1978,8,5,132
1978,9,0,8105
1978,9,1,160
1978,9,3,27
1978,9,4,6459
1978,9,5,1459
1978,10,0,6386
1978,10,1,43
1978,10,3,36
1978,10,4,4861
1978,10,5,1446
1978,11,0,2380
1978,11,3,1
1978,11,4,1983
1978,11,5,396
1978,12,0,4677
1978,12,1,19
1978,12,3,15
1978,12,4,3726
1978,12,5,917
1978,13,0,8095
1978,13,1,6
1978,13,3,60
1978,13,4,6608
1978,13,5,1421
1978,14,0,1034
1978,14,3,1
1978,14,4,1002
1978,14,5,31
1978,15,0,2465
1978,15,3,1
1978,15,4,2260
1978,15,5,204
1978,16,0,450
1978,16,1,3
1978,16,3,1
1978,16,4,337
1978,16,5,109
1978,17,0,7174
1978,17,1,42
1978,17,3,49
1978,17,4,6070
1978,17,5,1013
1978,18,0,2275
1978,18,1,5
1978,18,3,3
1978,18,4,1549
1978,18,5,718
1979,0,0,10299
1979,0,1,217
1979,0,3,127
1979,0,4,7147
1979,0,5,2808
1979,1,0,4194
1979,1,1,37
1979,1,4,1453
1979,1,5,2704
1979,2,0,6231
1979,2,1,59
1979,2,3,21
1979,2,4,5311
1979,2,5,840
1979,3,0,83
1979,3,1,4
1979,3,3,1
1979,3,4,66
1979,3,5,12
1979,4,0,4621
1979,4,1,54
1979,4,3,182
1979,4,4,2531
1979,4,5,1854
1979,5,0,1854
1979,5,1,173
1979,5,3,2
1979,5,4,1181
1979,5,5,498
1979,6,0,3022
1979,6,1,122
1979,6,3,2
1979,6,4,854
1979,6,5,2044
1979,7,0,3156
1979,7,1,23
1979,7,3,8
1979,7,4,2256
1979,7,5,869
1979,8,0,1198
1979,8,1,24
1979,8,3,58
1979,8,4,986
1979,8,5,130
1979,9,0,8056
1979,9,1,160
1979,9,3,27
1979,9,4,6402
1979,9,5,1467
1979,10,0,6408
1979,10,1,43
1979,10,3,38
1979,10,4,4885
1979,10,5,1442
1979,11,0,2373
1979,11,3,3
1979,11,4,1972
1979,11,5,398
1979,12,0,4664
1979,12,1,19
1979,12,3,15
1979,12,4,3712
1979,12,5,918
1979,13,0,8070
1979,13,1,6
1979,13,3,66
1979,13,4,6572
1979,13,5,1426
1979,14,0,1034
1979,14,3,1
1979,14,4,1000
1979,14,5,33
1979,15,0,2464
1979,15,4,2264
1979,15,5,200
1979,16,0,448
1979,16,1,3
1979,16,3,1
1979,16,4,334
1979,16,5,110
1979,17,0,7177
1979,17,1,42
1979,17,3,50
1979,17,4,6078
1979,17,5,1007
1979,18,0,2274
1979,18,1,5
1979,18,3,3
1979,18,4,1538
1979,18,5,728
1980,0,0,10265
1980,0,1,217
1980,0,3,130
1980,0,4,7100
1980,0,5,2818
1980,1,0,4177
1980,1,1,37
1980,1,4,1437
1980,1,5,2703
1980,2,0,6241
1980,2,1,59
1980,2,3,21
1980,2,4,5323
1980,2,5,838
1980,3,0,83
1980,3,1,4
1980,3,3,1
1980,3,4,66
1980,3,5,12
1980,4,0,4593
1980,4,1,54
1980,4,3,184
1980,4,4,2497
1980,4,5,1858
1980,5,0,1846
1980,5,1,173
1980,5,3,2
1980,5,4,1165
1980,5,5,506
1980,6,0,3004
1980,6,1,122
1980,6,3,2
1980,6,4,835
1980,6,5,2045
1980,7,0,3134
1980,7,1,23
1980,7,3,8
1980,7,4,2237
1980,7,5,866
1980,8,0,1200
1980,8,1,24
1980,8,3,62
1980,8,4,986
1980,8,5,128
1980,9,0,8031
1980,9,1,160
1980,9,3,28
1980,9,4,6378
1980,9,5,1465
1980,10,0,6349
1980,10,1,43
1980,10,3,38
1980,10,4,4816
1980,10,5,1452
1980,11,0,2360
1980,11,3,3
1980,11,4,1961
1980,11,5,396
1980,12,0,4600
1980,12,1,19
1980,12,3,16
1980,12,4,3647
1980,12,5,918
1980,13,0,8037
1980,13,1,6
1980,13,3,65
1980,13,4,6546
1980,13,5,1420
1980,14,0,1033
1980,14,3,1
1980,14,4,999
1980,14,5,33
1980,15,0,2462
1980,15,3,2
1980,15,4,2255
1980,15,5,205
1980,16,0,456
1980,16,1,3
1980,16,3,1
1980,16,4,341
1980,16,5,111
1980,17,0,7166
1980,17,1,42
1980,17,3,53
1980,17,4,6053
1980,17,5,1018
1980,18,0,2270
1980,18,1,5
1980,18,3,3
1980,18,4,1536
1980,18,5,726
1981,0,0,10261
1981,0,1,217
1981,0,3,132
1981,0,4,7091
1981,0,5,2821
1981,1,0,4174
1981,1,1,37
1981,1,4,1430
1981,1,5,2707
1981,2,0,6219
1981,2,1,59
1981,2,3,21
1981,2,4,5305
1981,2,5,834
1981,3,0,83
1981,3,1,4
1981,3,3,1
1981,3,4,66
1981,3,5,12
1981,4,0,4544
1981,4,1,54
1981,4,3,193
1981,4,4,2445
1981,4,5,1852
1981,5,0,1827
1981,5,1,173
1981,5,3,2
1981,5,4,1144
1981,5,5,508
1981,6,0,2986
1981,6,1,122
1981,6,3,2
1981,6,4,816
1981,6,5,2046
1981,7,0,3124
1981,7,1,23
1981,7,3,8
1981,7,4,2206
1981,7,5,887
1981,8,0,1194
1981,8,1,24
1981,8,3,62
1981,8,4,982
1981,8,5,126
1981,9,0,7962
1981,9,1,160
1981,9,3,28
1981,9,4,6297
1981,9,5,1477
1981,10,0,6373
1981,10,1,43
1981,10,3,40
1981,10,4,4838
1981,10,5,1452
1981,11,0,2357
1981,11,3,3
1981,11,4,1954
1981,11,5,400
1981,12,0,4584
1981,12,1,19
1981,12,3,17
1981,12,4,3621
1981,12,5,927
1981,13,0,8023
1981,13,1,6
1981,13,3,70
1981,13,4,6525
1981,13,5,1422
1981,14,0,1030
1981,14,3,1
1981,14,4,996
1981,14,5,33
1981,15,0,2463
1981,15,3,1
1981,15,4,2260
1981,15,5,202
1981,16,0,447
1981,16,1,3
1981,16,3,1
1981,16,4,333
1981,16,5,110
1981,17,0,7169
1981,17,1,42
1981,17,3,54
1981,17,4,6049
1981,17,5,1024
1981,18,0,2267
1981,18,1,5
1981,18,3,3
1981,18,4,1526
1981,18,5,733
1982,0,0,10174
1982,0,1,217
1982,0,3,133
1982,0,4,7006
1982,0,5,2818
1982,1,0,4162
1982,1,1,37
1982,1,4,1425
1982,1,5,2700
1982,2,0,6225
1982,2,1,59
1982,2,3,21
1982,2,4,5312
1982,2,5,833
1982,3,0,84
1982,3,1,4
1982,3,3,1
1982,3,4,68
1982,3,5,11
1982,4,0,4524
1982,4,1,54
1982,4,3,196
1982,4,4,2429
1982,4,5,1845
1982,5,0,1820
1982,5,1,173
1982,5,3,4
1982,5,4,1139
1982,5,5,504
1982,6,0,2980
1982,6,1,122
1982,6,3,2
1982,6,4,816
1982,6,5,2040
1982,7,0,3098
1982,7,1,23
1982,7,3,8
1982,7,4,2173
1982,7,5,894
1982,8,0,1195
1982,8,1,24
1982,8,3,63
1982,8,4,976
1982,8,5,132
1982,9,0,7925
1982,9,1,160
1982,9,3,28
1982,9,4,6258
1982,9,5,1479
1982,10,0,6299
1982,10,1,43
1982,10,3,45
1982,10,4,4758
1982,10,5,1453
1982,11,0,2349
1982,11,3,3
1982,11,4,1941
1982,11,5,405
1982,12,0,4510
1982,12,1,19
1982,12,3,17
1982,12,4,3552
1982,12,5,922
1982,13,0,8018
1982,13,1,6
1982,13,3,74
1982,13,4,6503
1982,13,5,1435
1982,14,0,1032
1982,14,3,1
1982,14,4,998
1982,14,5,33
1982,15,0,2464
1982,15,3,2
1982,15,4,2264
1982,15,5,198
1982,16,0,439
1982,16,1,3
1982,16,3,1
1982,16,4,323
1982,16,5,112
1982,17,0,7170
1982,17,1,42
1982,17,3,56
1982,17,4,6050
1982,17,5,1022
1982,18,0,2246
1982,18,1,5
1982,18,3,4
1982,18,4,1508
1982,18,5,729
1983,0,0,10154
1983,0,1,217
1983,0,3,137
1983,0,4,6977
1983,0,5,2823
1983,1,0,4156
1983,1,1,37
1983,1,4,1413
1983,1,5,2706
1983,2,0,6221
1983,2,1,59
1983,2,3,26
1983,2,4,5298
1983,2,5,838
1983,3,0,81
1983,3,1,4
1983,3,3,1
1983,3,4,64
1983,3,5,12
1983,4,0,4491
1983,4,1,54
1983,4,3,197
1983,4,4,2384
1983,4,5,1856
1983,5,0,1801
1983,5,1,173
1983,5,3,4
1983,5,4,1125
1983,5,5,499
1983,6,0,2950
1983,6,1,122
1983,6,3,2
1983,6,4,784
1983,6,5,2042
1983,7,0,3080
1983,7,1,23
1983,7,3,7
1983,7,4,2149
1983,7,5,901
1983,8,0,1180
1983,8,1,24
1983,8,3,63
1983,8,4,966
1983,8,5,127
1983,9,0,7794
1983,9,1,160
1983,9,3,26
1983,9,4,6149
1983,9,5,1459
1983,10,0,6334
1983,10,1,43
1983,10,3,47
1983,10,4,4793
1983,10,5,1451
1983,11,0,2349
1983,11,3,3
1983,11,4,1937
1983,11,5,409
1983,12,0,4493
1983,12,1,19
1983,12,3,17
1983,12,4,3527
1983,12,5,930
1983,13,0,8013
1983,13,1,6
1983,13,3,80
1983,13,4,6489
1983,13,5,1438
1983,14,0,1033
1983,14,3,1
1983,14,4,1000
1983,14,5,32
1983,15,0,2464
1983,15,3,1
1983,15,4,2259
1983,15,5,204
1983,16,0,435
1983,16,1,3
1983,16,3,1
1983,16,4,319
1983,16,5,112
1983,17,0,7166
1983,17,1,42
1983,17,3,59
1983,17,4,6050
1983,17,5,1015
1983,18,0,2234
1983,18,1,5
1983,18,3,4
1983,18,4,1520
1983,18,5,705
1984,0,0,10087
1984,0,1,217
1984,0,3,136
1984,0,4,6904
1984,0,5,2830
1984,1,0,4143
1984,1,1,37
1984,1,3,1
1984,1,4,1394
1984,1,5,2711
1984,2,0,6214
1984,2,1,59
1984,2,3,26
1984,2,4,5290
1984,2,5,839
1984,3,0,81
1984,3,1,4
1984,3,3,1
1984,3,4,64
1984,3,5,12
1984,4,0,4444
1984,4,1,54
1984,4,3,197
1984,4,4,2348
1984,4,5,1845
1984,5,0,1752
1984,5,1,173
1984,5,3,4
1984,5,4,1080
1984,5,5,495
1984,6,0,2939
1984,6,1,122
1984,6,3,4
1984,6,4,774
1984,6,5,2039
1984,7,0,3075
1984,7,1,23
1984,7,3,8
1984,7,4,2142
1984,7,5,902
1984,8,0,1174
1984,8,1,24
1984,8,3,65
1984,8,4,954
1984,8,5,131
1984,9,0,7751
1984,9,1,160
1984,9,3,28
1984,9,4,6091
1984,9,5,1472
1984,10,0,6327
1984,10,1,43
1984,10,3,48
1984,10,4,4778
1984,10,5,1458
1984,11,0,2335
1984,11,3,3
1984,11,4,1922
1984,11,5,410
1984,12,0,4468
1984,12,1,19
1984,12,3,19
1984,12,4,3501
1984,12,5,929
1984,13,0,8000
1984,13,1,6
1984,13,3,81
1984,13,4,6465
1984,13,5,1448
1984,14,0,1025
1984,14,3,1
1984,14,4,992
1984,14,5,32
1984,15,0,2462
1984,15,3,2
1984,15,4,2259
1984,15,5,201
1984,16,0,431
1984,16,1,3
1984,16,3,1
1984,16,4,318
1984,16,5,109
1984,17,0,7163
1984,17,1,42
1984,17,3,65
1984,17,4,6038
1984,17,5,1018
1984,18,0,2227
1984,18,1,5
1984,18,3,5
1984,18,4,1492
1984,18,5,725
1985,0,0,10049
1985,0,1,217
1985,0,3,143
1985,0,4,6866
1985,0,5,2823
1985,1,0,4119
1985,1,1,37
1985,1,3,1
1985,1,4,1373
1985,1,5,2708
1985,2,0,6180
1985,2,1,59
1985,2,3,26
1985,2,4,5258
1985,2,5,837
1985,3,0,80
1985,3,1,4
1985,3,3,1
1985,3,4,63
1985,3,5,12
1985,4,0,4425
1985,4,1,54
1985,4,3,205
1985,4,4,2306
1985,4,5,1860
1985,5,0,1738
1985,5,1,173
1985,5,3,4
1985,5,4,1065
1985,5,5,496
1985,6,0,2936
1985,6,1,122
1985,6,3,4
1985,6,4,763
1985,6,5,2047
1985,7,0,3050
1985,7,1,23
1985,7,3,9
1985,7,4,2127
1985,7,5,891
1985,8,0,1178
1985,8,1,24
1985,8,3,65
1985,8,4,958
1985,8,5,131
1985,9,0,7699
1985,9,1,160
1985,9,3,27
1985,9,4,6047
1985,9,5,1465
1985,10,0,6286
1985,10,1,43
1985,10,3,49
1985,10,4,4740
1985,10,5,1454
1985,11,0,2325
1985,11,3,3
1985,11,4,1914
1985,11,5,408
1985,12,0,4368
1985,12,1,19
1985,12,3,19
1985,12,4,3410
1985,12,5,920
1985,13,0,7996
1985,13,1,6
1985,13,3,83
1985,13,4,6463
1985,13,5,1444
1985,14,0,1018
1985,14,3,1
1985,14,4,985
1985,14,5,32
1985,15,0,2463
1985,15,3,2
1985,15,4,2262
1985,15,5,199
1985,16,0,430
1985,16,1,3
1985,16,3,1
1985,16,4,315
1985,16,5,111
1985,17,0,7168
1985,17,1,42
1985,17,3,67
1985,17,4,6045
1985,17,5,1014
1985,18,0,2250
1985,18,1,5
1985,18,3,5
1985,18,4,1509
1985,18,5,731
1986,0,0,9972
1986,0,1,217
1986,0,3,148
1986,0,4,6786
1986,0,5,2821
1986,1,0,4093
1986,1,1,37
1986,1,3,1
1986,1,4,1340
1986,1,5,2715
1986,2,0,6187
1986,2,1,59
1986,2,3,30
1986,2,4,5259
1986,2,5,839
1986,3,0,80
1986,3,1,4
1986,3,3,1
1986,3,4,63
1986,3,5,12
1986,4,0,4390
1986,4,1,54
1986,4,3,206
1986,4,4,2281
1986,4,5,1849
1986,5,0,1761
1986,5,1,173
1986,5,3,4
1986,5,4,1081
1986,5,5,503
1986,6,0,2917
1986,6,1,122
1986,6,3,4
1986,6,4,746
1986,6,5,2045
1986,7,0,3033
1986,7,1,23
1986,7,3,10
1986,7,4,2113
1986,7,5,887
1986,8,0,1165
1986,8,1,24
1986,8,3,68
1986,8,4,947
1986,8,5,126
1986,9,0,7636
1986,9,1,160
1986,9,3,29
1986,9,4,5975
1986,9,5,1472
1986,10,0,6212
1986,10,1,43
1986,10,3,50
1986,10,4,4690
1986,10,5,1429
1986,11,0,2307
1986,11,3,4
1986,11,4,1892
1986,11,5,411
1986,12,0,4316
1986,12,1,19
1986,12,3,20
1986,12,4,3363
1986,12,5,914
1986,13,0,7960
1986,13,1,6
1986,13,3,80
1986,13,4,6441
1986,13,5,1433
1986,14,0,1015
1986,14,3,1
1986,14,4,982
1986,14,5,32
1986,15,0,2458
1986,15,3,2
1986,15,4,2256
1986,15,5,200
1986,16,0,431
1986,16,1,3
1986,16,3,1
1986,16,4,319
1986,16,5,108
1986,17,0,7159
1986,17,1,42
1986,17,3,72
1986,17,4,6035
1986,17,5,1010
1986,18,0,2244
1986,18,1,5
1986,18,3,5
1986,18,4,1509
1986,18,5,725
1987,0,0,9975
1987,0,1,217
1987,0,3,156
1987,0,4,6783
1987,0,5,2819
1987,1,0,4082
1987,1,1,37
1987,1,3,1
1987,1,4,1330
1987,1,5,2714
1987,2,0,6160
1987,2,1,59
1987,2,3,30
1987,2,4,5235
1987,2,5,836
1987,3,0,80
1987,3,1,4
1987,3,3,1
1987,3,4,63
1987,3,5,12
1987,4,0,4361
1987,4,1,54
1987,4,3,206
1987,4,4,2247
1987,4,5,1854
1987,5,0,1707
1987,5,1,173
1987,5,3,4
1987,5,4,1033
1987,5,5,497
1987,6,0,2906
1987,6,1,122
1987,6,3,4
1987,6,4,735
1987,6,5,2045
1987,7,0,3027
1987,7,1,23
1987,7,3,10
1987,7,4,2110
1987,7,5,884
1987,8,0,1160
1987,8,1,24
1987,8,3,70
1987,8,4,938
1987,8,5,128
1987,9,0,7541
1987,9,1,160
1987,9,3,31
1987,9,4,5880
1987,9,5,1470
1987,10,0,6197
1987,10,1,43
1987,10,3,52
1987,10,4,4680
1987,10,5,1422
1987,11,0,2302
1987,11,3,4
1987,11,4,1892
1987,11,5,406
1987,12,0,4285
1987,12,1,19
1987,12,3,22
1987,12,4,3328
1987,12,5,916
1987,13,0,7934
1987,13,1,6
1987,13,3,84
1987,13,4,6409
1987,13,5,1435
1987,14,0,1012
1987,14,3,1
1987,14,4,979
1987,14,5,32
1987,15,0,2451
1987,15,3,2
1987,15,4,2247
1987,15,5,202
1987,16,0,422
1987,16,1,3
1987,16,3,3
1987,16,4,305
1987,16,5,111
1987,17,0,7136
1987,17,1,42
1987,17,3,71
1987,17,4,6012
1987,17,5,1011
1987,18,0,2221
1987,18,1,5
1987,18,3,7
1987,18,4,1498
1987,18,5,711
1988,0,0,9876
1988,0,1,217
1988,0,3,156
1988,0,4,6697
1988,0,5,2806
1988,1,0,4076
1988,1,1,37
1988,1,3,1
1988,1,4,1331
1988,1,5,2707
1988,2,0,6137
1988,2,1,59
1988,2,3,32
1988,2,4,5213
1988,2,5,833
1988,3,0,80
1988,3,1,4
1988,3,3,1
1988,3,4,63
1988,3,5,12
1988,4,0,4324
1988,4,1,54
1988,4,3,212
1988,4,4,2208
1988,4,5,1850
1988,5,0,1700
1988,5,1,173
1988,5,3,6
1988,5,4,1023
1988,5,5,498
1988,6,0,2894
1988,6,1,122
1988,6,3,4
1988,6,4,723
1988,6,5,2045
1988,7,0,2962
1988,7,1,23
1988,7,3,9
1988,7,4,2044
1988,7,5,886
1988,8,0,1153
1988,8,1,24
1988,8,3,68
1988,8,4,930
1988,8,5,131
1988,9,0,7493
1988,9,1,160
1988,9,3,32
1988,9,4,5825
1988,9,5,1476
1988,10,0,6193
1988,10,1,43
1988,10,3,57
1988,10,4,4652
1988,10,5,1441
1988,11,0,2282
1988,11,3,4
1988,11,4,1877
1988,11,5,401
1988,12,0,4278
1988,12,1,19
1988,12,3,22
1988,12,4,3315
1988,12,5,922
1988,13,0,7898
1988,13,1,6
1988,13,3,83
1988,13,4,6379
1988,13,5,1430
1988,14,0,1013
1988,14,3,1
1988,14,4,984
1988,14,5,28
1988,15,0,2452
1988,15,3,3
1988,15,4,2242
1988,15,5,207
1988,16,0,418
1988,16,1,3
1988,16,3,3
1988,16,4,303
1988,16,5,109
1988,17,0,7138
1988,17,1,42
1988,17,3,80
1988,17,4,6003
1988,17,5,1013
1988,18,0,2207
1988,18,1,5
1988,18,3,9
1988,18,4,1480
1988,18,5,713
1989,0,0,9809
1989,0,1,217
1989,0,3,157
1989,0,4,6641
1989,0,5,2794
1989,1,0,4059
1989,1,1,37
1989,1,3,1
1989,1,4,1319
1989,1,5,2702
1989,2,0,6141
1989,2,1,59
1989,2,3,32
1989,2,4,5209
1989,2,5,841
1989,3,0,80
1989,3,1,4
1989,3,3,1
1989,3,4,63
1989,3,5,12
1989,4,0,4295
1989,4,1,54
1989,4,3,217
1989,4,4,2185
1989,4,5,1839
1989,5,0,1727
1989,5,1,173
1989,5,3,6
1989,5,4,1042
1989,5,5,506
1989,6,0,2887
1989,6,1,122
1989,6,3,4
1989,6,4,713
1989,6,5,2048
1989,7,0,2953
1989,7,1,23
1989,7,3,10
1989,7,4,2032
1989,7,5,888
1989,8,0,1156
1989,8,1,24
1989,8,3,71
1989,8,4,931
1989,8,5,130
1989,9,0,7460
1989,9,1,160
1989,9,3,32
1989,9,4,5802
1989,9,5,1466
1989,10,0,6114
1989,10,1,43
1989,10,3,58
1989,10,4,4578
1989,10,5,1435
1989,11,0,2259
1989,11,3,4
1989,11,4,1853
1989,11,5,402
1989,12,0,4177
1989,12,1,19
1989,12,3,22
1989,12,4,3231
1989,12,5,905
1989,13,0,7880
1989,13,1,6
1989,13,3,91
1989,13,4,6364
1989,13,5,1419
1989,14,0,1013
1989,14,3,1
1989,14,4,979
1989,14,5,33
1989,15,0,2450
1989,15,3,3
1989,15,4,2241
1989,15,5,206
1989,16,0,418
1989,16,1,3
1989,16,3,4
1989,16,4,300
1989,16,5,111
1989,17,0,7154
1989,17,1,42
1989,17,3,82
1989,17,4,6010
1989,17,5,1020
1989,18,0,2186
1989,18,1,5
1989,18,3,11
1989,18,4,1463
1989,18,5,707
1990,0,0,9716
1990,0,1,217
1990,0,3,162
1990,0,4,6538
1990,0,5,2799
1990,1,0,4047
1990,1,1,37
1990,1,3,5
1990,1,4,1310
1990,1,5,2695
1990,2,0,6111
1990,2,1,59
1990,2,3,32
1990,2,4,5189
1990,2,5,831
1990,3,0,77
1990,3,1,4
1990,3,3,1
1990,3,4,60
1990,3,5,12
1990,4,0,4270
1990,4,1,54
1990,4,3,220
1990,4,4,2155
1990,4,5,1841
1990,5,0,1695
1990,5,1,173
1990,5,3,6
1990,5,4,1019
1990,5,5,497
1990,6,0,2875
1990,6,1,122
1990,6,3,5
1990,6,4,701
1990,6,5,2047
1990,7,0,2905
1990,7,1,23
1990,7,3,10
1990,7,4,1986
1990,7,5,886
1990,8,0,1141
1990,8,1,24
1990,8,3,70
1990,8,4,917
1990,8,5,130
1990,9,0,7385
1990,9,1,160
1990,9,3,32
1990,9,4,5738
1990,9,5,1455
1990,10,0,6110
1990,10,1,43
1990,10,3,64
1990,10,4,4581
1990,10,5,1422
1990,11,0,2262
1990,11,3,4
1990,11,4,1853
1990,11,5,405
1990,12,0,4184
1990,12,1,19
1990,12,3,24
1990,12,4,3230
1990,12,5,911
1990,13,0,7856
1990,13,1,6
1990,13,3,95
1990,13,4,6344
1990,13,5,1411
1990,14,0,1013
1990,14,3,1
1990,14,4,982
1990,14,5,30
1990,15,0,2448
1990,15,3,3
1990,15,4,2237
1990,15,5,208
1990,16,0,416
1990,16,1,3
1990,16,3,4
1990,16,4,299
1990,16,5,110
1990,17,0,7138
1990,17,1,42
1990,17,3,83
1990,17,4,6009
1990,17,5,1004
1990,18,0,2163
1990,18,1,5
1990,18,3,11
1990,18,4,1453
1990,18,5,694
1991,0,0,9655
1991,0,1,217
1991,0,3,162
1991,0,4,6473
1991,0,5,2803
1991,1,0,4026
1991,1,1,37
1991,1,3,5
1991,1,4,1293
1991,1,5,2691
1991,2,0,6070
1991,2,1,59
1991,2,3,35
1991,2,4,5146
1991,2,5,830
1991,3,0,77
1991,3,1,4
1991,3,3,1
1991,3,4,60
1991,3,5,12
1991,4,0,4208
1991,4,1,54
1991,4,3,230
1991,4,4,2103
1991,4,5,1821
1991,5,0,1681
1991,5,1,173
1991,5,3,6
1991,5,4,1002
1991,5,5,500
1991,6,0,2865
1991,6,1,122
1991,6,3,5
1991,6,4,692
1991,6,5,2046
1991,7,0,2906
1991,7,1,23
1991,7,3,15
1991,7,4,1982
1991,7,5,886
1991,8,0,1129
1991,8,1,24
1991,8,3,70
1991,8,4,909
1991,8,5,126
1991,9,0,7354
1991,9,1,160
1991,9,3,34
1991,9,4,5691
1991,9,5,1469
1991,10,0,6045
1991,10,1,43
1991,10,3,65
1991,10,4,4536
1991,10,5,1401
1991,11,0,2236
1991,11,3,4
1991,11,4,1830
1991,11,5,402
1991,12,0,4017
1991,12,1,19
1991,12,3,25
1991,12,4,3060
1991,12,5,913
1991,13,0,7825
1991,13,1,6
1991,13,3,102
1991,13,4,6307
1991,13,5,1410
1991,14,0,1006
1991,14,3,1
1991,14,4,973
1991,14,5,32
1991,15,0,2440
1991,15,3,3
1991,15,4,2248
1991,15,5,189
1991,16,0,404
1991,16,1,3
1991,16,3,4
1991,16,4,286
1991,16,5,111
1991,17,0,7104
1991,17,1,42
1991,17,3,82
1991,17,4,6000
1991,17,5,980
1991,18,0,2167
1991,18,1,5
1991,18,3,11
1991,18,4,1464
1991,18,5,687
1992,0,0,9620
1992,0,1,217
1992,0,3,166
1992,0,4,6429
1992,0,5,2808
1992,1,0,3988
1992,1,1,37
1992,1,3,5
1992,1,4,1252
1992,1,5,2694
1992,2,0,6100
1992,2,1,59
1992,2,3,36
1992,2,4,5172
1992,2,5,833
1992,3,0,75
1992,3,1,4
1992,3,3,1
1992,3,4,58
1992,3,5,12
1992,4,0,4163
1992,4,1,54
1992,4,3,236
1992,4,4,2038
1992,4,5,1835
1992,5,0,1629
1992,5,1,173
1992,5,3,6
1992,5,4,951
1992,5,5,499
1992,6,0,2850
1992,6,1,122
1992,6,3,5
1992,6,4,678
1992,6,5,2045
1992,7,0,2858
1992,7,1,23
1992,7,3,17
1992,7,4,1960
1992,7,5,858
1992,8,0,1135
1992,8,1,24
1992,8,3,72
1992,8,4,907
1992,8,5,132
1992,9,0,7048
1992,9,1,160
1992,9,3,32
1992,9,4,5400
1992,9,5,1456
1992,10,0,5977
1992,10,1,43
1992,10,3,65
1992,10,4,4462
1992,10,5,1407
1992,11,0,2213
1992,11,3,4
1992,11,4,1812
1992,11,5,397
1992,12,0,4076
1992,12,1,19
1992,12,3,26
1992,12,4,3120
1992,12,5,911
1992,13,0,7795
1992,13,1,6
1992,13,3,108
1992,13,4,6261
1992,13,5,1420
1992,14,0,1003
1992,14,3,1
1992,14,4,971
1992,14,5,31
1992,15,0,2433
1992,15,3,4
1992,15,4,2230
1992,15,5,199
1992,16,0,411
1992,16,1,3
1992,16,3,4
1992,16,4,294
1992,16,5,110
1992,17,0,7098
1992,17,1,42
1992,17,3,89
1992,17,4,5986
1992,17,5,981
1992,18,0,2149
1992,18,1,5
1992,18,3,11
1992,18,4,1456
1992,18,5,677
1993,0,0,9534
1993,0,1,217
1993,0,3,170
1993,0,4,6343
1993,0,5,2804
1993,1,0,3974
1993,1,1,37
1993,1,3,5
1993,1,4,1243
1993,1,5,2689
1993,2,0,6069
1993,2,1,59
1993,2,3,37
1993,2,4,5141
1993,2,5,832
1993,3,0,75
1993,3,1,4
1993,3,3,1
1993,3,4,58
1993,3,5,12
1993,4,0,4102
1993,4,1,54
1993,4,3,239
1993,4,4,1975
1993,4,5,1834
1993,5,0,1583
1993,5,1,173
1993,5,3,6
1993,5,4,903
1993,5,5,501
1993,6,0,2849
1993,6,1,122
1993,6,3,5
1993,6,4,676
1993,6,5,2046
1993,7,0,2786
1993,7,1,23
1993,7,3,18
1993,7,4,1891
1993,7,5,854
1993,8,0,1081
1993,8,1,24
1993,8,3,70
1993,8,4,856
1993,8,5,131
1993,9,0,6863
1993,9,1,160
1993,9,3,37
1993,9,4,5215
1993,9,5,1451
1993,10,0,5955
1993,10,1,43
1993,10,3,68
1993,10,4,4441
1993,10,5,1403
1993,11,0,2197
1993,11,3,5
1993,11,4,1798
1993,11,5,394
1993,12,0,4037
1993,12,1,19
1993,12,3,28
1993,12,4,3077
1993,12,5,913
1993,13,0,7716
1993,13,1,6
1993,13,3,118
1993,13,4,6193
1993,13,5,1399
1993,14,0,988
1993,14,3,1
1993,14,4,955
1993,14,5,32
1993,15,0,2417
1993,15,3,4
1993,15,4,2212
1993,15,5,201
1993,16,0,394
1993,16,1,3
1993,16,3,4
1993,16,4,277
1993,16,5,110
1993,17,0,7038
1993,17,1,42
1993,17,3,93
1993,17,4,5923
1993,17,5,980
1993,18,0,2044
1993,18,1,5
1993,18,3,10
1993,18,4,1353
1993,18,5,676
1994,0,0,9039
1994,0,1,217
1994,0,3,172
1994,0,4,5861
1994,0,5,2789
1994,1,0,3938
1994,1,1,37
1994,1,3,5
1994,1,4,1215
1994,1,5,2681
1994,2,0,5903
1994,2,1,59
1994,2,3,41
1994,2,4,4975
1994,2,5,828
1994,3,0,71
1994,3,1,4
1994,3,3,1
1994,3,4,54
1994,3,5,12
1994,4,0,3933
1994,4,1,54
1994,4,3,240
1994,4,4,1815
1994,4,5,1824
1994,5,0,1421
1994,5,1,173
1994,5,3,6
1994,5,4,748
1994,5,5,494
1994,6,0,2834
1994,6,1,122
1994,6,3,5
1994,6,4,663
1994,6,5,2044
1994,7,0,2600
1994,7,1,23
1994,7,3,18
1994,7,4,1711
1994,7,5,848
1994,8,0,1011
1994,8,1,24
1994,8,3,73
1994,8,4,786
1994,8,5,128
1994,9,0,5904
1994,9,1,160
1994,9,3,36
1994,9,4,4280
1994,9,5,1428
1994,10,0,5660
1994,10,1,43
1994,10,3,73
1994,10,4,4148
1994,10,5,1396
1994,11,0,2103
1994,11,3,6
1994,11,4,1710
1994,11,5,387
1994,12,0,3734
1994,12,1,19
1994,12,3,29
1994,12,4,2783
1994,12,5,903
1994,13,0,7550
1994,13,1,6
1994,13,3,122
1994,13,4,6041
1994,13,5,1381
1994,14,0,951
1994,14,3,1
1994,14,4,918
1994,14,5,32
1994,15,0,2394
1994,15,3,4
1994,15,4,2190
1994,15,5,200
1994,16,0,373
1994,16,1,3
1994,16,3,4
1994,16,4,256
1994,16,5,110
1994,17,0,6895
1994,17,1,42
1994,17,3,94
1994,17,4,5782
1994,17,5,977
1994,18,0,1937
1994,18,1,5
1994,18,3,11
1994,18,4,1240
1994,18,5,681
1995,0,0,9825
1995,0,1,217
1995,0,3,177
1995,0,4,6478
1995,0,5,2953
1995,1,0,4054
1995,1,1,37
1995,1,3,5
1995,1,4,1302
1995,1,5,2710
1995,2,0,6083
1995,2,1,59
1995,2,3,41
1995,2,4,5142
1995,2,5,841
1995,3,0,79
1995,3,1,4
1995,3,3,1
1995,3,4,60
1995,3,5,14
1995,4,0,4299
1995,4,1,54
1995,4,3,243
1995,4,4,2063
1995,4,5,1939
1995,5,0,1661
1995,5,1,173
1995,5,3,7
1995,5,4,913
1995,5,5,568
1995,6,0,2948
1995,6,1,122
1995,6,3,5
1995,6,4,703
1995,6,5,2118
1995,7,0,3041
1995,7,1,23
1995,7,3,18
1995,7,4,2014
1995,7,5,986
1995,8,0,1139
1995,8,1,24
1995,8,3,77
1995,8,4,818
1995,8,5,220
1995,9,0,7330
1995,9,1,160
1995,9,3,38
1995,9,4,5561
1995,9,5,1571
1995,10,0,6026
1995,10,1,43
1995,10,3,78
1995,10,4,4459
1995,10,5,1446
1995,11,0,2268
1995,11,3,6
1995,11,4,1846
1995,11,5,416
1995,12,0,4254
1995,12,1,19
1995,12,3,29
1995,12,4,3179
1995,12,5,1027
1995,13,0,7871
1995,13,1,6
1995,13,3,126
1995,13,4,6280
1995,13,5,1459
1995,14,0,996
1995,14,3,1
1995,14,4,960
1995,14,5,35
1995,15,0,2420
1995,15,3,4
1995,15,4,2208
1995,15,5,208
1995,16,0,418
1995,16,1,3
1995,16,3,4
1995,16,4,252
1995,16,5,159
1995,17,0,7044
1995,17,1,42
1995,17,3,103
1995,17,4,5885
1995,17,5,1014
1995,18,0,2125
1995,18,1,5
1995,18,3,10
1995,18,4,1419
1995,18,5,691
1996,0,0,9876
1996,0,1,217
1996,0,3,180
1996,0,4,6466
1996,0,5,3013
1996,1,0,4073
1996,1,1,37
1996,1,3,5
1996,1,4,1295
1996,1,5,2736
1996,2,0,6092
1996,2,1,59
1996,2,3,44
1996,2,4,5132
1996,2,5,857
1996,3,0,79
1996,3,1,4
1996,3,3,1
1996,3,4,60
1996,3,5,14
1996,4,0,4329
1996,4,1,54
1996,4,3,239
1996,4,4,2056
1996,4,5,1980
1996,5,0,1698
1996,5,1,173
1996,5,3,7
1996,5,4,955
1996,5,5,563
1996,6,0,2947
1996,6,1,122
1996,6,3,5
1996,6,4,699
1996,6,5,2121
1996,7,0,3054
1996,7,1,23
1996,7,3,19
1996,7,4,2022
1996,7,5,990
1996,8,0,1165
1996,8,1,24
1996,8,3,80
1996,8,4,842
1996,8,5,219
1996,9,0,7359
1996,9,1,160
1996,9,3,39
1996,9,4,5559
1996,9,5,1601
1996,10,0,6020
1996,10,1,43
1996,10,3,82
1996,10,4,4461
1996,10,5,1434
1996,11,0,2257
1996,11,3,6
1996,11,4,1838
1996,11,5,413
1996,12,0,4270
1996,12,1,19
1996,12,3,29
1996,12,4,3162
1996,12,5,1060
1996,13,0,7897
1996,13,1,6
1996,13,3,128
1996,13,4,6277
1996,13,5,1486
1996,14,0,999
1996,14,3,1
1996,14,4,963
1996,14,5,35
1996,15,0,2428
1996,15,3,4
1996,15,4,2206
1996,15,5,218
1996,16,0,417
1996,16,1,3
1996,16,3,4
1996,16,4,250
1996,16,5,160
1996,17,0,7060
1996,17,1,42
1996,17,3,107
1996,17,4,5880
1996,17,5,1031
1996,18,0,2148
1996,18,1,5
1996,18,3,11
1996,18,4,1434
1996,18,5,698
1997,0,0,9956
1997,0,1,217
1997,0,3,189
1997,0,4,6478
1997,0,5,3072
1997,1,0,4102
1997,1,1,37
1997,1,3,5
1997,1,4,1305
1997,1,5,2755
1997,2,0,6114
1997,2,1,59
1997,2,3,46
1997,2,4,5118
1997,2,5,891
1997,3,0,79
1997,3,1,4
1997,3,3,1
1997,3,4,61
1997,3,5,13
1997,4,0,4369
1997,4,1,54
1997,4,3,245
1997,4,4,2045
1997,4,5,2025
1997,5,0,1677
1997,5,1,173
1997,5,3,7
1997,5,4,928
1997,5,5,569
1997,6,0,2963
1997,6,1,122
1997,6,3,5
1997,6,4,706
1997,6,5,2130
1997,7,0,3061
1997,7,1,23
1997,7,3,19
1997,7,4,2016
1997,7,5,1003
1997,8,0,1161
1997,8,1,24
1997,8,3,80
1997,8,4,836
1997,8,5,221
1997,9,0,7379
1997,9,1,160
1997,9,3,44
1997,9,4,5553
1997,9,5,1622
1997,10,0,6083
1997,10,1,43
1997,10,3,82
1997,10,4,4522
1997,10,5,1436
1997,11,0,2289
1997,11,3,6
1997,11,4,1861
1997,11,5,422
1997,12,0,4339
1997,12,1,19
1997,12,3,37
1997,12,4,3198
1997,12,5,1085
1997,13,0,7914
1997,13,1,6
1997,13,3,131
1997,13,4,6289
1997,13,5,1488
1997,14,0,995
1997,14,3,1
1997,14,4,959
1997,14,5,35
1997,15,0,2424
1997,15,3,4
1997,15,4,2211
1997,15,5,209
1997,16,0,413
1997,16,1,3
1997,16,3,4
1997,16,4,247
1997,16,5,159
1997,17,0,7058
1997,17,1,42
1997,17,3,109
1997,17,4,5891
1997,17,5,1016
1997,18,0,2147
1997,18,1,5
1997,18,3,11
1997,18,4,1442
1997,18,5,689
1998,0,0,9981
1998,0,1,217
1998,0,3,191
1998,0,4,6482
1998,0,5,3091
1998,1,0,4113
1998,1,1,37
1998,1,3,7
1998,1,4,1309
1998,1,5,2760
1998,2,0,6122
1998,2,1,59
1998,2,3,49
1998,2,4,5117
1998,2,5,897
1998,3,0,78
1998,3,1,4
1998,3,3,1
1998,3,4,59
1998,3,5,14
1998,4,0,4390
1998,4,1,54
1998,4,3,254
1998,4,4,2027
1998,4,5,2055
1998,5,0,1639
1998,5,1,173
1998,5,3,9
1998,5,4,890
1998,5,5,567
1998,6,0,2956
1998,6,1,122
1998,6,3,6
1998,6,4,689
1998,6,5,2139
1998,7,0,3117
1998,7,1,23
1998,7,3,20
1998,7,4,2087
1998,7,5,987
1998,8,0,1163
1998,8,1,24
1998,8,3,85
1998,8,4,827
1998,8,5,227
1998,9,0,7414
1998,9,1,160
1998,9,3,45
1998,9,4,5556
1998,9,5,1653
1998,10,0,6123
1998,10,1,43
1998,10,3,82
1998,10,4,4575
1998,10,5,1423
1998,11,0,2312
1998,11,3,8
1998,11,4,1882
1998,11,5,422
1998,12,0,4435
1998,12,1,19
1998,12,3,39
1998,12,4,3289
1998,12,5,1088
1998,13,0,7899
1998,13,1,6
1998,13,3,132
1998,13,4,6277
1998,13,5,1484
1998,14,0,996
1998,14,3,1
1998,14,4,959
1998,14,5,36
1998,15,0,2424
1998,15,3,4
1998,15,4,2206
1998,15,5,214
1998,16,0,416
1998,16,1,3
1998,16,3,4
1998,16,4,248
1998,16,5,161
1998,17,0,7029
1998,17,1,42
1998,17,3,111
1998,17,4,5857
1998,17,5,1019
1998,18,0,2147
1998,18,1,5
1998,18,3,11
1998,18,4,1444
1998,18,5,687
1999,0,0,10248
1999,0,1,217
1999,0,3,195
1999,0,4,6621
1999,0,5,3215
1999,1,0,4126
1999,1,1,37
1999,1,3,7
1999,1,4,1308
1999,1,5,2774
1999,2,0,6193
1999,2,1,59
1999,2,3,53
1999,2,4,5162
1999,2,5,919
1999,3,0,79
1999,3,1,4
1999,3,3,1
1999,3,4,59
1999,3,5,15
1999,4,0,4515
1999,4,1,54
1999,4,3,259
1999,4,4,2068
1999,4,5,2134
1999,5,0,1727
1999,5,1,173
1999,5,3,10
1999,5,4,979
1999,5,5,565
1999,6,0,3005
1999,6,1,122
1999,6,3,6
1999,6,4,719
1999,6,5,2158
1999,7,0,3162
1999,7,1,23
1999,7,3,20
1999,7,4,2141
1999,7,5,978
1999,8,0,1187
1999,8,1,24
1999,8,3,88
1999,8,4,847
1999,8,5,228
1999,9,0,7686
1999,9,1,160
1999,9,3,47
1999,9,4,5747
1999,9,5,1732
1999,10,0,6244
1999,10,1,43
1999,10,3,87
1999,10,4,4698
1999,10,5,1416
1999,11,0,2364
1999,11,3,9
1999,11,4,1925
1999,11,5,430
1999,12,0,4609
1999,12,1,19
1999,12,3,41
1999,12,4,3447
1999,12,5,1102
1999,13,0,7935
1999,13,1,6
1999,13,3,134
1999,13,4,6311
1999,13,5,1484
1999,14,0,1014
1999,14,3,2
1999,14,4,976
1999,14,5,36
1999,15,0,2430
1999,15,3,4
1999,15,4,2213
1999,15,5,213
1999,16,0,414
1999,16,1,3
1999,16,3,4
1999,16,4,246
1999,16,5,161
1999,17,0,7034
1999,17,1,42
1999,17,3,116
1999,17,4,5872
1999,17,5,1004
1999,18,0,2198
1999,18,1,5
1999,18,3,11
1999,18,4,1503
1999,18,5,679
2000,0,0,10056
2000,0,1,217
2000,0,3,200
2000,0,4,6416
2000,0,5,3223
2000,1,0,4060
2000,1,1,37
2000,1,3,11
2000,1,4,1243
2000,1,5,2769
2000,2,0,6023
2000,2,1,59
2000,2,3,54
2000,2,4,4988
2000,2,5,922
2000,3,0,79
2000,3,1,4
2000,3,3,1
2000,3,4,59
2000,3,5,15
2000,4,0,4419
2000,4,1,54
2000,4,3,260
2000,4,4,1967
2000,4,5,2138
2000,5,0,1676
2000,5,1,173
2000,5,3,10
2000,5,4,936
2000,5,5,557
2000,6,0,2980
2000,6,1,122
2000,6,3,6
2000,6,4,702
2000,6,5,2150
2000,7,0,3168
2000,7,1,23
2000,7,3,24
2000,7,4,2142
2000,7,5,979
2000,8,0,1169
2000,8,1,24
2000,8,3,90
2000,8,4,829
2000,8,5,226
2000,9,0,7571
2000,9,1,160
2000,9,3,48
2000,9,4,5609
2000,9,5,1754
2000,10,0,6122
2000,10,1,43
2000,10,3,87
2000,10,4,4599
2000,10,5,1393
2000,11,0,2358
2000,11,3,11
2000,11,4,1919
2000,11,5,428
2000,12,0,4612
2000,12,1,19
2000,12,3,47
2000,12,4,3431
2000,12,5,1115
2000,13,0,7827
2000,13,1,6
2000,13,3,135
2000,13,4,6172
2000,13,5,1514
2000,14,0,1004
2000,14,3,2
2000,14,4,968
2000,14,5,34
2000,15,0,2403
2000,15,3,4
2000,15,4,2171
2000,15,5,228
2000,16,0,408
2000,16,1,3
2000,16,3,4
2000,16,4,241
2000,16,5,160
2000,17,0,6939
2000,17,1,42
2000,17,3,123
2000,17,4,5769
2000,17,5,1005
2000,18,0,2153
2000,18,1,5
2000,18,3,15
2000,18,4,1485
2000,18,5,648
2001,0,0,8447
2001,0,1,217
2001,0,3,189
2001,0,4,4820
2001,0,5,3221
2001,1,0,3685
2001,1,1,37
2001,1,3,11
2001,1,4,860
2001,1,5,2777
2001,2,0,5524
2001,2,1,59
2001,2,3,56
2001,2,4,4474
2001,2,5,935
2001,3,0,64
2001,3,1,4
2001,3,3,1
2001,3,4,44
2001,3,5,15
2001,4,0,3800
2001,4,1,54
2001,4,3,262
2001,4,4,1330
2001,4,5,2154
2001,5,0,1533
2001,5,1,173
2001,5,3,9
2001,5,4,800
2001,5,5,551
2001,6,0,2745
2001,6,1,122
2001,6,3,6
2001,6,4,451
2001,6,5,2166
2001,7,0,2709
2001,7,1,23
2001,7,3,20
2001,7,4,1677
2001,7,5,989
2001,8,0,966
2001,8,1,24
2001,8,3,90
2001,8,4,628
2001,8,5,224
2001,9,0,5912
2001,9,1,160
2001,9,3,45
2001,9,4,3926
2001,9,5,1781
2001,10,0,4895
2001,10,1,43
2001,10,3,82
2001,10,4,3382
2001,10,5,1388
2001,11,0,1708
2001,11,3,13
2001,11,4,1262
2001,11,5,433
2001,12,0,4263
2001,12,1,19
2001,12,3,43
2001,12,4,3081
2001,12,5,1120
2001,13,0,6713
2001,13,1,6
2001,13,3,145
2001,13,4,5021
2001,13,5,1541
2001,14,0,871
2001,14,3,2
2001,14,4,835
2001,14,5,34
2001,15,0,2325
2001,15,3,4
2001,15,4,2099
2001,15,5,222
2001,16,0,337
2001,16,1,3
2001,16,3,4
2001,16,4,170
2001,16,5,160
2001,17,0,6339
2001,17,1,42
2001,17,3,129
2001,17,4,5142
2001,17,5,1026
2001,18,0,1858
2001,18,1,5
2001,18,3,10
2001,18,4,1193
2001,18,5,650
2002,0,0,8441
2002,0,1,217
2002,0,3,192
2002,0,4,4805
2002,0,5,3227
2002,1,0,3689
2002,1,1,37
2002,1,3,16
2002,1,4,866
2002,1,5,2770
2002,2,0,5526
2002,2,1,59
2002,2,3,57
2002,2,4,4479
2002,2,5,931
2002,3,0,62
2002,3,1,4
2002,3,3,1
2002,3,4,42
2002,3,5,15
2002,4,0,3800
2002,4,1,54
2002,4,3,263
2002,4,4,1324
2002,4,5,2159
2002,5,0,1527
2002,5,1,173
2002,5,3,9
2002,5,4,799
2002,5,5,546
2002,6,0,2747
2002,6,1,122
2002,6,3,8
2002,6,4,451
2002,6,5,2166
2002,7,0,2699
2002,7,1,23
2002,7,3,20
2002,7,4,1656
2002,7,5,1000
2002,8,0,978
2002,8,1,24
2002,8,3,94
2002,8,4,636
2002,8,5,224
2002,9,0,5872
2002,9,1,160
2002,9,3,48
2002,9,4,3853
2002,9,5,1811
2002,10,0,4866
2002,10,1,43
2002,10,3,84
2002,10,4,3345
2002,10,5,1394
2002,11,0,1699
2002,11,3,14
2002,11,4,1256
2002,11,5,429
2002,12,0,4313
2002,12,1,19
2002,12,3,43
2002,12,4,3131
2002,12,5,1120
2002,13,0,6698
2002,13,1,6
2002,13,3,150
2002,13,4,5016
2002,13,5,1526
2002,14,0,868
2002,14,3,2
2002,14,4,833
2002,14,5,33
2002,15,0,2333
2002,15,3,4
2002,15,4,2107
2002,15,5,222
2002,16,0,348
2002,16,1,3
2002,16,3,4
2002,16,4,182
2002,16,5,159
2002,17,0,6350
2002,17,1,42
2002,17,3,135
2002,17,4,5149
2002,17,5,1024
2002,18,0,1857
2002,18,1,5
2002,18,3,12
2002,18,4,1189
2002,18,5,651
2003,0,0,7537
2003,0,1,217
2003,0,3,191
2003,0,4,3925
2003,0,5,3204
2003,1,0,3450
2003,1,1,37
2003,1,3,18
2003,1,4,669
2003,1,5,2726
2003,2,0,4784
2003,2,1,59
2003,2,3,57
2003,2,4,3728
2003,2,5,940
2003,3,0,62
2003,3,1,4
2003,3,3,1
2003,3,4,42
2003,3,5,15
2003,4,0,3626
2003,4,1,54
2003,4,3,271
2003,4,4,1143
2003,4,5,2158
2003,5,0,1387
2003,5,1,173
2003,5,3,11
2003,5,4,662
2003,5,5,541
2003,6,0,2670
2003,6,1,122
2003,6,3,8
2003,6,4,374
2003,6,5,2166
2003,7,0,2491
2003,7,1,23
2003,7,3,21
2003,7,4,1452
2003,7,5,995
2003,8,0,914
2003,8,1,24
2003,8,3,93
2003,8,4,571
2003,8,5,226
2003,9,0,5479
2003,9,1,160
2003,9,3,51
2003,9,4,3468
2003,9,5,1800
2003,10,0,4404
2003,10,1,43
2003,10,3,86
2003,10,4,2910
2003,10,5,1365
2003,11,0,1439
2003,11,3,13
2003,11,4,1019
2003,11,5,407
2003,12,0,3862
2003,12,1,19
2003,12,3,48
2003,12,4,2676
2003,12,5,1119
2003,13,0,6510
2003,13,1,6
2003,13,3,150
2003,13,4,4874
2003,13,5,1480
2003,14,0,783
2003,14,3,2
2003,14,4,750
2003,14,5,31
2003,15,0,2301
2003,15,3,4
2003,15,4,2075
2003,15,5,222
2003,16,0,306
2003,16,1,3
2003,16,3,4
2003,16,4,142
2003,16,5,157
2003,17,0,6165
2003,17,1,42
2003,17,3,142
2003,17,4,4970
2003,17,5,1011
2003,18,0,1712
2003,18,1,5
2003,18,3,10
2003,18,4,1062
2003,18,5,635
2004,0,0,7749
2004,0,1,217
2004,0,3,207
2004,0,4,4063
2004,0,5,3262
2004,1,0,3471
2004,1,1,37
2004,1,3,20
2004,1,4,667
2004,1,5,2747
2004,2,0,4845
2004,2,1,59
2004,2,3,58
2004,2,4,3773
2004,2,5,955
2004,3,0,62
2004,3,1,4
2004,3,3,1
2004,3,4,42
2004,3,5,15
2004,4,0,3670
2004,4,1,54
2004,4,3,283
2004,4,4,1159
2004,4,5,2174
2004,5,0,1426
2004,5,1,173
2004,5,3,11
2004,5,4,698
2004,5,5,544
2004,6,0,2690
2004,6,1,122
2004,6,3,11
2004,6,4,373
2004,6,5,2184
2004,7,0,2477
2004,7,1,23
2004,7,3,21
2004,7,4,1472
2004,7,5,961
2004,8,0,938
2004,8,1,24
2004,8,3,93
2004,8,4,600
2004,8,5,221
2004,9,0,5633
2004,9,1,160
2004,9,3,53
2004,9,4,3575
2004,9,5,1845
2004,10,0,4557
2004,10,1,43
2004,10,3,86
2004,10,4,3043
2004,10,5,1385
2004,11,0,1517
2004,11,3,14
2004,11,4,1089
2004,11,5,414
2004,12,0,3892
2004,12,1,19
2004,12,3,49
2004,12,4,2714
2004,12,5,1110
2004,13,0,6700
2004,13,1,6
2004,13,3,149
2004,13,4,5014
2004,13,5,1531
2004,14,0,800
2004,14,3,2
2004,14,4,763
2004,14,5,35
2004,15,0,2334
2004,15,3,4
2004,15,4,2108
2004,15,5,222
2004,16,0,315
2004,16,1,3
2004,16,3,4
2004,16,4,152
2004,16,5,156
2004,17,0,6321
2004,17,1,42
2004,17,3,140
2004,17,4,5117
2004,17,5,1022
2004,18,0,1775
2004,18,1,5
2004,18,3,10
2004,18,4,1118
2004,18,5,642
2005,0,0,8478
2005,0,1,217
2005,0,3,219
2005,0,4,4737
2005,0,5,3305
2005,1,0,3802
2005,1,1,37
2005,1,3,28
2005,1,4,944
2005,1,5,2793
2005,2,0,5595
2005,2,1,59
2005,2,3,58
2005,2,4,4525
2005,2,5,953
2005,3,0,62
2005,3,1,4
2005,3,3,1
2005,3,4,42
2005,3,5,15
2005,4,0,3791
2005,4,1,54
2005,4,3,299
2005,4,4,1248
2005,4,5,2190
2005,5,0,1458
2005,5,1,173
2005,5,3,11
2005,5,4,730
2005,5,5,544
2005,6,0,2698
2005,6,1,122
2005,6,3,12
2005,6,4,381
2005,6,5,2183
2005,7,0,2561
2005,7,1,23
2005,7,3,21
2005,7,4,1561
2005,7,5,956
2005,8,0,1060
2005,8,1,24
2005,8,3,95
2005,8,4,715
2005,8,5,226
2005,9,0,5766
2005,9,1,160
2005,9,3,53
2005,9,4,3707
2005,9,5,1846
2005,10,0,5058
2005,10,1,43
2005,10,3,86
2005,10,4,3526
2005,10,5,1403
2005,11,0,1716
2005,11,3,14
2005,11,4,1264
2005,11,5,438
2005,12,0,4066
2005,12,1,19
2005,12,3,49
2005,12,4,2871
2005,12,5,1127
2005,13,0,7049
2005,13,1,6
2005,13,3,150
2005,13,4,5344
2005,13,5,1549
2005,14,0,806
2005,14,3,2
2005,14,4,768
2005,14,5,36
2005,15,0,2359
2005,15,3,4
2005,15,4,2134
2005,15,5,221
2005,16,0,345
2005,16,1,3
2005,16,3,4
2005,16,4,179
2005,16,5,159
2005,17,0,6531
2005,17,1,42
2005,17,3,140
2005,17,4,5317
2005,17,5,1032
2005,18,0,1877
2005,18,1,5
2005,18,3,10
2005,18,4,1228
2005,18,5,634
2006,0,0,8377
2006,0,1,217
2006,0,3,224
2006,0,4,4605
2006,0,5,3331
2006,1,0,3768
2006,1,1,37
2006,1,3,29
2006,1,4,900
2006,1,5,2802
2006,2,0,5575
2006,2,1,59
2006,2,3,62
2006,2,4,4489
2006,2,5,965
2006,3,0,62
2006,3,1,4
2006,3,3,1
2006,3,4,42
2006,3,5,15
2006,4,0,3782
2006,4,1,54
2006,4,3,301
2006,4,4,1243
2006,4,5,2184
2006,5,0,1438
2006,5,1,173
2006,5,3,16
2006,5,4,716
2006,5,5,533
2006,6,0,2683
2006,6,1,122
2006,6,3,12
2006,6,4,371
2006,6,5,2178
2006,7,0,2496
2006,7,1,23
2006,7,3,21
2006,7,4,1491
2006,7,5,961
2006,8,0,1033
2006,8,1,24
2006,8,3,97
2006,8,4,691
2006,8,5,221
2006,9,0,5687
2006,9,1,160
2006,9,3,55
2006,9,4,3626
2006,9,5,1846
2006,10,0,4989
2006,10,1,43
2006,10,3,89
2006,10,4,3453
2006,10,5,1404
2006,11,0,1707
2006,11,3,15
2006,11,4,1252
2006,11,5,440
2006,12,0,4079
2006,12,1,19
2006,12,3,49
2006,12,4,2872
2006,12,5,1139
2006,13,0,6988
2006,13,1,6
2006,13,3,150
2006,13,4,5293
2006,13,5,1539
2006,14,0,788
2006,14,3,2
2006,14,4,750
2006,14,5,36
2006,15,0,2348
2006,15,3,4
2006,15,4,2127
2006,15,5,217
2006,16,0,343
2006,16,1,3
2006,16,3,4
2006,16,4,177
2006,16,5,159
2006,17,0,6476
2006,17,1,42
2006,17,3,143
2006,17,4,5265
2006,17,5,1026
2006,18,0,1848
2006,18,1,5
2006,18,3,10
2006,18,4,1195
2006,18,5,638
2007,0,0,8217
2007,0,1,217
2007,0,3,227
2007,0,4,4450
2007,0,5,3323
2007,1,0,3729
2007,1,1,37
2007,1,3,29
2007,1,4,875
2007,1,5,2788
2007,2,0,5451
2007,2,1,59
2007,2,3,64
2007,2,4,4366
2007,2,5,962
2007,3,0,62
2007,3,1,4
2007,3,3,1
2007,3,4,42
2007,3,5,15
2007,4,0,3755
2007,4,1,54
2007,4,3,317
2007,4,4,1201
2007,4,5,2183
2007,5,0,1395
2007,5,1,173
2007,5,3,16
2007,5,4,695
2007,5,5,511
2007,6,0,2675
2007,6,1,122
2007,6,3,13
2007,6,4,367
2007,6,5,2173
2007,7,0,2406
2007,7,1,23
2007,7,3,24
2007,7,4,1401
2007,7,5,958
2007,8,0,970
2007,8,1,24
2007,8,3,96
2007,8,4,623
2007,8,5,227
2007,9,0,5605
2007,9,1,160
2007,9,3,55
2007,9,4,3563
2007,9,5,1827
2007,10,0,4875
2007,10,1,43
2007,10,3,89
2007,10,4,3344
2007,10,5,1399
2007,11,0,1693
2007,11,3,15
2007,11,4,1236
2007,11,5,442
2007,12,0,3912
2007,12,1,19
2007,12,3,49
2007,12,4,2717
2007,12,5,1127
2007,13,0,6896
2007,13,1,6
2007,13,3,157
2007,13,4,5198
2007,13,5,1535
2007,14,0,703
2007,14,3,2
2007,14,4,666
2007,14,5,35
2007,15,0,2336
2007,15,3,9
2007,15,4,2116
2007,15,5,211
2007,16,0,339
2007,16,1,3
2007,16,3,4
2007,16,4,172
2007,16,5,160
2007,17,0,6403
2007,17,1,42
2007,17,3,148
2007,17,4,5186
2007,17,5,1027
2007,18,0,1810
2007,18,1,5
2007,18,3,10
2007,18,4,1159
2007,18,5,636
2008,0,0,8222
2008,0,1,217
2008,0,3,229
2008,0,4,4452
2008,0,5,3324
2008,1,0,3732
2008,1,1,37
2008,1,3,26
2008,1,4,884
2008,1,5,2785
2008,2,0,5385
2008,2,1,59
2008,2,3,64
2008,2,4,4298
2008,2,5,964
2008,3,0,60
2008,3,1,4
2008,3,3,1
2008,3,4,40
2008,3,5,15
2008,4,0,3776
2008,4,1,54
2008,4,3,329
2008,4,4,1211
2008,4,5,2182
2008,5,0,1375
2008,5,1,173
2008,5,3,22
2008,5,4,680
2008,5,5,500
2008,6,0,2672
2008,6,1,122
2008,6,3,14
2008,6,4,372
2008,6,5,2164
2008,7,0,2393
2008,7,1,23
2008,7,3,24
2008,7,4,1392
2008,7,5,954
2008,8,0,965
2008,8,1,24
2008,8,3,93
2008,8,4,621
2008,8,5,227
2008,9,0,5597
2008,9,1,160
2008,9,3,57
2008,9,4,3575
2008,9,5,1805
2008,10,0,4836
2008,10,1,43
2008,10,3,91
2008,10,4,3297
2008,10,5,1405
2008,11,0,1711
2008,11,3,18
2008,11,4,1241
2008,11,5,452
2008,12,0,3870
2008,12,1,19
2008,12,3,49
2008,12,4,2679
2008,12,5,1123
2008,13,0,6920
2008,13,1,6
2008,13,3,159
2008,13,4,5184
2008,13,5,1571
2008,14,0,707
2008,14,3,3
2008,14,4,669
2008,14,5,35
2008,15,0,2326
2008,15,3,11
2008,15,4,2108
2008,15,5,207
2008,16,0,338
2008,16,1,3
2008,16,3,4
2008,16,4,170
2008,16,5,161
2008,17,0,6394
2008,17,1,42
2008,17,3,145
2008,17,4,5182
2008,17,5,1025
2008,18,0,1794
2008,18,1,5
2008,18,3,16
2008,18,4,1142
2008,18,5,631
2009,0,0,8364
2009,0,1,217
2009,0,3,231
2009,0,4,4577
2009,0,5,3339
2009,1,0,3801
2009,1,1,37
2009,1,3,27
2009,1,4,935
2009,1,5,2802
2009,2,0,5623
2009,2,1,59
2009,2,3,67
2009,2,4,4527
2009,2,5,970
2009,3,0,64
2009,3,1,4
2009,3,3,1
2009,3,4,44
2009,3,5,15
2009,4,0,3832
2009,4,1,54
2009,4,3,346
2009,4,4,1237
2009,4,5,2195
2009,5,0,1406
2009,5,1,173
2009,5,3,21
2009,5,4,703
2009,5,5,509
2009,6,0,2693
2009,6,1,122
2009,6,3,16
2009,6,4,378
2009,6,5,2177
2009,7,0,2352
2009,7,1,23
2009,7,3,24
2009,7,4,1345
2009,7,5,960
2009,8,0,989
2009,8,1,24
2009,8,3,99
2009,8,4,641
2009,8,5,225
2009,9,0,5693
2009,9,1,160
2009,9,3,61
2009,9,4,3658
2009,9,5,1814
2009,10,0,4861
2009,10,1,43
2009,10,3,92
2009,10,4,3322
2009,10,5,1404
2009,11,0,1767
2009,11,3,18
2009,11,4,1283
2009,11,5,466
2009,12,0,3611
2009,12,1,19
2009,12,3,49
2009,12,4,2413
2009,12,5,1130
2009,13,0,7020
2009,13,1,6
2009,13,3,160
2009,13,4,5264
2009,13,5,1590
2009,14,0,689
2009,14,3,3
2009,14,4,651
2009,14,5,35
2009,15,0,2334
2009,15,3,11
2009,15,4,2123
2009,15,5,200
2009,16,0,346
2009,16,1,3
2009,16,3,4
2009,16,4,180
2009,16,5,159
2009,17,0,6472
2009,17,1,42
2009,17,3,151
2009,17,4,5234
2009,17,5,1045
2009,18,0,1824
2009,18,1,5
2009,18,3,14
2009,18,4,1167
2009,18,5,638
2010,0,0,8592
2010,0,1,217
2010,0,3,236
2010,0,4,4785
2010,0,5,3354
2010,1,0,3880
2010,1,1,37
2010,1,3,32
2010,1,4,1000
2010,1,5,2811
2010,2,0,5629
2010,2,1,59
2010,2,3,67
2010,2,4,4549
2010,2,5,954
2010,3,0,65
2010,3,1,4
2010,3,3,1
2010,3,4,44
2010,3,5,16
2010,4,0,3863
2010,4,1,54
2010,4,3,360
2010,4,4,1256
2010,4,5,2193
2010,5,0,1415
2010,5,1,173
2010,5,3,21
2010,5,4,712
2010,5,5,509
2010,6,0,2697
2010,6,1,122
2010,6,3,18
2010,6,4,388
2010,6,5,2169
2010,7,0,2468
2010,7,1,23
2010,7,3,25
2010,7,4,1464
2010,7,5,956
2010,8,0,1044
2010,8,1,24
2010,8,3,99
2010,8,4,693
2010,8,5,228
2010,9,0,5811
2010,9,1,160
2010,9,3,64
2010,9,4,3776
2010,9,5,1811
2010,10,0,5000
2010,10,1,43
2010,10,3,99
2010,10,4,3445
2010,10,5,1413
2010,11,0,1803
2010,11,3,18
2010,11,4,1328
2010,11,5,457
2010,12,0,3768
2010,12,1,19
2010,12,3,50
2010,12,4,2584
2010,12,5,1115
2010,13,0,7161
2010,13,1,6
2010,13,3,160
2010,13,4,5391
2010,13,5,1604
2010,14,0,790
2010,14,3,3
2010,14,4,751
2010,14,5,36
2010,15,0,2355
2010,15,3,12
2010,15,4,2129
2010,15,5,214
2010,16,0,355
2010,16,1,3
2010,16,3,4
2010,16,4,192
2010,16,5,156
2010,17,0,6535
2010,17,1,42
2010,17,3,150
2010,17,4,5271
2010,17,5,1072
2010,18,0,1865
2010,18,1,5
2010,18,3,15
2010,18,4,1205
2010,18,5,640
2011,0,0,8683
2011,0,1,217
2011,0,3,237
2011,0,4,4871
2011,0,5,3358
2011,1,0,3855
2011,1,1,37
2011,1,3,33
2011,1,4,1002
2011,1,5,2783
2011,2,0,5724
2011,2,1,59
2011,2,3,68
2011,2,4,4622
2011,2,5,975
2011,3,0,66
2011,3,1,4
2011,3,3,1
2011,3,4,45
2011,3,5,16
2011,4,0,3859
2011,4,1,54
2011,4,3,362
2011,4,4,1253
2011,4,5,2190
2011,5,0,1409
2011,5,1,173
2011,5,3,21
2011,5,4,709
2011,5,5,506
2011,6,0,2680
2011,6,1,122
2011,6,3,16
2011,6,4,374
2011,6,5,2168
2011,7,0,2495
2011,7,1,23
2011,7,3,25
2011,7,4,1491
2011,7,5,956
2011,8,0,1072
2011,8,1,24
2011,8,3,102
2011,8,4,717
2011,8,5,229
2011,9,0,5828
2011,9,1,160
2011,9,3,66
2011,9,4,3796
2011,9,5,1806
2011,10,0,5035
2011,10,1,43
2011,10,3,101
2011,10,4,3463
2011,10,5,1428
2011,11,0,1845
2011,11,3,18
2011,11,4,1365
2011,11,5,462
2011,12,0,3733
2011,12,1,19
2011,12,3,50
2011,12,4,2547
2011,12,5,1117
2011,13,0,7251
2011,13,1,6
2011,13,3,164
2011,13,4,5461
2011,13,5,1620
2011,14,0,804
2011,14,3,3
2011,14,4,766
2011,14,5,35
2011,15,0,2363
2011,15,3,16
2011,15,4,2148
2011,15,5,199
2011,16,0,362
2011,16,1,3
2011,16,3,4
2011,16,4,197
2011,16,5,158
2011,17,0,6604
2011,17,1,42
2011,17,3,157
2011,17,4,5349
2011,17,5,1056
2011,18,0,1892
2011,18,1,5
2011,18,3,21
2011,18,4,1229
2011,18,5,637
2012,0,0,8834
2012,0,1,217
2012,0,3,241
2012,0,4,5019
2012,0,5,3357
2012,1,0,3864
2012,1,1,37
2012,1,3,34
2012,1,4,1019
2012,1,5,2774
2012,2,0,5714
2012,2,1,59
2012,2,3,68
2012,2,4,4620
2012,2,5,967
2012,3,0,66
2012,3,1,4
2012,3,3,1
2012,3,4,45
2012,3,5,16
2012,4,0,3895
2012,4,1,54
2012,4,3,384
2012,4,4,1269
2012,4,5,2188
2012,5,0,1428
2012,5,1,173
2012,5,3,21
2012,5,4,729
2012,5,5,505
2012,6,0,2676
2012,6,1,122
2012,6,3,16
2012,6,4,372
2012,6,5,2166
2012,7,0,2545
2012,7,1,23
2012,7,3,31
2012,7,4,1538
2012,7,5,953
2012,8,0,1092
2012,8,1,24
2012,8,3,102
2012,8,4,736
2012,8,5,230
2012,9,0,5903
2012,9,1,160
2012,9,3,66
2012,9,4,3849
2012,9,5,1828
2012,10,0,5095
2012,10,1,43
2012,10,3,102
2012,10,4,3534
2012,10,5,1416
2012,11,0,1862
2012,11,3,18
2012,11,4,1370
2012,11,5,474
2012,12,0,3688
2012,12,1,19
2012,12,3,50
2012,12,4,2509
2012,12,5,1110
2012,13,0,7351
2012,13,1,6
2012,13,3,165
2012,13,4,5551
2012,13,5,1629
2012,14,0,854
2012,14,3,3
2012,14,4,815
2012,14,5,36
2012,15,0,2353
2012,15,3,20
2012,15,4,2131
2012,15,5,202
2012,16,0,365
2012,16,1,3
2012,16,3,4
2012,16,4,199
2012,16,5,159
2012,17,0,6634
2012,17,1,42
2012,17,3,158
2012,17,4,5375
2012,17,5,1059
2012,18,0,1888
2012,18,1,5
2012,18,3,19
2012,18,4,1223
2012,18,5,641
2013,0,0,9005
2013,0,1,217
2013,0,3,244
2013,0,4,5185
2013,0,5,3359
2013,1,0,3888
2013,1,1,37
2013,1,3,34
2013,1,4,1058
2013,1,5,2759
2013,2,0,5771
2013,2,1,59
2013,2,3,67
2013,2,4,4682
2013,2,5,963
2013,3,0,66
2013,3,1,4
2013,3,3,1
2013,3,4,45
2013,3,5,16
2013,4,0,3920
2013,4,1,54
2013,4,3,393
2013,4,4,1283
2013,4,5,2190
2013,5,0,1460
2013,5,1,173
2013,5,3,21
2013,5,4,756
2013,5,5,510
2013,6,0,2687
2013,6,1,122
2013,6,3,16
2013,6,4,380
2013,6,5,2169
2013,7,0,2618
2013,7,1,23
2013,7,3,38
2013,7,4,1598
2013,7,5,959
2013,8,0,1126
2013,8,1,24
2013,8,3,106
2013,8,4,768
2013,8,5,228
2013,9,0,5963
2013,9,1,160
2013,9,3,71
2013,9,4,3901
2013,9,5,1831
2013,10,0,5246
2013,10,1,43
2013,10,3,104
2013,10,4,3669
2013,10,5,1430
2013,11,0,1891
2013,11,3,18
2013,11,4,1390
2013,11,5,483
2013,12,0,3787
2013,12,1,19
2013,12,3,50
2013,12,4,2603
2013,12,5,1115
2013,13,0,7349
2013,13,1,6
2013,13,3,169
2013,13,4,5508
2013,13,5,1666
2013,14,0,863
2013,14,3,3
2013,14,4,824
2013,14,5,36
2013,15,0,2365
2013,15,3,20
2013,15,4,2124
2013,15,5,221
2013,16,0,373
2013,16,1,3
2013,16,3,4
2013,16,4,206
2013,16,5,160
2013,17,0,6635
2013,17,1,42
2013,17,3,160
2013,17,4,5366
2013,17,5,1067
2013,18,0,1921
2013,18,1,5
2013,18,3,19
2013,18,4,1255
2013,18,5,642
2014,0,0,9120
2014,0,1,217
2014,0,3,246
2014,0,4,5288
2014,0,5,3369
2014,1,0,3930
2014,1,1,37
2014,1,3,39
2014,1,4,1078
2014,1,5,2776
2014,2,0,5875
2014,2,1,59
2014,2,3,68
2014,2,4,4788
2014,2,5,960
2014,3,0,64
2014,3,1,4
2014,3,3,1
2014,3,4,43
2014,3,5,16
2014,4,0,3934
2014,4,1,54
2014,4,3,395
2014,4,4,1292
2014,4,5,2193
2014,5,0,1456
2014,5,1,173
2014,5,3,21
2014,5,4,749
2014,5,5,513
2014,6,0,2699
2014,6,1,122
2014,6,3,16
2014,6,4,385
2014,6,5,2176
2014,7,0,2634
2014,7,1,23
2014,7,3,38
2014,7,4,1614
2014,7,5,959
2014,8,0,1120
2014,8,1,24
2014,8,3,111
2014,8,4,756
2014,8,5,229
2014,9,0,6042
2014,9,1,160
2014,9,3,75
2014,9,4,3906
2014,9,5,1901
2014,10,0,5333
2014,10,1,43
2014,10,3,109
2014,10,4,3741
2014,10,5,1440
2014,11,0,1967
2014,11,3,21
2014,11,4,1443
2014,11,5,503
2014,12,0,3906
2014,12,1,19
2014,12,3,54
2014,12,4,2703
2014,12,5,1130
2014,13,0,7749
2014,13,1,6
2014,13,3,171
2014,13,4,5760
2014,13,5,1812
2014,14,0,866
2014,14,3,3
2014,14,4,827
2014,14,5,36
2014,15,0,2401
2014,15,3,20
2014,15,4,2152
2014,15,5,229
2014,16,0,375
2014,16,1,3
2014,16,3,4
2014,16,4,207
2014,16,5,161
2014,17,0,6807
2014,17,1,42
2014,17,3,163
2014,17,4,5441
2014,17,5,1161
2014,18,0,1972
2014,18,1,5
2014,18,3,20
2014,18,4,1280
2014,18,5,667
2015,0,0,9097
2015,0,1,217
2015,0,3,251
2015,0,4,5255
2015,0,5,3374
2015,1,0,3947
2015,1,1,37
2015,1,3,41
2015,1,4,1094
2015,1,5,2775
2015,2,0,5834
2015,2,1,59
2015,2,3,78
2015,2,4,4723
2015,2,5,974
2015,3,0,65
2015,3,1,4
2015,3,3,1
2015,3,4,44
2015,3,5,16
2015,4,0,3968
2015,4,1,54
2015,4,3,400
2015,4,4,1325
2015,4,5,2189
2015,5,0,1511
2015,5,1,173
2015,5,3,21
2015,5,4,806
2015,5,5,511
2015,6,0,2736
2015,6,1,122
2015,6,3,16
2015,6,4,422
2015,6,5,2176
2015,7,0,2750
2015,7,1,23
2015,7,3,38
2015,7,4,1737
2015,7,5,952
2015,8,0,1104
2015,8,1,24
2015,8,3,112
2015,8,4,735
2015,8,5,233
2015,9,0,6104
2015,9,1,160
2015,9,3,77
2015,9,4,3959
2015,9,5,1908
2015,10,0,5527
2015,10,1,43
2015,10,3,118
2015,10,4,3915
2015,10,5,1451
2015,11,0,1991
2015,11,3,21
2015,11,4,1463
2015,11,5,507
2015,12,0,4385
2015,12,1,19
2015,12,3,54
2015,12,4,3182
2015,12,5,1130
2015,13,0,7727
2015,13,1,6
2015,13,3,180
2015,13,4,5695
2015,13,5,1846
2015,14,0,869
2015,14,3,3
2015,14,4,830
2015,14,5,36
2015,15,0,2397
2015,15,3,23
2015,15,4,2141
2015,15,5,233
2015,16,0,371
2015,16,1,3
2015,16,3,4
2015,16,4,203
2015,16,5,161
2015,17,0,6754
2015,17,1,42
2015,17,3,170
2015,17,4,5366
2015,17,5,1176
2015,18,0,1978
2015,18,1,5
2015,18,3,25
2015,18,4,1281
2015,18,5,667
2016,0,0,9051
2016,0,1,217
2016,0,3,256
2016,0,4,5179
2016,0,5,3399
2016,1,0,3969
2016,1,1,37
2016,1,3,41
2016,1,4,1118
2016,1,5,2773
2016,2,0,5796
2016,2,1,59
2016,2,3,85
2016,2,4,4665
2016,2,5,987
2016,3,0,64
2016,3,1,4
2016,3,3,1
2016,3,4,43
2016,3,5,16
2016,4,0,3946
2016,4,1,54
2016,4,3,405
2016,4,4,1289
2016,4,5,2198
2016,5,0,1514
2016,5,1,173
2016,5,3,21
2016,5,4,801
2016,5,5,519
2016,6,0,2730
2016,6,1,122
2016,6,3,18
2016,6,4,414
2016,6,5,2176
2016,7,0,2726
2016,7,1,23
2016,7,3,40
2016,7,4,1683
2016,7,5,980
2016,8,0,1085
2016,8,1,24
2016,8,3,112
2016,8,4,711
2016,8,5,238
2016,9,0,6032
2016,9,1,160
2016,9,3,76
2016,9,4,3860
2016,9,5,1936
2016,10,0,5469
2016,10,1,43
2016,10,3,118
2016,10,4,3842
2016,10,5,1466
2016,11,0,1917
2016,11,3,22
2016,11,4,1383
2016,11,5,512
2016,12,0,4317
2016,12,1,19
2016,12,3,54
2016,12,4,3077
2016,12,5,1167
2016,13,0,7736
2016,13,1,6
2016,13,3,189
2016,13,4,5666
2016,13,5,1875
2016,14,0,828
2016,14,3,3
2016,14,4,791
2016,14,5,34
2016,15,0,2397
2016,15,3,23
2016,15,4,2133
2016,15,5,241
2016,16,0,364
2016,16,1,3
2016,16,3,4
2016,16,4,196
2016,16,5,161
2016,17,0,6722
2016,17,1,42
2016,17,3,171
2016,17,4,5319
2016,17,5,1190
2016,18,0,1956
2016,18,1,5
2016,18,3,29
2016,18,4,1253
2016,18,5,669
2017,0,0,8995
2017,0,1,217
2017,0,3,260
2017,0,4,5119
2017,0,5,3399
2017,1,0,3995
2017,1,1,37
2017,1,3,41
2017,1,4,1140
2017,1,5,2777
2017,2,0,5759
2017,2,1,59
2017,2,3,87
2017,2,4,4620
2017,2,5,993
2017,3,0,64
2017,3,1,4
2017,3,3,1
2017,3,4,43
2017,3,5,16
2017,4,0,3939
2017,4,1,54
2017,4,3,405
2017,4,4,1282
2017,4,5,2198
2017,5,0,1508
2017,5,1,173
2017,5,3,19
2017,5,4,798
2017,5,5,518
2017,6,0,2733
2017,6,1,122
2017,6,3,20
2017,6,4,422
2017,6,5,2169
2017,7,0,2689
2017,7,1,23
2017,7,3,41
2017,7,4,1650
2017,7,5,975
2017,8,0,1047
2017,8,1,24
2017,8,3,110
2017,8,4,674
2017,8,5,239
2017,9,0,6001
2017,9,1,160
2017,9,3,85
2017,9,4,3808
2017,9,5,1948
2017,10,0,5480
2017,10,1,43
2017,10,3,119
2017,10,4,3843
2017,10,5,1475
2017,11,0,1908
2017,11,3,22
2017,11,4,1371
2017,11,5,515
2017,12,0,4286
2017,12,1,19
2017,12,3,54
2017,12,4,3049
2017,12,5,1164
2017,13,0,7723
2017,13,1,6
2017,13,3,194
2017,13,4,5630
2017,13,5,1893
2017,14,0,788
2017,14,3,3
2017,14,4,751
2017,14,5,34
2017,15,0,2412
2017,15,3,25
2017,15,4,2139
2017,15,5,248
2017,16,0,358
2017,16,1,3
2017,16,3,4
2017,16,4,190
2017,16,5,161
2017,17,0,6712
2017,17,1,42
2017,17,3,177
2017,17,4,5278
2017,17,5,1215
2017,18,0,1990
2017,18,1,5
2017,18,3,37
2017,18,4,1277
2017,18,5,671
2018,0,0,8958
2018,0,1,217
2018,0,3,260
2018,0,4,5100
2018,0,5,3381
2018,1,0,3999
2018,1,1,37
2018,1,3,42
2018,1,4,1155
2018,1,5,2765
2018,2,0,5724
2018,2,1,59
2018,2,3,88
2018,2,4,4601
2018,2,5,976
2018,3,0,64
2018,3,1,4
2018,3,3,1
2018,3,4,43
2018,3,5,16
2018,4,0,3950
2018,4,1,54
2018,4,3,412
2018,4,4,1286
2018,4,5,2198
2018,5,0,1546
2018,5,1,173
2018,5,3,19
2018,5,4,838
2018,5,5,516
2018,6,0,2739
2018,6,1,122
2018,6,3,21
2018,6,4,432
2018,6,5,2164
2018,7,0,2681
2018,7,1,23
2018,7,3,42
2018,7,4,1634
2018,7,5,982
2018,8,0,1024
2018,8,1,24
2018,8,3,104
2018,8,4,662
2018,8,5,234
2018,9,0,6035
2018,9,1,160
2018,9,3,89
2018,9,4,3850
2018,9,5,1936
2018,10,0,5507
2018,10,1,43
2018,10,3,121
2018,10,4,3867
2018,10,5,1476
2018,11,0,1898
2018,11,3,25
2018,11,4,1365
2018,11,5,508
2018,12,0,4328
2018,12,1,19
2018,12,3,53
2018,12,4,3087
2018,12,5,1169
2018,13,0,7731
2018,13,1,6
2018,13,3,193
2018,13,4,5651
2018,13,5,1881
2018,14,0,784
2018,14,3,1
2018,14,4,746
2018,14,5,37
2018,15,0,2407
2018,15,3,21
2018,15,4,2135
2018,15,5,251
2018,16,0,358
2018,16,1,3
2018,16,4,194
2018,16,5,161
2018,17,0,6710
2018,17,1,42
2018,17,3,176
2018,17,4,5283
2018,17,5,1209
2018,18,0,2008
2018,18,1,5
2018,18,3,37
2018,18,4,1296
2018,18,5,670
2019,0,0,9012
2019,0,1,217
2019,0,3,264
2019,0,4,5151
2019,0,5,3380
2019,1,0,4000
2019,1,1,37
2019,1,3,42
2019,1,4,1159
2019,1,5,2762
2019,2,0,5705
2019,2,1,59
2019,2,3,90
2019,2,4,4584
2019,2,5,972
2019,3,0,64
2019,3,1,4
2019,3,3,1
2019,3,4,43
2019,3,5,16
2019,4,0,3937
2019,4,1,54
2019,4,3,425
2019,4,4,1270
2019,4,5,2188
2019,5,0,1544
2019,5,1,173
2019,5,3,19
2019,5,4,831
2019,5,5,521
2019,6,0,2735
2019,6,1,122
2019,6,3,21
2019,6,4,427
2019,6,5,2165
2019,7,0,2775
2019,7,1,23
2019,7,3,42
2019,7,4,1729
2019,7,5,981
2019,8,0,1119
2019,8,1,24
2019,8,3,103
2019,8,4,753
2019,8,5,239
2019,9,0,5979
2019,9,1,160
2019,9,3,90
2019,9,4,3771
2019,9,5,1958
2019,10,0,5591
2019,10,1,43
2019,10,3,124
2019,10,4,3951
2019,10,5,1473
2019,11,0,1893
2019,11,3,27
2019,11,4,1355
2019,11,5,511
2019,12,0,4310
2019,12,1,19
2019,12,3,53
2019,12,4,3063
2019,12,5,1175
2019,13,0,7811
2019,13,1,6
2019,13,3,187
2019,13,4,5754
2019,13,5,1864
2019,14,0,807
2019,14,3,1
2019,14,4,769
2019,14,5,37
2019,15,0,2418
2019,15,3,11
2019,15,4,2153
2019,15,5,254
2019,16,0,404
2019,16,1,3
2019,16,4,240
2019,16,5,161
2019,17,0,6757
2019,17,1,42
2019,17,3,163
2019,17,4,5344
2019,17,5,1208
2019,18,0,1999
2019,18,1,5
2019,18,3,41
2019,18,4,1284
2019,18,5,669
2020,0,0,9009
2020,0,1,217
2020,0,3,265
2020,0,4,5168
2020,0,5,3359
2020,1,0,4011
2020,1,1,37
2020,1,3,44
2020,1,4,1189
2020,1,5,2741
2020,2,0,5610
2020,2,1,59
2020,2,3,88
2020,2,4,4495
2020,2,5,968
2020,3,0,62
2020,3,1,4
2020,3,3,1
2020,3,4,41
2020,3,5,16
2020,4,0,3928
2020,4,1,54
2020,4,3,436
2020,4,4,1263
2020,4,5,2175
2020,5,0,1496
2020,5,1,173
2020,5,3,24
2020,5,4,781
2020,5,5,518
2020,6,0,2723
2020,6,1,122
2020,6,3,21
2020,6,4,422
2020,6,5,2158
2020,7,0,2779
2020,7,1,23
2020,7,3,43
2020,7,4,1734
2020,7,5,979
2020,8,0,1134
2020,8,1,24
2020,8,3,103
2020,8,4,772
2020,8,5,235
2020,9,0,5677
2020,9,1,160
2020,9,3,96
2020,9,4,3471
2020,9,5,1950
2020,10,0,5513
2020,10,1,43
2020,10,3,125
2020,10,4,3875
2020,10,5,1470
2020,11,0,1845
2020,11,3,27
2020,11,4,1305
2020,11,5,513
2020,12,0,4311
2020,12,1,19
2020,12,3,56
2020,12,4,3052
2020,12,5,1184
2020,13,0,7825
2020,13,1,6
2020,13,3,182
2020,13,4,5783
2020,13,5,1854
2020,14,0,787
2020,14,3,1
2020,14,4,749
2020,14,5,37
2020,15,0,2409
2020,15,3,10
2020,15,4,2139
2020,15,5,260
2020,16,0,408
2020,16,1,3
2020,16,4,245
2020,16,5,160
2020,17,0,6745
2020,17,1,42
2020,17,3,157
2020,17,4,5339
2020,17,5,1207
2020,18,0,2014
2020,18,1,5
2020,18,3,42
2020,18,4,1301
2020,18,5,666
